ID,Sequence,RRI_A,RRI_C,RRI_D,RRI_E,RRI_F,RRI_G,RRI_H,RRI_I,RRI_K,RRI_L,RRI_M,RRI_N,RRI_P,RRI_Q,RRI_R,RRI_S,RRI_T,RRI_V,RRI_W,RRI_Y
Seq_1,AAQRRGRVGRNPNQVGD,2,0,1,0,0,1,0,0,0,0,0,1,1,1,1.4,0,0,1,0,0
Seq_2,HRILARIRQMMT,1,0,0,0,0,0,1,1,0,1,1.67,0,0,1,1,0,1,0,0,0
Seq_3,RNPSQVGD,0,0,1,0,0,1,0,0,0,0,0,1,1,1,1,1,0,1,0,0
Seq_4,RVGRNPNQVGD,0,0,1,0,0,1,0,0,0,0,0,1,1,1,1,0,0,1,0,0
Seq_5,AAQRRGRIGRNPSQVGD,1.67,0,1,0,0,1,0,1,0,0,0,1,1,1,1.4,1,0,1,0,0
Seq_6,ACWAAGIKQEF,1.5,1,0,1,1,1,0,1,1,0,0,0,0,1,0,0,0,0,1,0
Seq_7,ACWGAGIKQEF,1,1,0,1,1,1,0,1,1,0,0,0,0,1,0,0,0,0,1,0
Seq_8,ACWWAGIKAEF,1,1,0,1,1,1,0,1,1,0,0,0,0,0,0,0,0,0,1.67,0
Seq_9,ACWWAGIKQAF,1,1,0,0,1,1,0,1,1,0,0,0,0,1,0,0,0,0,1.67,0
Seq_10,ACWWAGIRQEF,1,1,0,1,1,1,0,1,0,0,0,0,0,1,1,0,0,0,1.67,0
Seq_11,TAYALLKLAGRW,1,0,0,0,0,1,0,0,1,1.5,0,0,0,0,1,0,1,0,1,1
Seq_12,TAYFLAKLAGRW,1,0,0,0,1,1,0,0,1,1,0,0,0,0,1,0,1,0,1,1
Seq_13,TAYFLLKAAGRW,1.5,0,0,0,1,1,0,0,1,1.67,0,0,0,0,1,0,1,0,1,1
Seq_14,TAYFLLKLAGRA,1,0,0,0,1,1,0,0,1,1.5,0,0,0,0,1,0,1,0,0,1
Seq_15,TAYFLLKLAGRL,1,0,0,0,1,1,0,0,1,1.4,0,0,0,0,1,0,1,0,0,1
Seq_16,RGRRGIYR,0,0,0,0,0,1,0,1,0,0,0,0,0,0,1.4,0,0,0,0,1
Seq_17,RIGRNPSQVGD,0,0,1,0,0,1,0,1,0,0,0,1,1,1,1,1,0,1,0,0
Seq_18,AGAVVNDL,1,0,1,0,0,1,0,0,0,1,0,1,0,0,0,0,0,1.67,0,0
Seq_19,AAGAVVNDL,1.5,0,1,0,0,1,0,0,0,1,0,1,0,0,0,0,0,1.67,0,0
Seq_20,EQVLKAVTNVLSPVFPGGET,1,0,0,1,1,1.67,0,0,1,1,0,1,1,1,0,1,1,1,0,0
Seq_21,SNNTIAIPTNFSISITTEVM,1,0,0,1,1,0,0,1,0,0,1,1.5,1,0,0,1,1.4,1,0,0
Seq_22,AAWWAGIKQEF,1.5,0,0,1,1,1,0,1,1,0,0,0,0,1,0,0,0,0,1.67,0
Seq_23,FKLPLGINITNFRAILTAFS,1,0,0,0,1,1,0,1,1,1,0,1,1,0,1,1,1,0,0,0
Seq_24,LMRIRQMMT,0,0,0,0,0,0,0,1,0,1,1.5,0,0,1,1,0,1,0,0,0
Seq_25,CPFVKTQLC,0,1,0,0,1,0,0,0,1,1,0,0,1,1,0,0,1,1,0,0
Seq_26,VLYNSTFFSTFKCYGVSATK,1,1,0,0,1.5,1,0,0,1,1,0,1,0,0,0,1,1,1,0,1
Seq_27,GIGVTQNVLYENQKQIANQF,1,0,0,1,1,1.67,0,1,1,1,0,1,0,1,0,0,1,1,0,1
Seq_28,PALNCYWPLNDYGFYTTSGI,1,1,1,0,1,1,0,1,0,1,0,1,1,0,0,1,1.67,0,1,1
Seq_29,AAHLIDALYAEFLGGRVLTT,1.4,0,1,1,1,1.67,1,1,0,1,0,0,0,0,1,0,1.67,1,0,1
Seq_30,GLASTLTRWAHYNALIRAF,1,0,0,0,1,2,1,1,0,1,0,1,0,0,1,1,1,0,1,1
Seq_31,ATGQETAYFLLKLAGKA,1,0,0,1,1,1,0,0,1,1.5,0,0,0,1,0,0,1,0,0,1
Seq_32,ACWWAGIKQEA,1,1,0,1,0,1,0,1,1,0,0,0,0,1,0,0,0,0,1.67,0
Seq_33,KQRQNKPPSKPNNDFHF,0,0,1,0,1,0,1,0,1,0,0,1.5,1.5,1,1,1,0,0,0,0
Seq_34,NQIIEQLIKKEKVY,0,0,0,1,0,0,0,1.5,1.5,1,0,1,0,1,0,0,0,1,0,1
Seq_35,QKEGLHYTCSSHFPYSQYQF,0,1,0,1,1,1,1,0,1,1,0,0,1,1,0,1.5,1,0,0,1
Seq_36,KPPSKPNNDFHFEVFNFVP,0,0,1,1,1,0,1,0,1,0,0,1.5,1.4,0,0,1,0,1,0,0
Seq_37,IKKTYEEIKKTYEEIKKTYEEIKKTYEEIKKTYEE,0,0,0,1.83,0,0,0,1,1.67,0,0,0,0,0,0,0,1,0,0,1
Seq_38,LFYLVPGPGH,0,0,0,0,1,1,1,0,0,1,0,0,1,0,0,0,0,1,0,1
Seq_39,YQLLIRPIYKNI,0,0,0,0,0,0,0,1,1,1.67,0,1,1,1,1,0,0,0,0,1
Seq_40,FIHFRIGCQHSRIGI,0,1,0,0,1,1,1,1,0,0,0,0,0,1,1,1,0,0,0,0
Seq_41,LSELDDRADALQAGASQFETSAAKLKRKYWWKN,1.29,0,1.5,1,1,1,0,0,1,1,0,1,0,1,1,1,1,0,1.67,1
Seq_42,RRGRVGRNPNQVGD,0,0,1,0,0,1,0,0,0,0,0,1,1,1,1.4,0,0,1,0,0
Seq_43,TAAFLLKLAGRW,1.5,0,0,0,1,1,0,0,1,1.5,0,0,0,0,1,0,1,0,1,0
Seq_44,KQRQNKPPSKPNNDFHFEVFN,0,0,1,1,1,0,1,0,1,0,0,1.4,1.5,1,1,1,0,1,0,0
Seq_45,HFPRIWLHSLGQHIY,0,0,0,0,1,1,1,1,0,1,0,0,1,1,1,1,0,0,1,1
Seq_46,TASFLLKLAGRW,1,0,0,0,1,1,0,0,1,1.5,0,0,0,0,1,1,1,0,1,0
Seq_47,CSICSNNPTCWAICKRIPNKKPGKK,1,1,0,0,0,1,0,1,1.57,0,0,1.5,1,0,1,1,1,0,1,0
Seq_48,VPCSICSNNPTCWAICKRIPNKKPGKK,1,1,0,0,0,1,0,1,1.57,0,0,1.5,1,0,1,1,1,1,1,0
Seq_49,YQALIRMIYKNI,1,0,0,0,0,0,0,1,1,1,1,1,0,1,1,0,0,0,0,1
Seq_50,FGGASCCLYCRCHIDHPNPKGFCDLKGKY,1,1.33,1,0,1,1.4,1,1,1,1,0,1,1,0,1,1,0,0,0,1
Seq_51,GGASCCLYCRCH,1,1.4,0,0,0,1.67,1,0,0,1,0,0,0,0,1,1,0,0,0,1
Seq_52,RRGRIGRNPSQVGD,0,0,1,0,0,1,0,1,0,0,0,1,1,1,1.4,1,0,1,0,0
Seq_53,HRILMRARQMMT,1,0,0,0,0,0,1,1,0,1,1.5,0,0,1,1,0,1,0,0,0
Seq_54,TYGDTWAGVEAIIRI,1,0,1,1,0,1,0,1.5,0,0,0,0,0,0,1,0,1,1,1,1
Seq_55,AEAASQVTNTATIM,1.4,0,0,1,0,0,0,1,0,0,1,1,0,1,0,1,1,1,0,0
Seq_56,VRLGSISVIGIVRGKK,0,0,0,0,0,1,0,1,1.67,1,0,0,0,0,1,1,0,1,0,0
Seq_57,RSQKEGLHYTCSSHFPYSQYQFWK,0,1,0,1,1,1,1,0,1,1,0,0,1,1,1,1.4,1,0,1,1
Seq_58,AEASQVTNTATIM,1,0,0,1,0,0,0,1,0,0,1,1,0,1,0,1,1,1,0,0
Seq_59,HRILMRIRQMAT,1,0,0,0,0,0,1,1,0,1,1,0,0,1,1,0,1,0,0,0
Seq_60,YQLLIRMI,0,0,0,0,0,0,0,1,0,1.67,1,0,0,1,1,0,0,0,0,1
Seq_61,ESELVSQIIEQLIKK,0,0,0,1,0,0,0,1.5,1.67,1,0,0,0,1,0,1,0,1,0,0
Seq_62,IKKEKVYLAWVPAHKGIGN,1,0,0,1,0,1,1,1,1.4,1,0,1,1,0,0,0,0,1,1,1
Seq_63,IQAQPDQSESELVNQIIEQL,1,0,1,1,0,0,0,1.5,0,1,0,1,1,1,0,1,0,1,0,0
Seq_64,TAYFLLKLAARW,1.5,0,0,0,1,0,0,0,1,1.5,0,0,0,0,1,0,1,0,1,1
Seq_65,KAAKKAAKAAKKAAKWAKKAA,1.62,0,0,0,0,0,0,0,1.5,0,0,0,0,0,0,0,0,0,1,0
Seq_66,IKKTYEEIKKTYEEIKKTYEEIKKTYEEIERDWEMV,0,0,1,1.57,0,0,0,1,1.67,0,1,0,0,0,1,0,1,1,1,1
Seq_67,TAYFALKLAGRW,1,0,0,0,1,1,0,0,1,1,0,0,0,0,1,0,1,0,1,1
Seq_68,TAYFLLALAGRW,1,0,0,0,1,1,0,0,0,1.5,0,0,0,0,1,0,1,0,1,1
Seq_69,AEAMSQVANTATIM,1,0,0,1,0,0,0,1,0,0,1,1,0,1,0,1,1,1,0,0
Seq_70,PDAVYLHRIDLGPPISLERLDVGTNLGNAIAKLED,1,0,1,1,0,1,1,1,1,1,0,1,1.5,0,1,1,1,1,0,1
Seq_71,DAVYLHRIDLGPPISLERLDVGTNLQNAIAKLEDA,1,0,1,1,0,1,1,1,1,1,0,1,1.67,1,1,1,1,1,0,1
Seq_72,AVYLHRIDLGPPISLERLDVGTNLQNAIAKLEDAK,1,0,1,1,0,1,1,1,1,1,0,1,1.67,1,1,1,1,1,0,1
Seq_73,YTPNDITLNNSVALDPIDISIELNKAKSDLEESKE,1,0,1,1.4,0,0,0,1,1,1,0,1.4,1,0,0,1,1,1,0,1
Seq_74,TPNDITLNNSVALDPIDISIELNKAKSDLEESKEW,1,0,1,1.4,0,0,0,1,1,1,0,1.4,1,0,0,1,1,1,1,0
Seq_75,PNDITLNNSVALDPIDISIELNKAKSDLEESKEWI,1,0,1,1.4,0,0,0,1,1,1,0,1.4,1,0,0,1,1,1,1,0
Seq_76,NDITLNNSVALDPIDISIELNKAKSDLEESKEWIR,1,0,1,1.4,0,0,0,1,1,1,0,1.4,1,0,1,1,1,1,1,0
Seq_77,DITLNNSVALDPIDISIELNKAKSDLEESKEWIRR,1,0,1,1.4,0,0,0,1,1,1,0,1.5,1,0,1.67,1,1,1,1,0
Seq_78,NFYDPLVFPSDEFDASISQVNEKINQSLAFIRKSD,1,0,1,1,1,0,0,1,1,1,0,1,1,1,1,1,0,1,0,1
Seq_79,IEEINKKVEEIQKKIEELNKKAEELNKKLEELQKK,1,0,0,1.67,0,0,0,1,1.67,1,0,1,0,1,0,0,0,1,0,0
Seq_80,KWLDAFYKDVAKELEKAF,1,0,1,1,1,0,0,0,1,1,0,0,0,0,0,0,0,1,1,1
Seq_81,KAFEEVLAKKFYDKALWD,1,0,1,1.67,1,0,0,0,1.4,1,0,0,0,0,0,0,0,1,1,1
Seq_82,NKPFVFLM,0,0,0,0,1,0,0,0,1,1,1,2,1,0,0,0,0,1,0,0
Seq_83,AAAMSQVTN,2.33,0,0,0,0,0,0,0,0,0,1,1,0,1,0,1,1,1,0,0
Seq_84,AAYFLLKLAGRW,1.5,0,0,0,1,1,0,0,1,1.5,0,0,0,0,1,0,0,0,1,1
Seq_85,AEAIPMSIPPEVKFNKPFVF,1,0,0,1,1,0,0,1,1,0,1,1,1.4,0,0,1,0,1,0,0
Seq_86,LAAIPMSIPPEVKFNKPFVF,1.67,0,0,1,1,0,0,1,1,1,1,1,1.4,0,0,1,0,1,0,0
Seq_87,LEAIPMSIPPEVKFNKPAVF,1,0,0,1,1,0,0,1,1,1,1,1,1.4,0,0,1,0,1,0,0
Seq_88,LEAIPMSIPPEVKFNKPFAF,1,0,0,1,1,0,0,1,1,1,1,1,1.4,0,0,1,0,1,0,0
Seq_89,LEAIPMSIPPEVKFNKPFVA,1,0,0,1,1,0,0,1,1,1,1,1,1.4,0,0,1,0,1,0,0
Seq_90,INFYDPLVFPSDEFDASISQVNEKINQSLAFIRKS,1,0,1,1,1,0,0,1,1,1,0,1,1,1,1,1,0,1,0,1
Seq_91,IINFYDPLVFPSDEFDASISQVNEKINQSLAFIRK,1,0,1,1,1,0,0,1.33,1,1,0,1,1,1,1,1,0,1,0,1
Seq_92,YLHRIDLGPPISLERLDVGTNLGNAIAKLEDAKEL,1,0,1,1,0,1,1,1,1,1,0,1,1.67,0,1,1,1,1,0,1
Seq_93,ACWWAAIKQEF,1.5,1,0,1,1,0,0,1,1,0,0,0,0,1,0,0,0,0,1.67,0
Seq_94,HRILMRIRQMMA,1,0,0,0,0,0,1,1,0,1,1.5,0,0,1,1,0,0,0,0,0
Seq_95,GWWYKGRARAVSAVA,1,0,0,0,0,1,0,0,1,0,0,0,0,0,1,1,0,1,1.67,1
Seq_96,VYLHRIDLGPPISLERLDVGTNLQNAIAKLEDAKE,1,0,1,1,0,1,1,1,1,1,0,1,1.67,1,1,1,1,1,0,1
Seq_97,RMIYKNILFYLVPGPGHGAEPERRNIKYL,1,0,0,1,1,1,1,1,1,1,1,1,1,0,1.5,0,0,1,0,1
Seq_98,FHFEVFNFVPCSICSNNPTCWAICKRIPNKKPGKK,1,1,0,1,1,1,1,1,1.57,0,0,1.4,1,0,1,1,1,1,1,0
Seq_99,LPRRLHLEPAFLPYSVKAHEC,1,1,0,1,1,0,1,0,1,1,0,0,1,0,1.67,1,0,1,0,1
Seq_100,YLQELLGE,0,0,0,1,0,1,0,0,0,1.5,0,0,0,1,0,0,0,0,0,1
Seq_101,ILMAFSIDSPDSLEN,1,0,1,1,1,0,0,1,0,1,1,1,1,0,0,1,0,0,0,0
Seq_102,TLNNSVALDPIDISIELNKAKSDLEESKEWIRRSN,1,0,1,1.4,0,0,0,1,1,1,0,1.4,1,0,1.67,1,1,1,1,0
Seq_103,ILMCFSINSPNSLQN,0,1,0,0,1,0,0,1,0,1,1,1,1,1,0,1,0,0,0,0
Seq_104,YQLLIRAIYKNI,1,0,0,0,0,0,0,1,1,1.67,0,1,0,1,1,0,0,0,0,1
Seq_105,INLKAIAALAKKLL,1.4,0,0,0,0,0,0,1,1.5,1.4,0,1,0,0,0,0,0,0,0,0
Seq_106,AETVESCLAKPHTEN,1,1,0,1,0,0,1,0,1,1,0,1,1,0,0,1,1,1,0,0
Seq_107,GIFDKLAKEISIW,1,0,1,1,1,1,0,1,1,1,0,0,0,0,0,1,0,0,1,0
Seq_108,GLWEKIDKFASII,1,0,1,1,1,1,0,1.5,1,1,0,0,0,0,0,1,0,0,1,0
Seq_109,KRIVQRIKDFLR,0,0,1,0,1,0,0,1,1,1,0,0,0,1,1,0,0,1,0,0
Seq_110,ITLNNSVALDPIDISIELNKAKSDLEESKEWIRRS,1,0,1,1.4,0,0,0,1,1,1,0,1.5,1,0,1.67,1,1,1,1,0
Seq_111,ACWWAGIAQEF,1,1,0,1,1,1,0,1,0,0,0,0,0,1,0,0,0,0,1.67,0
Seq_112,YQDVNCTDVSTAIHADQLTP,1,1,1,0,0,0,1,1,0,1,0,1,1,1,0,1,1,1,0,1
Seq_113,FRPALIVRTKGTRL,1,0,0,0,1,1,0,1,1,1,0,0,1,0,1,0,1,1,0,0
Seq_114,PTTFMLKYDENGTITDAVDC,1,1,1,1,1,1,0,1,1,1,1,1,1,0,0,0,1.4,1,0,1
Seq_115,ATHTICDRNHTW,1,1,1,0,0,0,1,1,0,0,0,1,0,0,1,0,1,0,1,0
Seq_116,RLFDKIRQVIRKF,0,0,1,0,1,0,0,1,1,1,0,0,0,1,1,0,0,1,0,0
Seq_117,HRILMRIRQAMT,1,0,0,0,0,0,1,1,0,1,1,0,0,1,1,0,1,0,0,0
Seq_118,ARILMRIRQMMT,1,0,0,0,0,0,0,1,0,1,1.5,0,0,1,1,0,1,0,0,0
Seq_119,HRILMRIRQMMT,0,0,0,0,0,0,1,1,0,1,1.5,0,0,1,1,0,1,0,0,0
Seq_120,HRIAMRIRQMMT,1,0,0,0,0,0,1,1,0,0,1.5,0,0,1,1,0,1,0,0,0
Seq_121,VDKPDYRPRPRPPNM,0,0,1,0,0,0,0,0,1,0,1,1,1.33,0,1,0,0,1,0,1
Seq_122,WEDAVRWI,1,0,1,1,0,0,0,1,0,0,0,0,0,0,1,0,0,1,1,0
Seq_123,WEDWVRAI,1,0,1,1,0,0,0,1,0,0,0,0,0,0,1,0,0,1,1,0
Seq_124,GAWYKGRARPVSAVA,1,0,0,0,0,1,0,0,1,0,0,0,1,0,1,1,0,1,1,1
Seq_125,RPRLSHKGPMPF,0,0,0,0,1,1,1,0,1,1,1,0,1,0,1,1,0,0,0,0
Seq_126,DFRRLPGAFWQLRQP,1,0,1,0,1,1,0,0,0,1,0,0,1,1,1.5,0,0,0,1,0
Seq_127,CSIELSDIPLSVDFNTMID,0,1,1,1,1,0,0,1,0,1,1,1,1,0,0,1,1,1,0,0
Seq_128,TDVILMAFSIDSPDSLENI,1,0,1,1,1,0,0,1,0,1,1,1,1,0,0,1,1,1,0,0
Seq_129,TDVILMCFSI,0,1,1,0,1,0,0,1,0,1,1,0,0,0,0,1,1,1,0,0
Seq_130,TDVILMCFSIDSP,0,1,1,0,1,0,0,1,0,1,1,0,1,0,0,1,1,1,0,0
Seq_131,CFSIDSPDSLENI,0,1,1,1,1,0,0,1,0,1,0,1,1,0,0,1,0,0,0,0
Seq_132,ILMCFSIDS,0,1,1,0,1,0,0,1,0,1,1,0,0,0,0,1,0,0,0,0
Seq_133,ILMCFSID,0,1,1,0,1,0,0,1,0,1,1,0,0,0,0,1,0,0,0,0
Seq_134,AEPERRNIKYL,1,0,0,1,0,0,0,1,1,1,0,1,1,0,1.67,0,0,0,0,1
Seq_135,KGRGKQGGKVRAKAKTRSS,1,0,0,0,0,1.4,0,0,1,0,0,0,0,1,1,1.67,1,1,0,0
Seq_136,GRFKRFRKKFKKLFK,0,0,0,0,1,1,0,0,1.5,1,0,0,0,0,1,0,0,0,0,0
Seq_137,ILGPVLGLVSDTLDDVLGIL,0,0,1.5,0,0,1,0,1,0,1,0,0,1,0,0,1,1,1,0,0
Seq_138,CNDFRSKTC,0,1,1,0,1,0,0,0,1,0,0,1,0,0,1,1,1,0,0,0
Seq_139,GLKKLLGKLLKKLGKLLLK,0,0,0,0,0,1,0,0,1.44,1.86,0,0,0,0,0,0,0,0,0,0
Seq_140,GNNRPVYIPQPRPPHPRI,0,0,0,0,0,1,1,1,0,0,0,1.67,1.29,1,1,0,0,1,0,1
Seq_141,AKKAAKKAKKAAKKAKKWAKK,1.4,0,0,0,0,0,0,0,1.67,0,0,0,0,0,0,0,0,0,1,0
Seq_142,ACGWAGIKQEF,1,1,0,1,1,1,0,1,1,0,0,0,0,1,0,0,0,0,1,0
Seq_143,GKPRPYSPRPTSHPRPIRV,0,0,0,0,0,1,1,1,1,0,0,0,1,0,1,1,1,1,0,1
Seq_144,YQLLARMIYKNI,1,0,0,0,0,0,0,1,1,1.67,1,1,0,1,1,0,0,0,0,1
Seq_145,AVASVPRARGKYWWG,1,0,0,0,0,1,0,0,1,0,0,0,1,0,1,1,0,1,1.67,1
Seq_146,HRILMRIR,0,0,0,0,0,0,1,1,0,1,1,0,0,0,1,0,0,0,0,0
Seq_147,ECRSTSYAGAVVNDL,1,1,1,1,0,1,0,0,0,1,0,1,0,0,1,1,1,1.67,0,1
Seq_148,ALNCYWPLNDYGFYTTTGIGYQPYRVVVLSFEL,1,1,1,1,1,1,0,1,0,1,0,1,1,1,1,1,2.33,2.33,1,1
Seq_149,TRSSRAGLQFPVGRVHRLLRK,1,0,0,0,1,1,1,0,1,1.5,0,0,1,1,1,1.67,1,1,0,0
Seq_150,AKKAAKKAKKAAKKAKKAAKK,1.5,0,0,0,0,0,0,0,1.67,0,0,0,0,0,0,0,0,0,0,0
Seq_151,KRIVQRIKDFLRNLVPRTES,0,0,1,1,1,0,0,1,1,1,0,1,1,1,1,1,1,1,0,0
Seq_152,YQLLIRMIAKNI,1,0,0,0,0,0,0,1,1,1.67,1,1,0,1,1,0,0,0,0,1
Seq_153,RQRVEELSKFSKKGAAARRRK,2.33,0,0,1.67,1,1,0,0,1.4,1,0,0,0,1,2,1,0,1,0,0
Seq_154,ALQELLGQWLKDGGPSSGRPPPS,1,0,1,1,0,1.4,0,0,1,1.4,0,0,2.14,1,1,1.5,0,0,1,0
Seq_155,GIGKFLHSAGKFGKAFVGEIMKS,1,0,0,1,1,1,1,1,1,1,1,0,0,0,0,1,0,1,0,0
Seq_156,INNYTSLIGSLIEESQNQQEKNEQELLE,0,0,0,1.29,0,1,0,1,1,1.4,0,1.4,0,1.4,0,1,1,0,0,1
Seq_157,RPKHPIKHQGLPQEVLNENLLRF,0,0,0,1,1,1,1,1,1,1.4,0,1,1,1,1,0,0,1,0,0
Seq_158,VLDLIYSLHKQINRGLKKIVL,0,0,1,0,0,1,1,1,1.5,1,0,1,0,1,1,1,0,1,0,1
Seq_159,RQMRAWGQDYQHGGMGYSC,1,1,1,0,0,1.4,1,0,0,0,1,0,0,1,1,1,0,0,1,1
Seq_160,ILMCFSIDSP,0,1,1,0,1,0,0,1,0,1,1,0,1,0,0,1,0,0,0,0
Seq_161,GLNTLKKVFQGLHEAIKLINNHVQ,1,0,0,1,1,1,1,1,1.5,1,0,1.5,0,1,0,0,1,1,0,0
Seq_162,LLGDLLRKSKEKIGKEFKRIVQR,0,0,1,1,1,1,0,1,1,1.67,0,0,0,1,1,1,0,1,0,0
Seq_163,IWLTALKFLGKHAAKHLAKQQLSKL,1.4,0,0,0,1,1,1,1,1,1,0,0,0,1.67,0,1,1,0,1,0
Seq_164,PTSNHSPTSCPPTCPGYRWMCLRRF,0,1,0,0,1,1,1,0,0,1,1,1,1.33,0,1.5,1,1,0,1,1
Seq_165,ALDKAEESNSKADKVNVKLT,1,0,1,1.67,0,0,0,0,1,1,0,1,0,0,0,1,1,1,0,0
Seq_166,YQLLIRMAYKNI,1,0,0,0,0,0,0,1,1,1.67,1,1,0,1,1,0,0,0,0,1
Seq_167,SPAIFQSSMTKILEPFRKQN,1,0,0,1,1,0,0,1,1,1,1,1,1,1,1,1.5,1,0,0,0
Seq_168,RTGRGRRGIYR,0,0,0,0,0,1,0,1,0,0,0,0,0,0,1.33,0,1,0,0,1
Seq_169,HRALMRIRQMMT,1,0,0,0,0,0,1,1,0,1,1.5,0,0,1,1,0,1,0,0,0
Seq_170,HRILMRIRAMMT,1,0,0,0,0,0,1,1,0,1,1.5,0,0,0,1,0,1,0,0,0
Seq_171,GAWKNFWSSLRKGFYDGEAGRAIRR,1,0,1,1,1,1,0,1,1,1,0,1,0,0,1.4,1.67,0,0,1,1
Seq_172,YQLLIAMIYKNI,1,0,0,0,0,0,0,1,1,1.67,1,1,0,1,0,0,0,0,0,1
Seq_173,KKKKYRNIRRPG,0,0,0,0,0,1,0,1,3,0,0,1,1,0,1.5,0,0,0,0,1
Seq_174,AALYKKKIIKKLLES,1.67,0,0,1,0,0,0,1.67,2.11,1.5,0,0,0,0,0,1,0,0,0,1
Seq_175,NLVSGLIEARKYLEQLHRKLKNRKV,1,0,0,1,0,1,1,1,1,1,0,1,0,1,1,1,0,1,0,1
Seq_176,ACAWAGIKQEF,1,1,0,1,1,1,0,1,1,0,0,0,0,1,0,0,0,0,1,0
Seq_177,QQLLFIHFRIGCQHS,0,1,0,0,1,1,1,1,0,1.67,0,0,0,1.5,1,1,0,0,0,0
Seq_178,SWKSMAKKLKEYMEKLKQRA,1,0,0,1,0,0,0,0,1.29,1,1,0,0,1,1,1,0,0,1,1
Seq_179,GLRSKIWLWVLLMIWQESNKFKKM,0,0,0,1,1,1,0,1,1.4,1.4,1,1,0,1,1,1,0,1,1,0
Seq_180,PLVFPSDEFDASISQVNEKINQSLAFIRKSDELLH,1,0,1,1,1,0,1,1,1,1.4,0,1,1,1,1,1,0,1,0,0
Seq_181,PLSPPLRNTHPQAMQWNSTTF,1,0,0,0,1,0,1,0,0,1,1,1,1.4,1,1,1,1.5,0,1,0
Seq_182,AGERIVDIIA,1,0,1,1,0,1,0,1.5,0,0,0,0,0,0,1,0,0,1,0,0
Seq_183,YGAVVNDL,1,0,1,0,0,1,0,0,0,1,0,1,0,0,0,0,0,1.67,0,1
Seq_184,GWLKKIESIIDAF,1,0,1,1,1,2,0,1.5,1.67,1,0,0,0,0,0,1,0,0,1,0
Seq_185,STSYAGAVVNDL,1,0,1,0,0,1,0,0,0,1,0,1,0,0,0,1,1,1.67,0,1
Seq_186,ILPWKWPWWPWRR,0,0,0,0,0,0,0,1,1,1,0,0,1,0,1.67,0,0,0,1.33,0
Seq_187,YTSLIHSLIEESQNQQEKNEQELLELDKWASLANAA,1.4,0,1,1.29,0,0,1,1,1,1.29,0,1,0,1.4,0,1,1,0,1,1
Seq_188,CSSHFPYSQYQFWK,0,1,0,0,1,0,1,0,1,0,0,0,1,1,0,1.5,0,0,1,1
Seq_189,KNGRKLCLDLQAALY,1.67,1,1,0,0,1,0,0,1,1,0,1,0,1,1,0,0,0,0,1
Seq_190,RTQRRGRTGRGKPGIYR,0,0,0,0,0,1,0,1,1,0,0,0,1,1,1.29,0,1,0,0,1
Seq_191,WICEVLSDFK,0,1,1,1,1,0,0,1,1,1,0,0,0,0,0,1,0,1,1,0
Seq_192,CEVLSDFK,0,1,1,1,1,0,0,0,1,1,0,0,0,0,0,1,0,1,0,0
Seq_193,SWLRDIWDWICEV,0,1,1,1,0,0,0,1,0,1,0,0,0,0,1,1,0,1,1,0
Seq_194,SWLRDIWDWICE,0,1,1,1,0,0,0,1,0,1,0,0,0,0,1,1,0,0,1,0
Seq_195,SWLRDIWDWI,0,0,1,0,0,0,0,1,0,1,0,0,0,0,1,1,0,0,1,0
Seq_196,SWLRDIWD,0,0,1,0,0,0,0,1,0,1,0,0,0,0,1,1,0,0,1,0
Seq_197,LRDIWDWICEVLSDFK,0,1,1,1,1,0,0,1,1,1.67,0,0,0,0,1,1,0,1,1,0
Seq_198,DIWDWICEVLSDFK,0,1,1,1,1,0,0,1,1,1,0,0,0,0,0,1,0,1,1,0
Seq_199,WDWICEVLSDFK,0,1,1,1,1,0,0,1,1,1,0,0,0,0,0,1,0,1,1,0
Seq_200,ALQELLGEYIQWLKDGGPSSGRPPPS,1,0,1,1,0,1.4,0,1,1,1.4,0,0,2.14,1,1,1.5,0,0,1,1
Seq_201,IEESQNQQEKNEQELLELDKWASLWNWFNITNWLWL,1,0,1,1.29,1,0,0,1,1,1.29,0,1,0,1.4,0,1,1,0,1,0
Seq_202,VSTALPQWRIYSYAGDNI,1,0,1,0,0,1,0,1,0,1,0,1,1,1,1,1,1,1,1,1
Seq_203,ALPQWRIYSYAGDNIVTA,1,0,1,0,0,1,0,1,0,1,0,1,1,1,1,1,1,1,1,1
Seq_204,AGALMFAWLLLGLQGIFN,1,0,0,0,1,1,0,1,0,2,1,1,0,1,0,0,0,0,1,0
Seq_205,MASAGMQILGVVLTLLGW,1,0,0,0,0,1,0,1,0,1.4,1,0,0,1,0,1,1,1.67,1,0
Seq_206,MANSGLQLLGFSMALLGW,1,0,0,0,1,1,0,0,0,1.57,1,1,0,1,0,1,0,0,1,0
Seq_207,MASTGLELLGMTLAVLGW,1,0,0,1,0,1,0,0,0,1.33,1,0,0,0,0,1,1,1,1,0
Seq_208,KPNNDFHFEVFNFVPCSICSNNPTCWAICKRI,1,1,1,1,1,0,1,1,1.67,0,0,1.57,1,0,1,1,1,1,1,0
Seq_209,ARRAKRRARRAKRRARRKKRR,1,0,0,0,0,0,0,0,1.4,0,0,0,0,0,1.67,0,0,0,0,0
Seq_210,STQRRGRTGRGRRGIYR,0,0,0,0,0,1,0,1,0,0,0,0,0,1,1.44,2,1,0,0,1
Seq_211,LEAIAMSIPPEVKFNKPFVF,1,0,0,1,1,0,0,1,1,1,1,1,1.5,0,0,1,0,1,0,0
Seq_212,LEAIPMSAPPEVKFNKPFVF,1,0,0,1,1,0,0,1,1,1,1,1,1.4,0,0,1,0,1,0,0
Seq_213,ACFPWGKEYCGGK,1,1,0,1,1,1.5,0,0,1,0,0,0,1,0,0,0,0,0,1,1
Seq_214,YAGAVVNDLL,1,0,1,0,0,1,0,0,0,1.67,0,1,0,0,0,0,0,1.67,0,1
Seq_215,ATCYCRTGRCATRESRSGVCEISGRLYRLCCR,1,1.29,0,1,0,1,0,1,0,1,0,0,0,0,1,1,1,1,0,1
Seq_216,GWIGAIVSTALPQWRIYS,1,0,0,0,0,1,0,1,0,1,0,0,1,1,1,1,1,1,1,1
Seq_217,GICRCICGRGICRCICGRIGGRVPGVGVPGVGHHHHHH,0,1,0,0,0,1.18,4.33,1,0,0,0,0,1,0,1,0,0,1,0,0
Seq_218,TAYFLLKLAGRW,1,0,0,0,1,1,0,0,1,1.5,0,0,0,0,1,0,1,0,1,1
Seq_219,GIIDIAKKLFESW,1,0,1,1,1,1,0,1.5,1.67,1,0,0,0,0,0,1,0,0,1,0
Seq_220,FYDPLVFPSDEFDASISQVNEKINQSLAFIRKSDE,1,0,1,1,1.4,0,0,1,1,1,0,1,1,1,1,1,0,1,0,1
Seq_221,RRLHLEPAFLPYSVKAHECC,1,1.67,0,1,1,0,1,0,1,1,0,0,1,0,1.67,1,0,1,0,1
Seq_222,RRRRRRRRHPAEPGSTVTTQNTASQTMS,1,0,0,1,0,1,1,0,0,0,1,1,1,1,5.67,1,1.33,1,0,0
Seq_223,LLDCWVRLGRYLLRRLKTPFT,0,1,1,0,1,1,0,0,1,1.5,0,0,1,0,1.4,0,1,1,1,1
Seq_224,LDCWVRLGRYLLRRLKTPFTRL,0,1,1,0,1,1,0,0,1,1.29,0,0,1,0,1.33,0,1,1,1,1
Seq_225,VRLGRYLLRRLKTPFTRL,0,0,0,0,1,1,0,0,1,1.33,0,0,1,0,1.33,0,1,1,0,1
Seq_226,DWLKAFYDKVAEKLKEAF,1,0,1,1,1,0,0,0,1,1,0,0,0,0,0,0,0,1,1,1
Seq_227,QRPRLSHKGPMPF,0,0,0,0,1,1,1,0,1,1,1,0,1,1,1,1,0,0,0,0
Seq_228,YKFACPECPKRFMRSDHLSKHITLHELLGEERR,1,1,1,1.4,1,1,1,1,1,1.4,1,0,1,0,1.4,1,1,0,0,1
Seq_229,VFPSDEFDASISQVNEKINQSLAFIRKSDELLHNV,1,0,1,1,1,0,1,1,1,1.5,0,1,1,1,1,1,0,1,0,0
Seq_230,GSRVQIRCRFRNSTR,0,1,0,0,1,1,0,1,0,0,0,1,0,1,1,1,1,1,0,0
Seq_231,TDVILMCFSIDSPDSLEAI,1,1,1,1,1,0,0,1,0,1,1,0,1,0,0,1,1,1,0,0
Seq_232,ARRAWRRARRAARRARRAARR,1.4,0,0,0,0,0,0,0,0,0,0,0,0,0,1.67,0,0,0,1,0
Seq_233,FKPSSPPSITLW,0,0,0,0,1,0,0,1,1,1,0,0,1.5,0,0,1.5,1,0,1,0
Seq_234,LEAIPMSIPPEVKFAKPFVF,1,0,0,1,1,0,0,1,1,1,1,0,1.4,0,0,1,0,1,0,0
Seq_235,FLQDSKAELEKARKILSEVG,1,0,1,1,1,1,0,1,1,1,0,0,0,1,1,1,0,1,0,0
Seq_236,VILMCFSIDSPDSLENI,0,1,1,1,1,0,0,1,0,1,1,1,1,0,0,1,0,1,0,0
Seq_237,FLFPLITSFLSKVL,0,0,0,0,1,0,0,1,1,1,0,0,1,0,0,1,1,1,0,0
Seq_238,LEAIPMSIAPEVKFNKPFVF,1,0,0,1,1,0,0,1,1,1,1,1,1,0,0,1,0,1,0,0
Seq_239,ILPWKWPWWPWPP,0,0,0,0,0,0,0,1,1,1,0,0,1.33,0,0,0,0,0,1.33,0
Seq_240,TDVILMCFSIDSADSLENI,1,1,1,1,1,0,0,1,0,1,1,1,0,0,0,1,1,1,0,0
Seq_241,LLDCWVRLGRYLLRRLKTPFTRL,0,1,1,0,1,1,0,0,1,1.44,0,0,1,0,1.33,0,1,1,1,1
Seq_242,SMEKLAGFGAVGAGATAEETRRMLHRAFDTLA,1,0,1,1.5,1,1,1,0,1,1,1,0,0,0,1.5,1,1,1,0,0
Seq_243,LEAIPMSIPPEVKFNKPFVF,1,0,0,1,1,0,0,1,1,1,1,1,1.4,0,0,1,0,1,0,0
Seq_244,YQLAIRMIYKNI,1,0,0,0,0,0,0,1,1,1,1,1,0,1,1,0,0,0,0,1
Seq_245,QYGSFCTQLNRALSGIAAEQ,1.5,1,0,1,1,1,0,1,0,1,0,1,0,1,1,1,1,0,0,1
Seq_246,SWLRDIWDWISEVLSDFK,0,0,1,1,1,0,0,1,1,1,0,0,0,0,1,1,0,1,1,0
Seq_247,ATCYCRRGRCATRESLSGVCEISGRLYRLCCR,1,1.29,0,1,0,1,0,1,0,1,0,0,0,0,1.25,1,1,1,0,1
Seq_248,ISLERLDVGTNLGNAIAKLEDAKELLESSDQILRS,1,0,1,1,0,1,0,1,1,1.25,0,1,0,1,1,1.4,1,1,0,0
Seq_249,EFDASISQVNEKINQSLAFIRKSDELLHNVNAGKS,1,0,1,1,1,1,1,1,1,1.5,0,1,0,1,1,1,0,1,0,0
Seq_250,ACFPWGNTWCGGK,1,1,0,0,1,1.5,0,0,1,0,0,1,1,0,0,0,1,0,1,0
Seq_251,SWLRDIWDWIEEVLSDFK,0,0,1,1.67,1,0,0,1,1,1,0,0,0,0,1,1,0,1,1,0
Seq_252,ARRAKRRARRAARRARRKARR,1.25,0,0,0,0,0,0,0,1,0,0,0,0,0,1.67,0,0,0,0,0
Seq_253,LEAIPASIPPEVKFNKPFVF,1,0,0,1,1,0,0,1,1,1,0,1,1.4,0,0,1,0,1,0,0
Seq_254,LEAIPMSIPPEVKFNKAFVF,1,0,0,1,1,0,0,1,1,1,1,1,1.5,0,0,1,0,1,0,0
Seq_255,SWLRDIWDWIREVLSDFK,0,0,1,1,1,0,0,1,1,1,0,0,0,0,1,1,0,1,1,0
Seq_256,AFLGWIGAIVSTALPQWR,1,0,0,0,1,1,0,1,0,1,0,0,1,1,1,1,1,1,1,0
Seq_257,ILMCFSIDSPDSL,0,1,1,0,1,0,0,1,0,1,1,0,1,0,0,1,0,0,0,0
Seq_258,SLERLDVGTNLGNAIAKLEDAKELLESSDQILRSM,1,0,1,1,0,1,0,1,1,1.25,1,1,0,1,1,1.4,1,1,0,0
Seq_259,RRLQVGGGTLKFFLT,0,0,0,0,1.67,2.33,0,0,1,1,0,0,0,1,1.67,0,1,1,0,0
Seq_260,WVRLGRYLLRRLKTPFTR,0,0,0,0,1,1,0,0,1,1.4,0,0,1,0,1.33,0,1,1,1,1
Seq_261,NADIIKSLIRKTIINASKNTASLSILQHLYVLRS,1,0,1,0,0,0,1,1.5,1,1,0,1,0,1,1,1,1,1,0,1
Seq_262,KPPSKPNNDFHFEVFNFVPCSICSNNPTCWAICKRI,1,1,1,1,1,0,1,1,1.5,0,0,1.57,1.33,0,1,1,1,1,1,0
Seq_263,WQCLTLTHRGFVLLTITVLR,0,1,0,0,1,1,1,1,0,1.33,0,0,0,1,1,0,1,1,1,0
Seq_264,WNSLKIDNLDV,0,0,1,0,0,0,0,1,1,1,0,1,0,0,0,1,0,1,2,0
Seq_265,RGGRLCYCRRRFCVCVGR,0,1,0,0,1,1.5,0,0,0,1,0,0,0,0,1.89,0,0,1,0,1
Seq_266,GLFDIIKKIAESW,1,0,1,1,1,1,0,1.5,1.67,1,0,0,0,0,0,1,0,0,1,0
Seq_267,ATCYCRTGRCATRESLSGVCEIRGRLYRLCCR,1,1.29,0,1,0,1,0,1,0,1,0,0,0,0,1,1,1,1,0,1
Seq_268,ATCYCRTGRCATRESLSGVCEISGRLYRLCCR,1,1.29,0,1,0,1,0,1,0,1,0,0,0,0,1,1,1,1,0,1
Seq_269,TDVALMCFSIDSPDSLENI,1,1,1,1,1,0,0,1,0,1,1,1,1,0,0,1,1,1,0,0
Seq_270,GIWSDLAEIIKKF,1,0,1,1,1,2,0,1.5,1.67,1,0,0,0,0,0,1,0,0,1,0
Seq_271,SWLRDIWDWICEVL,0,1,1,1,0,0,0,1,0,1,0,0,0,0,1,1,0,1,1,0
Seq_272,LPRRLHLEPAFLPYSVKAHECC,1,1.67,0,1,1,0,1,0,1,1,0,0,1,0,1.67,1,0,1,0,1
Seq_273,TLKPIFKLPLGINITNFR,0,0,0,0,1,1,0,1,1,1,0,1,1,0,1,0,1,0,0,0
Seq_274,LFRLIKSLIKRLVSAFK,1,0,0,0,1,0,0,1,1,1.4,0,0,0,0,1,1,0,1,0,0
Seq_275,LQDSGLEVNIVTDSQYALGI,1,0,1,1,0,1,0,1,0,1,0,1,0,1,0,1,1,1,0,1
Seq_276,YQLLIRMIYANI,1,0,0,0,0,0,0,1,0,1.67,1,1,0,1,1,0,0,0,0,1
Seq_277,YQLLIRMIYKNA,1,0,0,0,0,0,0,1,1,1.67,1,1,0,1,1,0,0,0,0,1
Seq_278,LEAIPMSIPPAVKFNKPFVF,1,0,0,1,1,0,0,1,1,1,1,1,1.4,0,0,1,0,1,0,0
Seq_279,LEAIPMSIPPEVKFNAPFVF,1,0,0,1,1,0,0,1,1,1,1,1,1.4,0,0,1,0,1,0,0
Seq_280,SKEKIGKEFKRIVQRIKDFLR,0,0,1,1,1,1,0,1,1,1,0,0,0,1,1,2,0,1,0,0
Seq_281,GWFDIIKKIASEL,1,0,1,1,1,1,0,1.5,1.67,1,0,0,0,0,0,1,0,0,1,0
Seq_282,LEAIPMSIPPEAKFNKPFVF,1,0,0,1,1,0,0,1,1,1,1,1,1.4,0,0,1,0,1,0,0
Seq_283,FLFAFRIFKRVFKKFRKLFKRAF,1,0,0,0,1,0,0,1,1.33,1,0,0,0,0,1,0,0,1,0,0
Seq_284,IPESSELTLQELLGEERR,0,0,0,1.33,0,1,0,1,0,1.4,0,0,1,1,1.67,1.67,1,0,0,0
Seq_285,GFLDIIEKIAKSW,1,0,1,1,1,1,0,1.5,1,1,0,0,0,0,0,1,0,0,1,0
Seq_286,GPPISLERLDVGTNLGNAIAKLEDAKELLESSDQI,1,0,1,1,0,1,0,1,1,1.29,0,1,1.67,1,1,1.5,1,1,0,0
Seq_287,ALLGRMKG,1,0,0,0,0,1,0,0,1,1.67,1,0,0,0,1,0,0,0,0,0
Seq_288,EELRVRLASHLRKLRKRLLRDADDLQKRLAVY,1,0,1.5,1.67,0,0,1,0,1,1.22,0,0,0,1,1,1,0,1,0,1
Seq_289,CEEIRARLSTHLRKMRKRLMRDADDLQKRLAVY,1,1,1.5,1.67,0,0,1,1,1,1,1,0,0,1,1,1,1,1,0,1
Seq_290,CEEQAQQIRLQAEAFQARLKSWFEPLVEDM,1,1,1,1.33,1,0,0,1,1,1,1,0,1,1.33,1,1,0,1,1,0
Seq_291,CVRLASHLRKLRKRLLRDADDL,1,1,1.5,0,0,0,1,0,1,1.29,0,0,0,0,1,1,0,1,0,0
Seq_292,CIRLQAEAFQARLKSWFEPLV,1,1,0,1,1,0,0,1,1,1,0,0,1,1,1,1,0,1,1,0
Seq_293,LRVRLASHLRKLRKRLLRDADDLQKRLAVY,1,0,1.5,0,0,0,1,0,1,1.22,0,0,0,1,1,1,0,1,0,1
Seq_294,EELRVRLASHLRKLRKRLLRDADDL,1,0,1.5,1.67,0,0,1,0,1,1.25,0,0,0,0,1,1,0,1,0,0
Seq_295,VRLASHLRKLRKRLLRDADDLQKRLAVY,1,0,1.5,0,0,0,1,0,1,1.25,0,0,0,1,1,1,0,1,0,1
Seq_296,CLRKLRKRLLRC,0,1,0,0,0,0,0,0,1,1.4,0,0,0,0,1,0,0,0,0,0
Seq_297,ATSSANSKA,1,0,0,0,0,0,0,0,1,0,0,1,0,0,0,1.5,1,0,0,0
Seq_298,LLDCWVRLGRYLLRRLKT,0,1,1,0,0,1,0,0,1,1.5,0,0,0,0,1.4,0,1,1,1,1
Seq_299,VALDPIDISIELNKAKSDLEESKEWIRR,1,0,1,1.4,0,0,0,1,1,1,0,1,1,0,1.67,1,0,1,1,0
Seq_300,AEAMSQVTNTATIM,1,0,0,1,0,0,0,1,0,0,1,1,0,1,0,1,1,1,0,0
Seq_301,TDVILMCFSIDSPDSLANI,1,1,1,0,1,0,0,1,0,1,1,1,1,0,0,1,1,1,0,0
Seq_302,FKCRRWQWRMKKLGAPSITCVRRAFA,1,1,0,0,1,1,0,1,1.5,1,1,0,1,1,1.57,1,1,1,1,0
Seq_303,HVTTTFAPPPPR,1,0,0,0,1,0,1,0,0,0,0,0,3,0,1,0,2.33,1,0,0
Seq_304,YRWRGPTAAFLSLV,1.67,0,0,0,1,1,0,0,0,1,0,0,1,0,1,1,1,1,1,1
Seq_305,RIILGQCIKREAEAAIEQIFRTKYNDSH,1.5,1,1,1,1,1,1,1.33,1,1,0,1,0,1,1,1,1,0,0,1
Seq_306,FNVALDQVFESIENSQALVDQSNRILSSAE,1,0,1,1,1.67,0,0,1,0,1,0,1,0,1,1,1.33,0,1,0,0
Seq_307,FNVALDQVFESIENSQALVDQSNRILSSAEKGN,1,0,1,1,1,1,0,1,1,1,0,1,0,1,1,1.33,0,1,0,0
Seq_308,NVALDQVFESIENSQALVDQSNRILSSA,1,0,1,1,1,0,0,1,0,1,0,1,0,1,1,1.33,0,1,0,0
Seq_309,QLLIRMIYKNILFYLVPGPGHGAEPERRNIKYL,1,0,0,1,1,1,1,1,1,1.33,1,1,1,1,1.5,0,0,1,0,1
Seq_310,FILAFLGWIGAIVSTALP,1,0,0,0,1,1,0,1,0,1,0,0,1,0,0,1,1,1,1,0
Seq_311,FAIAIKAIKKAIKKIKKAIKKAI,1,0,0,0,1,0,0,1,1.62,0,0,0,0,0,0,0,0,0,0,0
Seq_312,CFLNITNSHVSILQEAPPLENAV,1,1,0,1,1,0,1,1,0,1,0,1,1.67,1,0,1,1,1,0,0
Seq_313,ATCYCRTGRCATRESLSGVCRISGRLYRLCCR,1,1.29,0,1,0,1,0,1,0,1,0,0,0,0,1,1,1,1,0,1
Seq_314,DPLVFPSDEFDASISQVNEKINQSLAFIRKSDELL,1,0,1,1,1,0,0,1,1,1.4,0,1,1,1,1,1,0,1,0,0
Seq_315,FPSDEFDASISQVNEKINQSLAFIRKSDELLHNVN,1,0,1,1,1,0,1,1,1,1.5,0,1,1,1,1,1,0,1,0,0
Seq_316,DASISQVNEKINQSLAFIRKSDELLHNVNAGKSTT,1,0,1,1,1,1,1,1,1,1.5,0,1,0,1,1,1,1.67,1,0,0
Seq_317,RWMVWRHWFHRLRLPYNPGKNKQNQQWP,0,0,0,0,1,1,1,0,1,1,1,1,1,1.5,1,0,0,1,1,1
Seq_318,CTEEHIVATELVIQEMYIKINVKNSP,1,1,0,1.4,0,0,1,1,1,1,1,1,1,1,0,1,1,1,0,1
Seq_319,YALLIRMIYKNI,1,0,0,0,0,0,0,1,1,1.67,1,1,0,0,1,0,0,0,0,1
Seq_320,GKKYRRFRWKFKFGKWFWFG,0,0,0,0,1,1,0,0,1.33,0,0,0,0,0,1.5,0,0,0,1,1
Seq_321,KRKRAVKRVGRRLKKKLARKIARLGVAF,1,0,0,0,1,1,0,1,1.8,1,0,0,0,0,1.25,0,0,1,0,0
Seq_322,MANAGLQLLGFILAFL,1,0,0,0,1,1,0,1,0,1.33,2,1,0,1,0,0,0,0,0,0
Seq_323,TDVILMCFSIDSPDSLENI,0,1,1,1,1,0,0,1,0,1,1,1,1,0,0,1,1,1,0,0
Seq_324,RGILIHNTIFGEQVF,0,0,0,1,1,1,1,1,0,1,0,1,0,1,1,0,1,1,0,0
Seq_325,GIKEWKRIVQRIKDFLRNLV,0,0,1,1,1,1,0,1,1,1,0,1,0,1,1,0,0,1,1,0
Seq_326,ILMCFSIDSPDSLENI,0,1,1,1,1,0,0,1,0,1,1,1,1,0,0,1,0,0,0,0
Seq_327,VFQFLGRIIHHVGNFVHGFSHVF,0,0,0,0,1,1,1.4,1.67,0,1,0,1,0,1,1,1,0,1,0,0
Seq_328,FALALKALKKALKKLKKALKKAL,1,0,0,0,1,0,0,0,1.62,1,0,0,0,0,0,0,0,0,0,0
Seq_329,KPPSKPNNDFHFEVFNF,0,0,1,1,1,0,1,0,1,0,0,1.5,1.5,0,0,1,0,1,0,0
Seq_330,SGIVQQQNNLLRAIEAQQHLLQLTVWGIKQLQARIL,1,0,0,1,0,1,1,1,1,1.44,0,1.67,0,1.83,1,1,1,1,1,0
Seq_331,IYWNVSGW,0,0,0,0,0,1,0,1,0,0,0,1,0,0,0,1,0,1,1,1
Seq_332,ELVNQIIEQLIKKEKVYLAW,1,0,0,1,0,0,0,1.5,1.5,1,0,1,0,1,0,0,0,1,1,1
Seq_333,TDVILMCFAIDSPDSLENI,1,1,1,1,1,0,0,1,0,1,1,1,1,0,0,1,1,1,0,0
Seq_334,SWLRDIWDWICKVLSDFK,0,1,1,0,1,0,0,1,1,1,0,0,0,0,1,1,0,1,1,0
Seq_335,CAGKRKSG,1,1,0,0,0,1,0,0,1,0,0,0,0,0,1,1,0,0,0,0
Seq_336,AALEAKICHQIEYYFGDF,1.5,1,1,1,1,1,1,1,1,1,0,0,0,1,0,0,0,0,0,1.67
Seq_337,TDAILMCFSIDSPDSLENI,1,1,1,1,1,0,0,1,0,1,1,1,1,0,0,1,1,0,0,0
Seq_338,LGPPISLERLDVGTNLGNAIAKLEDAKELLESSDQ,1,0,1,1,0,1,0,1,1,1.25,0,1,1.67,1,1,1.5,1,1,0,0
Seq_339,RAVWRHSVATPSHSV,1,0,0,0,0,0,1,0,0,0,0,0,1,0,1,1,1,1,1,0
Seq_340,SLLGRMKG,0,0,0,0,0,1,0,0,1,1.67,1,0,0,0,1,1,0,0,0,0
Seq_341,ILMCFSIDSPDS,0,1,1,0,1,0,0,1,0,1,1,0,1,0,0,1,0,0,0,0
Seq_342,TDVILMCASIDSPDSLENI,1,1,1,1,0,0,0,1,0,1,1,1,1,0,0,1,1,1,0,0
Seq_343,NNSVALDPIDISIELNKAKSDLEESKEWIRRSNQK,1,0,1,1.4,0,0,0,1,1,1,0,1.4,1,1,1.67,1,0,1,1,0
Seq_344,YDPLVFPSDEFDASISQVNEKINQSLAFIRKSDEL,1,0,1,1,1,0,0,1,1,1,0,1,1,1,1,1,0,1,0,1
Seq_345,PSDEFDASISQVNEKINQSLAFIRKSDELLHNVNA,1,0,1,1,1,0,1,1,1,1.5,0,1,1,1,1,1,0,1,0,0
Seq_346,SDEFDASISQVNEKINQSLAFIRKSDELLHNVNAG,1,0,1,1,1,1,1,1,1,1.5,0,1,0,1,1,1,0,1,0,0
Seq_347,ACFPWGNQWCGGK,1,1,0,0,1,1.5,0,0,1,0,0,1,1,1,0,0,0,0,1,0
Seq_348,AWDFGSVGGLFTSLGKAVHQVFGSVYTIM,1,0,1,0,1,1.33,1,1,1,1,1,0,0,1,0,1,1,1,1,1
Seq_349,ALDKAEESNSKLDKVNVKLT,1,0,1,1.67,0,0,0,0,1,1,0,1,0,0,0,1,1,1,0,0
Seq_350,PDIVIYQYMDDLYVGSDLEI,0,0,1.4,1,0,1,0,1,0,1,1,0,1,1,0,1,0,1,0,1
Seq_351,ETWETWWTEYWQATWIPEWE,1,0,0,1,0,0,0,1,0,0,0,0,1,1,0,0,1,0,1.29,1
Seq_352,YAGAVVNDL,1,0,1,0,0,1,0,0,0,1,0,1,0,0,0,0,0,1.67,0,1
Seq_353,LNITNSHVSILQERPPLENRVL,0,0,0,1,0,0,1,1,0,1,0,1,1.67,1,1,1,1,1,0,0
Seq_354,APKEWMEWDREINNYTSLIHSLIKQGI,1,0,1,1,0,1,1,1,1,1,1,1.67,1,1,1,1,1,0,1,1
Seq_355,DLGPPISLERLDVGTNLGNAIAKLEDAKELLESSD,1,0,1,1,0,1,0,1,1,1.25,0,1,1.67,0,1,1.5,1,1,0,0
Seq_356,KGSVVIVGRIILSGRK,0,0,0,0,0,1,0,1.5,1,1,0,0,0,0,1,1,0,1.5,0,0
Seq_357,FAVGLRAIKRALKKLRRGVRKVAKDL,1,0,1,0,1,1,0,1,1.33,1,0,0,0,0,1.33,0,0,1,0,0
Seq_358,TDVIAMCFSIDSPDSLENI,1,1,1,1,1,0,0,1,0,1,1,1,1,0,0,1,1,1,0,0
Seq_359,TTWEAWDRAIAEYAARIEALIRALQELQEKLEAILREL,1.22,0,1,1,0,0,0,1,1,1,0,0,0,1,1,0,1.67,0,1,1
Seq_360,DLSNQINSINKSLKSAEDWIADSNFFANQARTAK,1,0,1,1,1.67,0,0,1,1,1,0,1,0,1,1,1,1,0,1,0
Seq_361,MANAGLQLLGFILAFLGWIGAIVS,1,0,0,0,1,1,0,1,0,1.33,1,1,0,1,0,1,0,1,1,0
Seq_362,YDHIQDHVNTMFSRLATSWCLLQNKERALWAEAA,1.33,1,1,1,1,0,1,1,1,1.4,1,1,0,1,1,1,1,1,1,1
Seq_363,SDHSESIQKKFQLMKEHVNKIGVDS,0,0,1,1,1,1,1,1,1.4,1,1,1,0,1,0,1,0,1,0,0
Seq_364,LLDCWVRLGRYLLRRLK,0,1,1,0,0,1,0,0,1,2,0,0,0,0,1.4,0,0,1,1,1
Seq_365,SWLRDIWDWGCEVLSDFK,0,1,1,1,1,1,0,1,1,1,0,0,0,0,1,1,0,1,1,0
Seq_366,SWLRDIWDWSCEVLSDFK,0,1,1,1,1,0,0,1,1,1,0,0,0,0,1,1,0,1,1,0
Seq_367,SWLRDIWDWECEVLSDFK,0,1,1,1,1,0,0,1,1,1,0,0,0,0,1,1,0,1,1,0
Seq_368,SWLRDIWDWKCEVLSDFK,0,1,1,1,1,0,0,1,1,1,0,0,0,0,1,1,0,1,1,0
Seq_369,PRPISYLKGSSGGPL,0,0,0,0,0,1.5,0,1,1,1,0,0,1,0,1,1.5,0,0,0,1
Seq_370,IFKAIWSGIKSLF,1,0,0,0,1,1,0,1,1,1,0,0,0,0,0,1,0,0,1,0
Seq_371,AEAMSQVTN,1,0,0,1,0,0,0,0,0,0,1,1,0,1,0,1,1,1,0,0
Seq_372,YQLLIRMIY,0,0,0,0,0,0,0,1,0,1.67,1,0,0,1,1,0,0,0,0,1
Seq_373,YQLLIRMIYKNI,0,0,0,0,0,0,0,1,1,1.67,1,1,0,1,1,0,0,0,0,1
Seq_374,IDLGPPISLERLDVGTNLGNAIAKLEDAKELLESS,1,0,1,1,0,1,0,1,1,1.25,0,1,1.67,0,1,1.5,1,1,0,0
Seq_375,TDVILMCFSIDSPDSLENA,1,1,1,1,1,0,0,1,0,1,1,1,1,0,0,1,1,1,0,0
Seq_376,KILEPFRKQNPDIVIYQYMD,0,0,1,1,1,0,0,1,1,1,1,1,1,1,1,0,0,1,0,1
Seq_377,LEAIPMSIPPEVAFNKPFVF,1,0,0,1,1,0,0,1,1,1,1,1,1.4,0,0,1,0,1,0,0
Seq_378,AEDWVRWI,1,0,1,1,0,0,0,1,0,0,0,0,0,0,1,0,0,1,1,0
Seq_379,LEAIPMSIPPEVKANKPFVF,1,0,0,1,1,0,0,1,1,1,1,1,1.4,0,0,1,0,1,0,0
Seq_380,ILMCFSIDSPD,0,1,1,0,1,0,0,1,0,1,1,0,1,0,0,1,0,0,0,0
Seq_381,ADGSLLGRMKGAAG,1.5,0,1,0,0,1,0,0,1,1.67,1,0,0,0,1,1,0,0,0,0
Seq_382,GLRRLLGRLLRRLGRLLLR,0,0,0,0,0,1,0,0,0,1.86,0,0,0,0,1.44,0,0,0,0,0
Seq_383,TDVILMCFSIASPDSLENI,1,1,1,1,1,0,0,1,0,1,1,1,1,0,0,1,1,1,0,0
Seq_384,LLGFILAFLGWIGAIVST,1,0,0,0,1,1,0,1,0,1.4,0,0,0,0,0,1,1,1,1,0
Seq_385,TAYFLLILAGRW,1,0,0,0,1,1,0,1,0,1.5,0,0,0,0,1,0,1,0,1,1
Seq_386,GAKKGAKKGKKGAKKGAKGAGAKGAGAFKKKK,1,0,0,0,1,1,0,0,2.05,0,0,0,0,0,0,0,0,0,0,0
Seq_387,GYFVQDDGEWKFTGSSYYY,0,0,1.67,1,1,1,0,0,1,0,0,0,0,1,0,1.67,1,1,1,2.14
Seq_388,SWRLIDWDWICEVLSDFK,0,1,1,1,1,0,0,1,1,1,0,0,0,0,1,1,0,1,1,0
Seq_389,CLRVRLASHLRKLRKRLLRDADDL,1,1,1.5,0,0,0,1,0,1,1.25,0,0,0,0,1,1,0,1,0,0
Seq_390,MANAGLQLLGFILAFLGWIGAI,1,0,0,0,1,1,0,1,0,1.33,1,1,0,1,0,0,0,0,1,0
Seq_391,LDCWVRLGRYLLRRLKTP,0,1,1,0,0,1,0,0,1,1.33,0,0,1,0,1.4,0,1,1,1,1
Seq_392,SWLRDIWDWACEVLSDFK,1,1,1,1,1,0,0,1,1,1,0,0,0,0,1,1,0,1,1,0
Seq_393,HMNASDMEIKSYINMIESVEESSNYDF,1,0,1,1.4,1,0,1,1,1,0,1,1,0,0,0,1.33,0,1,0,1
Seq_394,ITFEDLLDYYGP,0,0,1,1,1,1,0,1,0,1.67,0,0,1,0,0,0,1,0,0,1.67
Seq_395,TDVILMCFSADSPDSLENI,1,1,1,1,1,0,0,1,0,1,1,1,1,0,0,1,1,1,0,0
Seq_396,GQPEEGAPCQVVLQGA,1,1,0,1.67,0,1,0,0,0,1,0,0,1,1,0,0,0,1.67,0,0
Seq_397,MAILGDTAWDFGSLGGVFTSIGKALHQVFGAIY,1,0,1,0,1,1.29,1,1,1,1,1,0,0,1,0,1,1,1,1,1
Seq_398,ILMCFSIDSPDSLE,0,1,1,1,1,0,0,1,0,1,1,0,1,0,0,1,0,0,0,0
Seq_399,QETAYFLLKLAGRWP,1,0,0,1,1,1,0,0,1,1.5,0,0,1,2,1,0,1,0,1,1
Seq_400,CCFLRIQNDSIIRLGDLQPLSQRVSTDWQ,0,1.67,1,0,1,1,0,1.5,0,1,0,1,1,1,1,1,1,1,1,0
Seq_401,LEAIPMSIPPEVAFAKPFVF,1,0,0,1,1,0,0,1,1,1,1,0,1.4,0,0,1,0,1,0,0
Seq_402,RGGSVVIVGRIILSGRK,0,0,0,0,0,1.4,0,1.5,1,1,0,0,0,0,1,1,0,1.5,0,0
Seq_403,KWKVFKKIEKMGRNIRNGIVKAGPAIAVLGEAKAL,1,0,0,1,1,1,0,1,1.25,1,1,1,1,0,1,0,0,1,1,0
Seq_404,FKRIVQRIKDFLR,0,0,1,0,1,0,0,1,1,1,0,0,0,1,1,0,0,1,0,0
Seq_405,KRKRAVKRVGRRLKKLARKIARLGVAKLAGLRAVKLF,1,0,0,0,1,1,0,1,1.22,1,0,0,0,0,1.22,0,0,1,0,0
Seq_406,AVKRVGRRLKKLARKIARLGVAF,1,0,0,0,1,1,0,1,1.4,1,0,0,0,0,1.33,0,0,1,0,0
Seq_407,SISNALNKLEESNRNLDKVNVKLT,1,0,1,1.67,0,0,0,1,1,1,0,1,0,0,1,1,1,1,0,0
Seq_408,LESEVTAIKNALKKTNEAVSTLGNGVRVLATAVRE,1,0,0,1,0,1,0,1,1.5,1,0,1,0,0,1,1,1,1,0,0
Seq_409,GWWYKGRARPVSAVA,1,0,0,0,0,1,0,0,1,0,0,0,1,0,1,1,0,1,1.67,1
Seq_410,GRFKRFRKPFKKLFKKIS,0,0,0,0,1,1,0,1,1.5,1,0,0,1,0,1,1,0,0,0,0
Seq_411,PISLERLDVGTNLGNAIAKLEDAKELLESSDQILR,1,0,1,1,0,1,0,1,1,1.25,0,1,1,1,1,1.5,1,1,0,0
Seq_412,FAKKFAKKFKKFAKKFAKFAFAF,1,0,0,0,1,0,0,0,1.62,0,0,0,0,0,0,0,0,0,0,0
Seq_413,HVDKKVADKVLLLKQLRIMRLLTRL,1,0,1,0,0,0,1,1,1.4,1.91,1,0,0,1,1,0,1,1,0,0
Seq_414,LLFLKVPAQNAISTTFPYT,1,0,0,0,1,0,0,1,1,1.5,0,1,1,1,0,1,1.5,1,0,1
Seq_415,FLKVPAQNAISTTFPYT,1,0,0,0,1,0,0,1,1,1,0,1,1,1,0,1,1.5,1,0,1
Seq_416,KVPAQNAISTTFPYT,1,0,0,0,1,0,0,1,1,0,0,1,1,1,0,1,1.5,1,0,1
Seq_417,MDVNPTLLF,0,0,1,0,1,0,0,0,0,1.67,1,1,1,0,0,0,1,1,0,0
Seq_418,MDVNPTLL,0,0,1,0,0,0,0,0,0,1.67,3,1,1,0,0,0,1,1,0,0
Seq_419,MDVNPTLLFIDVPAQ,1,0,1,0,1,0,0,1,0,1.67,1,1,1,1,0,0,1,1,0,0
Seq_420,MDVNPTFLFLKVPAQ,1,0,1,0,1,0,0,0,1,1,1,1,1,1,0,0,1,1,0,0
Seq_421,LLDCWVRLGRYLLRRLKTP,0,1,1,0,0,1,0,0,1,1.5,0,0,1,0,1.4,0,1,1,1,1
Seq_422,FWFTLIKTQAKQPARYRRFC,1,1,0,0,1,0,0,1,1,1,0,0,1,1,1.5,0,1,0,1,1
Seq_423,GCKKYRRFRWKFKGKFWFWG,0,1,0,0,1,1,0,0,1.33,0,0,0,0,0,1.5,0,0,0,1,1
Seq_424,FKVKAKVKAKVKAKVKAKKKK,1,0,0,0,1,0,0,0,2.11,0,0,0,0,0,0,0,0,1,0,0
Seq_425,TDVILMCFSIDSPASLENI,1,1,1,1,1,0,0,1,0,1,1,1,1,0,0,1,1,1,0,0
Seq_426,ADVILMCFSIDSPDSLENI,1,1,1,1,1,0,0,1,0,1,1,1,1,0,0,1,0,1,0,0
Seq_427,CRFPNITNSHVPILQERPPLENRVLTGWGL,0,1,0,1,1,1,1,1,0,1,0,1,1.4,1,1,1,1,1,1,0
Seq_428,KWKLFKKIEKVGQNIRDGIIKAGPAVAVVGQATQIAK,1,0,1,1,1,1,0,1.33,1.25,1,0,1,1,1,1,0,1,1.4,1,0
Seq_429,SLLGRMKGA,1,0,0,0,0,1,0,0,1,1.67,1,0,0,0,1,1,0,0,0,0
Seq_430,TDVILMCFSIDSPDSAENI,1,1,1,1,1,0,0,1,0,1,1,1,1,0,0,1,1,1,0,0
Seq_431,TDVILMCFSIDAPDSLENI,1,1,1,1,1,0,0,1,0,1,1,1,1,0,0,1,1,1,0,0
Seq_432,HRIDLGPPISLERLDVGTNLGNAIAKLEDAKELLE,1,0,1,1,0,1,1,1,1,1.25,0,1,1.67,0,1,1,1,1,0,0
Seq_433,ELNKAKSDLEESKEWIRRSNQKLDSIGNWHQSSTT,1,0,1,1.4,0,1,1,1,1,1,0,1,0,1,1.67,1.29,1.67,0,1,0
Seq_434,ILGPVLGLVSRTLRRVLGIL,0,0,0,0,0,1,0,1,0,1,0,0,1,0,1.5,1,1,1,0,0
Seq_435,SWLRDVWDWVCTILTDFK,0,1,1,0,1,0,0,1,1,1,0,0,0,0,1,1,1,1,1,0
Seq_436,FFHHIFRGIVHVGKTIHRLVTG,0,0,0,0,1.5,1,1.4,1,1,1,0,0,0,0,1,0,1,1,0,0
Seq_437,WIHAEIKNSLKIDNLDVNRCIEALD,1,1,1,1,0,0,1,1,1,1,0,1,0,0,1,1,0,1,1,0
Seq_438,SVALDPIDISIELNKAKSDLEESKEWIRRSNQKLD,1,0,1,1.4,0,0,0,1,1,1,0,1,1,1,1.67,1,0,1,1,0
Seq_439,DISIELNKAKSDLEESKEWIRRSNQKLDSIGNWHQ,1,0,1,1.4,0,1,1,1,1,1,0,1,0,1,1.67,1,0,0,1,0
Seq_440,ISIELNKAKSDLEESKEWIRRSNQKLDSIGNWHQS,1,0,1,1.4,0,1,1,1,1,1,0,1,0,1,1.67,1,0,0,1,0
Seq_441,IELNKAKSDLEESKEWIRRSNQKLDSIGNWHQSST,1,0,1,1.4,0,1,1,1,1,1,0,1,0,1,1.67,1.29,1,0,1,0
Seq_442,GYHLMSFPQAAPHGVVFLHVTW,1.67,0,0,0,1,1,1,0,0,1,1,0,1,1,0,1,1,1.5,1,1
Seq_443,GVFVFNGTSWFITQRNFFS,0,0,0,0,1.33,1,0,1,0,0,0,1,0,1,1,1,1,1,1,0
Seq_444,CWVRLGRYLLRRLKTPFT,0,1,0,0,1,1,0,0,1,1.4,0,0,1,0,1.4,0,1,1,1,1
Seq_445,NILRLKESITATIEAVHEVTDGLS,1,0,1,1,0,1,1,1,1,1,0,1,0,0,1,1,1,1,0,0
Seq_446,ALDKLEESNSKLDKVNVKLT,1,0,1,1.67,0,0,0,0,1,1,0,1,0,0,0,1,1,1,0,0
Seq_447,AGERIVDIIATDIQ,1,0,1,1,0,1,0,1.4,0,0,0,0,0,1,1,0,1,1,0,0
Seq_448,FLGFLKNLF,0,0,0,0,1,1,0,0,1,1,0,1,0,0,0,0,0,0,0,0
Seq_449,RIDLGPPISLERLDVGTNLGNAIAKLEDAKELLES,1,0,1,1,0,1,0,1,1,1.25,0,1,1.67,0,1,1,1,1,0,0
Seq_450,SGSWLRDIWDWICEVLSDFK,0,1,1,1,1,1,0,1,1,1,0,0,0,0,1,1,0,1,1,0
Seq_451,SWLRDIWDWICEVLSDFKT,0,1,1,1,1,0,0,1,1,1,0,0,0,0,1,1,1,1,1,0
Seq_452,SWLDRIWRWICKVLSRFE,0,1,1,1,1,0,0,1,1,1,0,0,0,0,1,1,0,1,1,0
Seq_453,TRQARRNRRRWRERQR,1,0,0,1,0,0,0,0,0,0,0,1,0,1,1.77,0,1,0,1,0
Seq_454,APKEWMAWAREIAAYAKLIAALI,1.4,0,0,1,0,0,0,1,1,1,1,0,1,0,1,0,0,0,1,1
Seq_455,RINNIPWSEAMM,1,0,0,1,0,0,0,1,0,0,1.67,1.67,1,0,1,1,0,0,1,0
Seq_456,GIKEFKREFQRIKDFLRNLV,0,0,1,1,1,1,0,1,1,1,0,1,0,1,1,0,0,1,0,0
Seq_457,LLGDLLRKSKEKIGKEFKRIVQRIKDFLRNLVPRTES,0,0,1,1,1,1,0,1,1,1.5,0,1,1,1,1,1,1,1,0,0
Seq_458,AWDFGSIGGVFTSVGKLVHQVFGTAYGVL,1,0,1,0,1,1.29,1,1,1,1,0,0,0,1,0,1,1,1,1,1
Seq_459,FFVIFYRRKK,0,0,0,0,1.5,0,0,1,1.67,0,0,0,0,0,1.67,0,0,1,0,1
Seq_460,TDVILACFSIDSPDSLENI,1,1,1,1,1,0,0,1,0,1,0,1,1,0,0,1,1,1,0,0
Seq_461,SWLRDLWDWICEVLSDFK,0,1,1,1,1,0,0,1,1,1,0,0,0,0,1,1,0,1,1,0
Seq_462,SWLRDLWDWLCEVLSDFK,0,1,1,1,1,0,0,0,1,1,0,0,0,0,1,1,0,1,1,0
Seq_463,SWLRDIWDWVCEVLSDFK,0,1,1,1,1,0,0,1,1,1,0,0,0,0,1,1,0,1,1,0
Seq_464,TAVILMCFSIDSPDSLENI,1,1,1,1,1,0,0,1,0,1,1,1,1,0,0,1,1,1,0,0
Seq_465,REINNYTSLIHSLIEESQNQQEKNEQELLELDKWAS,1,0,1,1.25,0,0,1,1,1,1.33,0,1.4,0,1.4,1,1,1,0,1,1
Seq_466,LEAIPMSIPPEFLFGKPFVF,1,0,0,1,1,1,0,1,1,1,1,0,1.4,0,0,1,0,1,0,0
Seq_467,FRFKIKFRLKFRFKARFKFRAKFRA,1,0,0,0,1,0,0,1,1,1,0,0,0,0,1,0,0,0,0,0
Seq_468,INNYTSLIHSLIEESQNQQEKNEQELLE,0,0,0,1.29,0,0,1,1,1,1.4,0,1.4,0,1.4,0,1,1,0,0,1
Seq_469,GLRSRIWLWVLLMIWQESNRFKRM,0,0,0,1,1,1,0,1,1,1.4,1,1,0,1,1,1,0,1,1,0
Seq_470,DVILMCFSIDSPDSLENI,0,1,1,1,1,0,0,1,0,1,1,1,1,0,0,1,0,1,0,0
Seq_471,SWLRDIWDWLCEVLSDFK,0,1,1,1,1,0,0,1,1,1,0,0,0,0,1,1,0,1,1,0
Seq_472,SWLRDIWDWICELLSDFK,0,1,1,1,1,0,0,1,1,1.5,0,0,0,0,1,1,0,0,1,0
Seq_473,SWLRDLWDWLCELLSDFK,0,1,1,1,1,0,0,0,1,1.33,0,0,0,0,1,1,0,0,1,0
Seq_474,GIGAVLKVLTTGLPALISWIKRKRQQ,1,0,0,0,0,1,0,1,1,1,0,0,1,1.67,1,1,1.67,1,1,0
Seq_475,IQKEIDRLNEVAKNLNESLIDLQELGK,1,0,1,1,0,1,0,1,1,1,0,1,0,1,1,1,0,1,0,0
Seq_476,YENQKQIANQFNKAISQIQESLTTTSTA,1,0,0,1,1,0,0,1,1,1,0,1,0,1,0,1,2.14,0,0,1
Seq_477,ILMCFSIDSPDSLEN,0,1,1,1,1,0,0,1,0,1,1,1,1,0,0,1,0,0,0,0
Seq_478,FLGFLHHLF,0,0,0,0,1,1,1.67,0,0,1,0,0,0,0,0,0,0,0,0,0
Seq_479,PPISLERLDVGTNLGNAIAKLEDAKELLESSDQIL,1,0,1,1,0,1,0,1,1,1.25,0,1,1.67,1,1,1.5,1,1,0,0
Seq_480,GIKEFKRIVQRIKDFLRNLV,0,0,1,1,1,1,0,1,1,1,0,1,0,1,1,0,0,1,0,0
Seq_481,GINASVVNIQKEIDRLNEVAKNL,1,0,1,1,0,1,0,1,1,1,0,1,0,1,1,1,0,1.5,0,0
Seq_482,LFGLIPSLIGGLVSAFK,1,0,0,0,1,1.5,0,1,1,1.4,0,0,1,0,0,1,0,1,0,0
Seq_483,FLDSKAELEKARKILSEVGRWY,1,0,1,1,1,1,0,1,1,1,0,0,0,0,1,1,0,1,1,1
Seq_484,LNNSVALDPIDISIELNKAKSDLEESKEWIRRSNQ,1,0,1,1.4,0,0,0,1,1,1,0,1.4,1,1,1.67,1,0,1,1,0
Seq_485,VALDPIDISIELNKAKSDLEESKEWIRRSNQKLDS,1,0,1,1.4,0,0,0,1,1,1,0,1,1,1,1.67,1,0,1,1,0
Seq_486,SIELNKAKSDLEESKEWIRRSNQKLDSIGNWHQSS,1,0,1,1.4,0,1,1,1,1,1,0,1,0,1,1.67,1.25,0,0,1,0
Seq_487,CTLTTKLYC,0,1,0,0,0,0,0,0,1,1,0,0,0,0,0,0,1.5,0,0,1
Seq_488,QLESLTDRELLLLIARKTCGSVE,1,1,1,1,0,1,0,1,1,2.67,0,0,0,1,1,1,1,1,0,0
Seq_489,LEAIPMCIPPECAFNKPFVF,1,1,0,1,1,0,0,1,1,1,1,1,1.4,0,0,0,0,1,0,0
Seq_490,WMEWDREINNYTSLIHSLIEEWQNQQEKNEQELL,0,0,1,1.25,0,0,1,1,1,1.4,1,1.4,0,1.4,1,1,1,0,1,1
Seq_491,APKEWMAWAREIAAYAKLIAALIKQGI,1.4,0,0,1,0,1,0,1,1,1,1,0,1,1,1,0,0,0,1,1
Seq_492,SWLRDIWDWICEVLSD,0,1,1,1,0,0,0,1,0,1,0,0,0,0,1,1,0,1,1,0
Seq_493,GFKRIVQRIKDFLRNLV,0,0,1,0,1,1,0,1,1,1,0,1,0,1,1,0,0,1,0,0
Seq_494,FLAAARIAKRVAKKARKLAKRAARKRK,1.77,0,0,0,1,0,0,1,1.25,1,0,0,0,0,1,0,0,1,0,0
Seq_495,LEAIPCSIPPCVFFNKPFVF,1,1,0,1,1.4,0,0,1,1,1,0,1,1.4,0,0,1,0,1,0,0
Seq_496,GIKQFKRIVQRIKDFLRNLV,0,0,1,0,1,1,0,1,1,1,0,1,0,1,1,0,0,1,0,0
Seq_497,MDVNPTLLFLK,0,0,1,0,1,0,0,0,1,1.5,1,1,1,0,0,0,1,1,0,0
Seq_498,SWLRRIWRWICKVLSRFK,0,1,0,0,1,0,0,1,1,1,0,0,0,0,1.4,1,0,1,1,0
Seq_499,TWAGVEAIIRILQQL,1,0,0,1,0,1,0,1.5,0,1,0,0,0,1.67,1,0,1,1,1,0
Seq_500,KVLTTGLPALISWIKRKRQQ,1,0,0,0,0,1,0,1,1,1,0,0,1,1.67,1,1,1.67,1,1,0
Seq_501,SWLRDIWRWICKVLSRFK,0,1,1,0,1,0,0,1,1,1,0,0,0,0,1,1,0,1,1,0
Seq_502,FLHFLHHLF,0,0,0,0,1,0,1.5,0,0,1,0,0,0,0,0,0,0,0,0,0
Seq_503,SSSTSTQVQILSNAL,1,0,0,0,0,0,0,1,0,1,0,1,0,1,0,2,1,1,0,0
Seq_504,CVRLASHLRKLRKRLLRDADDLQKRLAVY,1,1,1.5,0,0,0,1,0,1,1.25,0,0,0,1,1,1,0,1,0,1
Seq_505,MHRSLLGRMKGA,1,0,0,0,0,1,1,0,1,1.67,1,0,0,0,1,1,0,0,0,0
Seq_506,GINASVVNIQKEIDRLNEVAKNLNESLIDL,1,0,1,1,0,1,0,1,1,1,0,1,0,1,1,1,0,1.5,0,0
Seq_507,SWLRDIWDWICEVLSDFK,0,1,1,1,1,0,0,1,1,1,0,0,0,0,1,1,0,1,1,0
Seq_508,GSLLGRMKGA,1,0,0,0,0,1,0,0,1,1.67,1,0,0,0,1,1,0,0,0,0
Seq_509,SWLRDLWDWICELLSDFK,0,1,1,1,1,0,0,1,1,1.4,0,0,0,0,1,1,0,0,1,0
Seq_510,VANDPIDISIELNKAKSDLEESKEWIRRSNQKLDSI,1,0,1,1.4,0,0,0,1,1,1,0,1,1,1,1.67,1,0,1,1,0
Seq_511,VANDPIDISIELNKAKSDLEESKEWIRRSNQKLDSD,1,0,1,1.4,0,0,0,1,1,1,0,1,1,1,1.67,1,0,1,1,0
Seq_512,YTSLIHSLIEEKQNQQEKNEQELLELDKWASLWNWF,1,0,1,1.29,1,0,1,1,1,1.29,0,1,0,1.4,0,1,1,0,1,1
Seq_513,RRKKAAVALLPAVLLALLAP,1.29,0,0,0,0,0,0,0,1.67,1.67,0,0,1,0,1.67,0,0,1,0,0
Seq_514,VNPTLLFLKVPAQNAISTTFPYT,1,0,0,0,1,0,0,1,1,1.5,0,1,1,1,0,1,1.4,1.67,0,1
Seq_515,LEAIPMSIPPEVFFNKPFVF,1,0,0,1,1.4,0,0,1,1,1,1,1,1.4,0,0,1,0,1,0,0
Seq_516,MDVNPTLLFLKV,0,0,1,0,1,0,0,0,1,1.5,1,1,1,0,0,0,1,1,0,0
Seq_517,GINASVVNIQKEIDRLNEVAKNLNESLIDLQELGKYE,1,0,1,1,0,1,0,1,1,1,0,1,0,1,1,1,0,1.5,0,1
Seq_518,SLEQIWNNMTWMEWDREINNYTSLIHSLIEESQNQQ,0,0,1,1.33,0,0,1,1,0,1,1,1.57,0,1.4,1,1,1,0,1,1
Seq_519,IWNNMTWMEWDREINNYTSLIHSLIEESQNQQEKNE,0,0,1,1.29,0,0,1,1,1,1,1,1.5,0,1.5,1,1,1,0,1,1
Seq_520,FWNWLSAWIKKTYEEIKKTYEEIKKTYEEIERDWEMV,1,0,1,1.55,1,0,0,1,1.67,1,1,1,0,0,1,1,1,1,1,1
Seq_521,DWLRIIWDWVCSVVSDFK,0,1,1,0,1,0,0,1.67,1,1,0,0,0,0,1,1,0,1.5,1,0
Seq_522,GSWLRDIWDWICEVLSDFK,0,1,1,1,1,1,0,1,1,1,0,0,0,0,1,1,0,1,1,0
Seq_523,SWLRDIWDWICEVLSDFKTW,0,1,1,1,1,0,0,1,1,1,0,0,0,0,1,1,1,1,1,0
Seq_524,CEELRVRLASHLRKLRKRLLRDADDLQKRLAVY,1,1,1.5,1.67,0,0,1,0,1,1.22,0,0,0,1,1,1,0,1,0,1
Seq_525,HRSLLGRMKGA,1,0,0,0,0,1,1,0,1,1.67,1,0,0,0,1,1,0,0,0,0
Seq_526,PTLLFLKVPAQNAISTTFPYT,1,0,0,0,1,0,0,1,1,1.5,0,1,1,1,0,1,1.4,1,0,1
Seq_527,KFDSLVECIWDWIDRLWS,0,1,1,1,1,0,0,1,1,1,0,0,0,0,1,1,0,1,1,0
Seq_528,FKLRAKIKVRLRAKIKL,1,0,0,0,1,0,0,1,1,1,0,0,0,0,1,0,0,1,0,0
Seq_529,YTSLIHSLIEEPQNQQEKNEQELLELDKWASLWNWF,1,0,1,1.29,1,0,1,1,1,1.29,0,1,1,1.4,0,1,1,0,1,1
Seq_530,SIWRDWVDLICEFLSDWK,0,1,1,1,1,0,0,1,1,1,0,0,0,0,1,1,0,1,1,0
Seq_531,INNYTSLIHSLIEESQNQQEKNEQELLELDKWASLW,1,0,1,1.29,0,0,1,1,1,1.29,0,1.4,0,1.4,0,1,1,0,1,1
Seq_532,LEAIPCSIPPCFLFGKPFVF,1,1,0,1,1,1,0,1,1,1,0,0,1.4,0,0,1,0,1,0,0
Seq_533,YTSLIHSLIEERQNQQEKNEQELLELDKWASLWNWF,1,0,1,1.29,1,0,1,1,1,1.29,0,1,0,1.4,1,1,1,0,1,1
Seq_534,VALDPIDISIELNKAKSDLEESKEWIRRSNQKLDSD,1,0,1,1.4,0,0,0,1,1,1,0,1,1,1,1.67,1,0,1,1,0
Seq_535,TRQARRNRRRWRERQRAAAAC,2.82,1,0,1,0,0,0,0,0,0,0,1,0,1,1.77,0,1,0,1,0
Seq_536,GRFKRFRKKFKKLFKKIS,0,0,0,0,1,1,0,1,1.6,1,0,0,0,0,1,1,0,0,0,0
Seq_537,RQLLSGIVQQQNNLLRAIEAQQHLLQK,1,0,0,1,0,1,1,1,1,1.67,0,1.67,0,1.91,1,1,0,1,0,0
Seq_538,PPATHTIADRNHTPFSDV,1,0,1,0,1,0,1,1,0,0,0,1,1.5,0,1,1,1,1,0,0
Seq_539,MDVNPHLLFLKVPAQ,1,0,1,0,1,0,1,0,1,1.5,1,1,1,1,0,0,0,1,0,0
Seq_540,RSLLGRMKGA,1,0,0,0,0,1,0,0,1,1.67,1,0,0,0,1,1,0,0,0,0
Seq_541,YTSLIHSLIEEEQNQQEKNEQELLELDKWASLWNWF,1,0,1,1.8,1,0,1,1,1,1.29,0,1,0,1.4,0,1,1,0,1,1
Seq_542,LEAIPCSIPPCVFFGKPFVF,1,1,0,1,1.4,1,0,1,1,1,0,0,1.4,0,0,1,0,1,0,0
Seq_543,LEAIPCSIPPCFAFNKPFVF,1,1,0,1,1,0,0,1,1,1,0,1,1.4,0,0,1,0,1,0,0
Seq_544,YTSLIHSLIQQSQNQQQKNQQQLLQLDKWASLWNWF,1,0,1,0,1,0,1,1,1,1.29,0,1,0,2.06,0,1,1,0,1,1
Seq_545,SQNQQEKNEQELLELDKWASLWNWFNITNWLWLIKI,1,0,1,1,1,0,0,1,1,1.29,0,1,0,1.4,0,1,1,0,1,0
Seq_546,EESQNQQEKNEQELLELDKWASLWNWFNITNWLWLI,1,0,1,1.29,1,0,0,1,1,1.29,0,1,0,1.4,0,1,1,0,1,0
Seq_547,ESQNQQEKNEQELLELDKWASLWNWFNITNWLWLIK,1,0,1,1,1,0,0,1,1,1.29,0,1,0,1.4,0,1,1,0,1,0
Seq_548,NQQEKNEQELLELDKWASLWNWFNITNWLWLIKIFI,1,0,1,1,1,0,0,1,1,1.29,0,1,0,1.5,0,1,1,0,1,0
Seq_549,QNQQEKNEQELLELDKWASLWNWFNITNWLWLIKIF,1,0,1,1,1,0,0,1,1,1.29,0,1,0,1.4,0,1,1,0,1,0
Seq_550,ASLRVRIKK,1,0,0,0,0,0,0,1,1.67,1,0,0,0,0,1,1,0,1,0,0
Seq_551,VEAIIRILQQLLFIH,1,0,0,1,1,0,1,1.4,0,1.5,0,0,0,1.67,1,0,0,1,0,0
Seq_552,ASLRVRIKKQ,1,0,0,0,0,0,0,1,1.67,1,0,0,0,1,1,1,0,1,0,0
Seq_553,YTSLIHSLIEEDQNQQEKNEQELLELDKWASLWNWF,1,0,1,1.29,1,0,1,1,1,1.29,0,1,0,1.4,0,1,1,0,1,1
Seq_554,YTSLIHSLIEEHQNQQEKNEQELLELDKWASLWNWF,1,0,1,1.29,1,0,1,1,1,1.29,0,1,0,1.4,0,1,1,0,1,1
Seq_555,NSVALDPIDISIELNKAKSDLEESKEWIRRSNQKL,1,0,1,1.4,0,0,0,1,1,1,0,1,1,1,1.67,1,0,1,1,0
Seq_556,DPIDISIELNKAKSDLEESKEWIRRSNQKLDSIGN,1,0,1,1.4,0,1,0,1,1,1,0,1,1,1,1.67,1,0,0,1,0
Seq_557,RRGRTGRGRRGIYR,0,0,0,0,0,1,0,1,0,0,0,0,0,0,1.44,0,1,0,0,1
Seq_558,CFLNITNSHVSILQERPPLENRV,0,1,0,1,1,0,1,1,0,1,0,1,1.67,1,1,1,1,1,0,0
Seq_559,CCFLNITNSHVSILQERPPLENRVLTGWGL,0,1.67,0,1,1,1,1,1,0,1,0,1,1.67,1,1,1,1,1,1,0
Seq_560,LEAIPCSIPPCVAFNKPFVF,1,1,0,1,1,0,0,1,1,1,0,1,1.4,0,0,1,0,1,0,0
Seq_561,QKWEDWVRWIGN,0,0,1,1,0,1,0,1,1,0,0,1,0,1,1,0,0,1,1,0
Seq_562,FNLSDHSESIQKKFQLMKEHVNKIG,0,0,1,1,1,1,1,1,1.4,1,1,1,0,1,0,1,0,1,0,0
Seq_563,WADWVRWI,1,0,1,0,0,0,0,1,0,0,0,0,0,0,1,0,0,1,1,0
Seq_564,TTWEAWDRAIAEYAARIEALIRAAQELQEKLEAALREL,1.46,0,1,1,0,0,0,1,1,1,0,0,0,1,1,0,1.67,0,1,1
Seq_565,RRKKIFYFFR,0,0,0,0,1.5,0,0,1,1.67,0,0,0,0,0,1.5,0,0,0,0,1
Seq_566,WEDWVRWA,1,0,1,1,0,0,0,0,0,0,0,0,0,0,1,0,0,1,1,0
Seq_567,SLIEESQNQQEKNEQELLELDKWASLWNWFNITNWL,1,0,1,1.29,1,0,0,1,1,1.29,0,1,0,1.4,0,1,1,0,1,0
Seq_568,NGIGVTQNVLYENQKQIANQFNKAISQIQESLTTTSTA,1,0,0,1,1,1,0,1,1,1,0,1,0,1,0,1,2,1,0,1
Seq_569,MDVNPTLLFLKVP,0,0,1,0,1,0,0,0,1,1.5,1,1,1,0,0,0,1,1,0,0
Seq_570,YTSLIHSLIEESQNQQEKNEQELLELDKPASLWNWF,1,0,1,1.29,1,0,1,1,1,1.29,0,1,1,1.4,0,1,1,0,1,1
Seq_571,GELGRLVYLLDGPGYDPI,0,0,1,1,0,1,0,1,0,1.4,0,0,1,0,1,0,0,1,0,1
Seq_572,GELGRLVYLLDGPGYDPIHCD,0,1,1,1,0,1,1,1,0,1.4,0,0,1,0,1,0,0,1,0,1
Seq_573,ALDPIDISIELNKAKSDLEESKEWIRRSNQKLDSI,1,0,1,1.4,0,0,0,1,1,1,0,1,1,1,1.67,1,0,0,1,0
Seq_574,HGLASTLTRWAHYNALIRAF,1,0,0,0,1,1,1,1,0,1,0,1,0,0,1,1,1,0,1,1
Seq_575,AWDFGSLGGVFTSIGKALHQVFGAIYGAA,1.33,0,1,0,1,1.29,1,1,1,1,0,0,0,1,0,1,1,1,1,1
Seq_576,AWDFGSVGGVLNSLGKMVHQIFGSAYTAL,1,0,1,0,1,1.33,1,1,1,1,1,1,0,1,0,1,1,1,1,1
Seq_577,WEAWVRWI,1,0,0,1,0,0,0,1,0,0,0,0,0,0,1,0,0,1,1,0
Seq_578,WLVFFVIFYFFR,0,0,0,0,1.57,0,0,1,0,1,0,0,0,0,1,0,0,1,1,1
Seq_579,DQAEHLKTAVQMAVFIHNYKA,1,0,1,1,1,0,1,1,1,1,1,1,0,1,0,0,1,1,0,1
Seq_580,LVQPRGPRSGPGPWQGGRRKFRRQRPRLSHKGPMPF,0,0,0,0,1,1.29,1,0,1,1,1,0,1,1,1.4,1,0,1,1,0
Seq_581,NKSLEQIWNNMTWMEWDREINNYTSLIHSLIEESQN,0,0,1,1.33,0,0,1,1,1,1,1,1.5,0,1,1,1,1,0,1,1
Seq_582,PIDISIELNKAKSDLEESKEWIRRSNQKLDSIGNW,1,0,1,1.4,0,1,0,1,1,1,0,1,1,1,1.67,1,0,0,1,0
Seq_583,WEDWARWI,1,0,1,1,0,0,0,1,0,0,0,0,0,0,1,0,0,0,1,0
Seq_584,LHRIDLGPPISLERLDVGTNLGNAIAKLEDAKELL,1,0,1,1,0,1,1,1,1,1.22,0,1,1.67,0,1,1,1,1,0,0
Seq_585,KSLEQIWNNMTWMEWDREINNYTSLIHSLIEESQNQ,0,0,1,1.33,0,0,1,1,1,1,1,1.57,0,1,1,1,1,0,1,1
Seq_586,INNYTSLIHSLIEESQNQQEKNEQELLELDKWASL,1,0,1,1.29,0,0,1,1,1,1.29,0,1.4,0,1.4,0,1,1,0,1,1
Seq_587,WEDWVRWI,0,0,1,1,0,0,0,1,0,0,0,0,0,0,1,0,0,1,1,0
Seq_588,FDASISQVNEKINQSLAFIRKSDELLHNVNAGKST,1,0,1,1,1,1,1,1,1,1.5,0,1,0,1,1,1,1,1,0,0
Seq_589,IRKAHCNISRAKWND,1,1,1,0,0,0,1,1,1,0,0,1,0,0,1,1,0,0,1,0
Seq_590,IRKAHCNISRADWND,1,1,1,0,0,0,1,1,1,0,0,1,0,0,1,1,0,0,1,0
Seq_591,LEQIWNNMTWMEWDREINNYTSLIHSLIEESQNQQE,0,0,1,1.29,0,0,1,1,0,1,1,1.57,0,1.4,1,1,1,0,1,1
Seq_592,LIEESQNQQEKNEQELLELDKWASLWNWFNITNWLW,1,0,1,1.29,1,0,0,1,1,1.29,0,1,0,1.4,0,1,1,0,1,0
Seq_593,WMEWDREINNYTSLIHSLIEEPQNQQEKNEQELL,0,0,1,1.25,0,0,1,1,1,1.4,1,1.4,1,1.4,1,1,1,0,1,1
Seq_594,MNINPYPLFIDVPIQ,0,0,1,0,1,0,0,1,0,1,1,1,1,1,0,0,0,1,0,1
Seq_595,MDVNPCLLFLKVPAQ,1,1,1,0,1,0,0,0,1,1.5,1,1,1,1,0,0,0,1,0,0
Seq_596,MDVNPTLLFLKVPAQ,1,0,1,0,1,0,0,0,1,1.5,1,1,1,1,0,0,1,1,0,0
Seq_597,VYTDKVDISSQISSMNQSLQQSKDYIKEAQKILDTV,1,0,1,1,0,0,0,1,1,1,1,1,0,1.33,0,1.5,1,1,0,1
Seq_598,VQQQNNLLRAIEAQQHLLQLTVWGIKQL,1,0,0,1,0,1,1,1,1,1.5,0,1.67,0,1.91,1,0,1,1,1,0
Seq_599,HSLIEESQNQQEKNEQELLELDKWASLWNWFNITNW,1,0,1,1.29,1,0,1,1,1,1.33,0,1,0,1.4,0,1,1,0,1,0
Seq_600,MDVNPTLLFLKVPA,1,0,1,0,1,0,0,0,1,1.5,1,1,1,0,0,0,1,1,0,0
Seq_601,QHLLQLTVWGIKQLQARILAVERYLKDQ,1,0,1,1,0,1,1,1,1,1.29,0,0,0,1,1,0,1,1,1,1
Seq_602,MDVNPTLLFLKVPAQNAIST,1,0,1,0,1,0,0,1,1,1.5,1,1,1,1,0,1,1,1,0,0
Seq_603,YTSLIHSLIEEQQNQQEKNEQELLELDKWASLWNWF,1,0,1,1.29,1,0,1,1,1,1.29,0,1,0,1.57,0,1,1,0,1,1
Seq_604,TTWEAWDRAIAEYAARIEALIRALQELQEKNEAILREL,1.22,0,1,1,0,0,0,1,1,1,0,1,0,1,1,0,1.67,0,1,1
Seq_605,LDPIDISIELNKAKSDLEESKEWIRRSNQKLDSIG,1,0,1,1.4,0,1,0,1,1,1,0,1,1,1,1.67,1,0,0,1,0
Seq_606,WEDWVRWIGNIP,0,0,1,1,0,1,0,1,0,0,0,1,1,0,1,0,0,1,1,0
Seq_607,QARQLLSQIVQQQNNLLRAIEAQQHLLQ,1,0,0,1,0,0,1,1,0,1.67,0,1.67,0,1.77,1,1,0,1,0,0
Seq_608,MDVNPTLLFLKVPAQNAI,1,0,1,0,1,0,0,1,1,1.5,1,1,1,1,0,0,1,1,0,0
Seq_609,IHSLIEESQNQQEKNEQELLELDKWASLWNWFNITN,1,0,1,1.29,1,0,1,1,1,1.33,0,1,0,1.4,0,1,1,0,1,0
Seq_610,YTSLIHSLIEEWQNQQEKNEQELLELDKWASLWNWF,1,0,1,1.29,1,0,1,1,1,1.29,0,1,0,1.4,0,1,1,0,1,1
Seq_611,MTLTVQARQLLSQIVQQQNNLLRAIEAQ,1,0,0,1,0,0,0,1,0,1.57,1,1.67,0,1.8,1,1,1,1,0,0
Seq_612,NNYTSLIHSLIEESQNQQEKNEQELLELDKWASLWN,1,0,1,1.29,0,0,1,1,1,1.29,0,1.33,0,1.4,0,1,1,0,1,1
Seq_613,GELGRPVYVLGDPGYYATHCIYATTNDALIFSV,1,1,1,1,1,1,1,1,0,1,0,1,1,0,1,1,1.5,1,0,1.4
Seq_614,YGGIKKEIEAIKKEQEAIKKKIEAIEKEIEA,1,0,0,1,0,1.67,0,1,1.92,0,0,0,0,1,0,0,0,0,0,1
Seq_615,YTSLIHSLIEEYQNQQEKNEQELLELDKWASLWNWF,1,0,1,1.29,1,0,1,1,1,1.29,0,1,0,1.4,0,1,1,0,1,1
Seq_616,RQIKINFQNRRMKNKKGELDELVYLLDGPGYDPIHS,0,0,1,1,1,1,1,1,1.4,1.4,1,1,1,1,1.5,1,0,1,0,1
Seq_617,GELDELVYLLDGPGYDPIHS,0,0,1,1,0,1,1,1,0,1.4,0,0,1,0,0,1,0,1,0,1
Seq_618,KQNAANILRLKESIAATNEAVHEV,1.57,0,0,1,0,0,1,1,1,1,0,1,0,1,1,1,1,1,0,0
Seq_619,AVGIGAMFLGFLGAAGSTMGAAS,1.5,0,0,0,1,1,0,1,0,1,1,0,0,0,0,1,1,1,0,0
Seq_620,DREINNYTSLIHSLIEESQNQQEKNEQELLELDKWA,1,0,1,1.25,0,0,1,1,1,1.33,0,1.4,0,1.4,1,1,1,0,1,1
Seq_621,MDVNPYLLFLKVPAQ,1,0,1,0,1,0,0,0,1,1.5,1,1,1,1,0,0,0,1,0,1
Seq_622,WDREINNYTSLIHSLIEESQNQQEKNEQELLELDKW,0,0,1,1.25,0,0,1,1,1,1.33,0,1.4,0,1.4,1,1,1,0,1,1
Seq_623,MTWMAWDRAIANYAALIHALIEAAQNQQEKNEAALLEL,1.46,0,1,1,0,0,1,1,1,1.33,1.67,1,0,1.5,1,0,1,0,1,1
Seq_624,GELGRLVYLLDGPGYDPIHCSLAYGDASTLVVF,1,1,1,1,1,1.33,1,1,0,1.29,0,0,1,0,1,1,1,1.5,0,1
Seq_625,ISLERLDVGTNLGNAIAKLEDAKELLESSDQILRSM,1,0,1,1,0,1,0,1,1,1.25,1,1,0,1,1,1.4,1,1,0,0
Seq_626,QLQKWEDWVRWI,0,0,1,1,0,0,0,1,1,1,0,0,0,1,1,0,0,1,1,0
Seq_627,VWGIKQLQARILAVERYLKDQQLLGIWG,1,0,1,1,0,1,0,1,1,1.33,0,0,0,1.4,1,0,0,1,1,1
Seq_628,YTSLIHSLIEENQNQQEKNEQELLELDKWASLWNWF,1,0,1,1.29,1,0,1,1,1,1.29,0,1,0,1.4,0,1,1,0,1,1
Seq_629,YTSLIHSLIEESQNQQEKNEQELLELDKWASLWNSF,1,0,1,1.29,1,0,1,1,1,1.29,0,1,0,1.4,0,1,1,0,1,1
Seq_630,RQLLSQIVQQQNNLLRAIEAQQHLLQLT,1,0,0,1,0,0,1,1,0,1.6,0,1.67,0,1.83,1,1,1,1,0,0
Seq_631,NNMTWMEWDREINNYTSLIHSLIEESQNQQEKNEQE,0,0,1,1.25,0,0,1,1,1,1,1,1.5,0,1.4,1,1,1,0,1,1
Seq_632,IDISIELNKAKSDLEESKEWIRRSNQKLDSIGNWH,1,0,1,1.4,0,1,1,1.33,1,1,0,1,0,1,1.67,1,0,0,1,0
Seq_633,YTSLIHSLIEESQNQQEKNQQELLQLDKWASLWNWF,1,0,1,1.4,1,0,1,1,1,1.29,0,1,0,1.5,0,1,1,0,1,1
Seq_634,TTWEAWDRAIAEYAARIEALIRALQELQEKNEAALREL,1.36,0,1,1,0,0,0,1,1,1,0,1,0,1,1,0,1.67,0,1,1
Seq_635,MNINPTLLFLKVPAQ,1,0,0,0,1,0,0,1,1,1.5,1,1,1,1,0,0,1,1,0,0
Seq_636,KVDISSQISSMNQSLQQSKDYIKEAQRLLDTVNPSL,1,0,1,1,0,0,0,1,1,1.4,1,1,1,1.33,1,1.44,1,1,0,1
Seq_637,QLQKWEDWVRWIGNIPQYLKG,0,0,1,1,0,1,0,1,1,1,0,1,1,1,1,0,0,1,1,1
Seq_638,TTWEAWDRAIAEYAARIEALIRAAQEQQEKLEAVLREL,1.36,0,1,1,0,0,0,1,1,1,0,0,0,1.5,1,0,1.67,1,1,1
Seq_639,EWDREINNYTSLIHSLIEESQNQQEKNEQELLELDK,0,0,1,1.22,0,0,1,1,1,1.33,0,1.4,0,1.4,1,1,1,0,1,1
Seq_640,YTSLIHSLIEESQNQQEKNEQELLELDKWASLWNAF,1,0,1,1.29,1,0,1,1,1,1.29,0,1,0,1.4,0,1,1,0,1,1
Seq_641,TTWEAWDRAIAEYAARIEALIRAAQEQQEKLEAALREL,1.46,0,1,1,0,0,0,1,1,1,0,0,0,1.5,1,0,1.67,0,1,1
Seq_642,GELGRLVYLLDGPGYDPIHCDVVTRGGSHLFNF,0,1,1,1,1,1.5,1,1,0,1.33,0,1,1,0,1,1,1,1.5,0,1
Seq_643,TWMEWDREINNYTSLIHSLIEESQNQQEKNEQELLE,0,0,1,1.22,0,0,1,1,1,1.4,1,1.4,0,1.4,1,1,1,0,1,1
Seq_644,TTWEAWDRAIAEYAARIEALIRALQEQQEKNEAILREL,1.22,0,1,1,0,0,0,1,1,1,0,1,0,1.5,1,0,1.67,0,1,1
Seq_645,MEWDREINNYTSLIHSLIEESQNQQEKNEQELLELD,0,0,1,1.22,0,0,1,1,1,1.33,1,1.4,0,1.4,1,1,1,0,1,1
Seq_646,MTWMEWDREINNYTSLIHSLIEESQNQQEKNEQELL,0,0,1,1.25,0,0,1,1,1,1.4,2.5,1.4,0,1.4,1,1,1,0,1,1
Seq_647,YTSLIHSLIEEFQNQQEKNEQELLELDKWASLWNWF,1,0,1,1.29,1,0,1,1,1,1.29,0,1,0,1.4,0,1,1,0,1,1
Seq_648,YTSLIHSLIEESQNQQEKLEQELLELDKWASLWNWF,1,0,1,1.29,1,0,1,1,1,1.25,0,1,0,1.4,0,1,1,0,1,1
Seq_649,TTWEAWDRAIAEYAARIEALIRALQEQQEKNEAALREL,1.36,0,1,1,0,0,0,1,1,1,0,1,0,1.5,1,0,1.67,0,1,1
Seq_650,VALDPIDISIELNKAKSDLEESKEWIRRSNQKLDSI,1,0,1,1.4,0,0,0,1,1,1,0,1,1,1,1.67,1,0,1,1,0
Seq_651,MTWMEWDREINNYTSLIHSLIEESQNQQEKNEQELLEL,0,0,1,1.22,0,0,1,1,1,1.33,1.67,1.4,0,1.4,1,1,1,0,1,1
Seq_652,MNINPTLLFLKVPIQ,0,0,0,0,1,0,0,1,1,1.5,1,1,1,1,0,0,1,1,0,0
Seq_653,YTSLIHSLIEESQNQQEKNEQELLELNKWASLWNWF,1,0,0,1.29,1,0,1,1,1,1.29,0,1,0,1.4,0,1,1,0,1,1
Seq_654,MTWEAWDRAIAEYAARIEALIRAAQEQQEKNEAALREL,1.46,0,1,1,0,0,0,1,1,1,2,1,0,1.5,1,0,1,0,1,1
Seq_655,YTSLIHSLIQESQNQQEKNEQELLELDKWASLWNWF,1,0,1,1,1,0,1,1,1,1.29,0,1,0,1.33,0,1,1,0,1,1
Seq_656,TTWEAWDRAIAEYAARIEALIRAAQELQEKNEAALREL,1.46,0,1,1,0,0,0,1,1,1,0,1,0,1,1,0,1.67,0,1,1
Seq_657,TTWEAWDRAIAEYAARIEALIRAAQEQQEKNEAILREL,1.36,0,1,1,0,0,0,1,1,1,0,1,0,1.5,1,0,1.67,0,1,1
Seq_658,ISGINASVVNIQKEIDRLNEVAKNLNESLIDLQEL,1,0,1,1,0,1,0,1,1,1,0,1,0,1,1,1,0,1.5,0,0
Seq_659,YTSLIHSLIEQSQNQQEKNEQELLELDKWASLWNWF,1,0,1,1,1,0,1,1,1,1.29,0,1,0,1.33,0,1,1,0,1,1
Seq_660,TTWEAWDRAIAEYAARIEALIRAAQEQQEKNEAALREL,1.46,0,1,1,0,0,0,1,1,1,0,1,0,1.5,1,0,1.67,0,1,1
Seq_661,TTWEEWDREINEYTSRIESLIRESQEQQEKNEQELREL,0,0,1,1.17,0,0,0,1,1,1,0,1,0,1.4,1,1,1.5,0,1,1
Seq_662,ISGINASVVNIQEEIKKLNEEAKKLNESLIDLQEL,1,0,1,1.5,0,1,0,1,1.67,1,0,1,0,1,0,1,0,1.67,0,0
Seq_663,NYTSLIHSLIEESQNQQEKNEQELLELDKWASLWNW,1,0,1,1.29,0,0,1,1,1,1.29,0,1,0,1.4,0,1,1,0,1,1
Seq_664,YTSLIHSLIEESQNQQEKNEQELLELDKWASPWNWF,1,0,1,1.29,1,0,1,1,1,1.33,0,1,1,1.4,0,1,1,0,1,1
Seq_665,MDVNPFLLFLKVPAQ,1,0,1,0,1,0,0,0,1,1.5,1,1,1,1,0,0,0,1,0,0
Seq_666,MDVNPWLLFLKVPAQ,1,0,1,0,1,0,0,0,1,1.5,1,1,1,1,0,0,0,1,1,0
Seq_667,WMEWDREINNYTSLIHSLIEETQNQQEKNEQELL,0,0,1,1.25,0,0,1,1,1,1.4,1,1.4,0,1.4,1,1,1,0,1,1
Seq_668,LIHSLIEESQNQQEKNEQELLELDKWASLWNWFNIT,1,0,1,1.29,1,0,1,1,1,1.29,0,1,0,1.4,0,1,1,0,1,0
Seq_669,YTSLIHSLIEESQNQQEKNEQELLQLDKWASLWNWF,1,0,1,1.33,1,0,1,1,1,1.29,0,1,0,1.33,0,1,1,0,1,1
Seq_670,TTWEAWDRAIAEYAARIEALIRASQEQQEKNEAELREL,1.22,0,1,1,0,0,0,1,1,1,0,1,0,1.5,1,1,1.67,0,1,1
Seq_671,WMEWDREINNYTSLIHSLIEEAQNQQEKNEQELL,1,0,1,1.25,0,0,1,1,1,1.4,1,1.4,0,1.4,1,1,1,0,1,1
Seq_672,WMEWDREINNYTSLIHSLIEELQNQQEKNEQELL,0,0,1,1.25,0,0,1,1,1,1.33,1,1.4,0,1.4,1,1,1,0,1,1
Seq_673,WMEWDREINNYTSLIHSLIEESQNQQEKNEQELLEL,0,0,1,1.22,0,0,1,1,1,1.33,1,1.4,0,1.4,1,1,1,0,1,1
Seq_674,WEEWDKKIEEYTKKIEELIKKSEEQQKN,0,0,1,1.67,0,0,0,1,1.6,1,0,1,0,1.67,0,1,1,0,1,1
Seq_675,HCSLAYGDASTLVVF,1,1,1,0,1,1,1,0,0,1,0,0,0,0,0,1,1,1.67,0,1
Seq_676,HCIYATTNDALIFSV,1,1,1,0,1,0,1,1,0,1,0,1,0,0,0,1,1.67,1,0,1
Seq_677,GELGRIPSDTYDLAVGALHCPFYLVSGLVYLDG,1,1,1,1,1,1,1,1,0,1,0,0,1,0,1,1,1,1,0,1
Seq_678,GELDELVYLLDGPGYDPIHCDVVTRGGSRLFNF,0,1,1,1,1,1.57,1,1,0,1.33,0,1,1,0,1,1,1,1.5,0,1
Seq_679,NMTWMEWDREINNYTSLIHSLIEESQNQQEKNEQEL,0,0,1,1.25,0,0,1,1,1,1,1,1.33,0,1.4,1,1,1,0,1,1
Seq_680,QIWNNMTWMEWDREINNYTSLIHSLIEESQNQQEKN,0,0,1,1.33,0,0,1,1,1,1,1,1.5,0,1.4,1,1,1,0,1,1
Seq_681,SLIHSLIEESQNQQEKNEQELLELDKWASLWNWFNI,1,0,1,1.29,1,0,1,1,1,1.29,0,1,0,1.4,0,1,0,0,1,0
Seq_682,YTSLIHSLIEEGQNQQEKNEQELLELDKWASLWNWF,1,0,1,1.29,1,1,1,1,1,1.29,0,1,0,1.4,0,1,1,0,1,1
Seq_683,YTSLIQSLIEESQNQQEKNEQQLLELDKWASLWNWF,1,0,1,1.33,1,0,0,1,1,1.29,0,1,0,1.5,0,1,1,0,1,1
Seq_684,ANVVATYPAHS,1,0,0,0,0,0,1,0,0,0,0,1,1,0,0,1,1,1.67,0,1
Seq_685,WLVFFVIAYFAR,1,0,0,0,1.5,0,0,1,0,1,0,0,0,0,1,0,0,1,1,1
Seq_686,SVVPSKATWGFA,1,0,0,0,1,1,0,0,1,0,0,0,1,0,0,1,1,1.67,1,0
Seq_687,WLVFFVIFYFFRRRKK,0,0,0,0,1.57,0,0,1,1.67,1,0,0,0,0,2.33,0,0,1,1,1
Seq_688,RRKKWLVFFVIFYFFR,0,0,0,0,1.57,0,0,1,1.67,1,0,0,0,0,1.5,0,0,1,1,1
Seq_689,KWLCRIWSWISDVLDDFE,0,1,1.5,1,1,0,0,1,1,1,0,0,0,0,1,1,0,1,1,0
Seq_690,SWLWEVWDWVLHVLSDFK,0,0,1,1,1,0,1,0,1,1,0,0,0,0,0,1,0,1,1,0
Seq_691,TWLRAIWDWVCTALTDFK,1,1,1,0,1,0,0,1,1,1,0,0,0,0,1,0,1,1,1,0
Seq_692,SWLRDVWDWVCTVLSDFK,0,1,1,0,1,0,0,0,1,1,0,0,0,0,1,1,1,1,1,0
Seq_693,GAIVSTALPQWRIYSYAG,1,0,0,0,0,1,0,1,0,1,0,0,1,1,1,1,1,1,1,1
Seq_694,AGDDQGLDKCVPNSKEK,1,1,1.5,1,0,1,0,0,1,1,0,1,1,1,0,1,0,1,0,0
Seq_695,SWLRDIWDWLCELLSDFK,0,1,1,1,1,0,0,1,1,1.4,0,0,0,0,1,1,0,0,1,0
Seq_696,KKKKFVKKVAKKVKKVAKKVAKVAVAV,1,0,0,0,1,0,0,0,2.22,0,0,0,0,0,0,0,0,1,0,0
Seq_697,KRKRFAKKFLRFLRKVIRFLKRFIRRF,1,0,0,0,1,0,0,1,1.29,1,0,0,0,0,1.22,0,0,1,0,0
Seq_698,VVTTRLFMSLVASVRNAFQSGYISFDEIIKTE,1,0,1,1,1,1,0,1.5,1,1,1,1,0,1,1,1,1.5,1.4,0,1
Seq_699,FAVAVKAVAVKAVAVKAVKKAVKKVKKAVKKAVKKKK,1,0,0,0,1,0,0,0,2.12,0,0,0,0,0,0,0,0,1,0,0
Seq_700,NFYDPLVFPSDEFDASISQVNEKINQSLASIRKSDELLHNVNAGK,1,0,1,1,1,1,1,1,1,1.4,0,1,1,1,1,1,0,1,0,1
Seq_701,QKQIANQFNKAISQIQESLTTTSTALGKLQDVVNQNAQALNTLVKQ,1,0,1,1,1,1,0,1,1,1,0,1,0,1,0,1,2,1.5,0,0
Seq_702,QNQSANQFQKEISQINEVLTTTNTSLGKLQDDVNQNNQSLNTLQKE,1,0,1.67,1,1,1,0,1,1,1,0,1.22,0,1,0,1,2,1,0,0
Seq_703,GRRRRSVQWCAVSQPEATKCFQWQRNMRKVRGPPVSCIKRDSPIQCIQA,1,1,1,1,1,1,0,1,1,0,1,1,1.4,1,2.43,1,1,1,1,0
Seq_704,AVSKVLHLEGEVNKISALLSTNKAVVSLSNGVSVLTSKVLDLDNYIDKQLLPIVNK,1,0,1,1,0,1,1,1,1,1.33,0,1,1,1,0,1,1,1.2,0,1
Seq_705,PKEELDKYFKNHTSPDVDLGDISGINASVVNIQKEIDRLNEVAKNLNESLIDLQELGKYE,1,0,1,1.25,1,1,1,1,1,1,0,1,1,1,1,1,1,1.4,0,1
Seq_706,EELRVRLASHLRKLRKRLLRDADDLQKRLAVYEEQAQQIRLQAEAFQARLKSWFEPLVEDM,1,0,1.4,1.44,1,0,1,1,1,1.17,1,0,1,1.29,1,1,0,1,1,1
Seq_707,SLDQINVTFLDLEYEMKKLEEAIKKLEESYIDLKEL,1,0,1,1.44,1,0,0,1,1.57,1,1,1,0,1,0,1,1,1,0,1
Seq_708,NGAICWGPCPTAFRQIGNCGHFKVRCCKIR,1,1.33,0,0,1,1,1,1,1,0,0,1,1,1,1,0,1,1,1,0
Seq_709,CFPYITRPGTYHDWWYTRKNRQ,0,1,1,0,1,1,1,1,1,0,0,1,1,1,1,0,1,0,1.67,1
Seq_710,YTSLIHSLIEESQNQQEKNEQELLELDKWASLWNWF,1,0,1,1.29,1,0,1,1,1,1.29,0,1,0,1.4,0,1,1,0,1,1
Seq_711,GTNLSVPNPLGFFPDHQLDPAFGANSNNPDWDFNPNKDHWPEANKVG,1,0,1,1,1.4,1,1,0,1,1,0,1.22,1,1,0,1,1,1,1,0
Seq_712,SWETWEREIENYTRQIYRILEESQEQQDRNERDLLE,0,0,1,1.2,0,0,0,1,0,1.5,0,1,0,1.4,1,1,1,0,1,1