ID,Sequence,SER_A,SER_C,SER_D,SER_E,SER_F,SER_G,SER_H,SER_I,SER_K,SER_L,SER_M,SER_N,SER_P,SER_Q,SER_R,SER_S,SER_T,SER_V,SER_W,SER_Y
Seq_1,AAQRRGRVGRNPNQVGD,-0.363,0,-0.24,0,0,-0.442,0,0,0,0,0,-0.363,-0.24,-0.363,-0.491,0,0,-0.363,0,0
Seq_2,HRILARIRQMMT,-0.299,0,0,0,0,0,-0.299,-0.431,0,-0.299,-0.431,0,0,-0.299,-0.5,0,-0.299,0,0,0
Seq_3,RNPSQVGD,0,0,-0.375,0,0,-0.375,0,0,0,0,0,-0.375,-0.375,-0.375,-0.375,-0.375,0,-0.375,0,0
Seq_4,RVGRNPNQVGD,0,0,-0.314,0,0,-0.447,0,0,0,0,0,-0.447,-0.314,-0.314,-0.447,0,0,-0.447,0,0
Seq_5,AAQRRGRIGRNPSQVGD,-0.363,0,-0.24,0,0,-0.442,0,-0.24,0,0,0,-0.24,-0.24,-0.363,-0.491,-0.24,0,-0.24,0,0
Seq_6,ACWAAGIKQEF,-0.511,-0.314,0,-0.314,-0.314,-0.314,0,-0.314,-0.314,0,0,0,0,-0.314,0,0,0,0,-0.314,0
Seq_7,ACWGAGIKQEF,-0.447,-0.314,0,-0.314,-0.314,-0.447,0,-0.314,-0.314,0,0,0,0,-0.314,0,0,0,0,-0.314,0
Seq_8,ACWWAGIKAEF,-0.511,-0.314,0,-0.314,-0.314,-0.314,0,-0.314,-0.314,0,0,0,0,0,0,0,0,0,-0.447,0
Seq_9,ACWWAGIKQAF,-0.511,-0.314,0,0,-0.314,-0.314,0,-0.314,-0.314,0,0,0,0,-0.314,0,0,0,0,-0.447,0
Seq_10,ACWWAGIRQEF,-0.447,-0.314,0,-0.314,-0.314,-0.314,0,-0.314,0,0,0,0,0,-0.314,-0.314,0,0,0,-0.447,0
Seq_11,TAYALLKLAGRW,-0.5,0,0,0,0,-0.299,0,0,-0.299,-0.5,0,0,0,0,-0.299,0,-0.299,0,-0.299,-0.299
Seq_12,TAYFLAKLAGRW,-0.5,0,0,0,-0.299,-0.299,0,0,-0.299,-0.431,0,0,0,0,-0.299,0,-0.299,0,-0.299,-0.299
Seq_13,TAYFLLKAAGRW,-0.5,0,0,0,-0.299,-0.299,0,0,-0.299,-0.431,0,0,0,0,-0.299,0,-0.299,0,-0.299,-0.299
Seq_14,TAYFLLKLAGRA,-0.5,0,0,0,-0.299,-0.299,0,0,-0.299,-0.5,0,0,0,0,-0.299,0,-0.299,0,0,-0.299
Seq_15,TAYFLLKLAGRL,-0.431,0,0,0,-0.299,-0.299,0,0,-0.299,-0.528,0,0,0,0,-0.299,0,-0.299,0,0,-0.299
Seq_16,RGRRGIYR,0,0,0,0,0,-0.5,0,-0.375,0,0,0,0,0,0,-0.5,0,0,0,0,-0.375
Seq_17,RIGRNPSQVGD,0,0,-0.314,0,0,-0.447,0,-0.314,0,0,0,-0.314,-0.314,-0.314,-0.447,-0.314,0,-0.314,0,0
Seq_18,AGAVVNDL,-0.5,0,-0.375,0,0,-0.375,0,0,0,-0.375,0,-0.375,0,0,0,0,0,-0.5,0,0
Seq_19,AAGAVVNDL,-0.528,0,-0.352,0,0,-0.352,0,0,0,-0.352,0,-0.352,0,0,0,0,0,-0.482,0,0
Seq_20,EQVLKAVTNVLSPVFPGGET,-0.216,0,0,-0.332,-0.216,-0.332,0,0,-0.216,-0.332,0,-0.216,-0.332,-0.216,0,-0.216,-0.332,-0.464,0,0
Seq_21,SNNTIAIPTNFSISITTEVM,-0.216,0,0,-0.216,-0.216,0,0,-0.464,0,0,-0.216,-0.411,-0.216,0,0,-0.411,-0.464,-0.216,0,0
Seq_22,AAWWAGIKQEF,-0.511,0,0,-0.314,-0.314,-0.314,0,-0.314,-0.314,0,0,0,0,-0.314,0,0,0,0,-0.447,0
Seq_23,FKLPLGINITNFRAILTAFS,-0.332,0,0,0,-0.411,-0.216,0,-0.411,-0.216,-0.411,0,-0.332,-0.216,0,-0.216,-0.216,-0.332,0,0,0
Seq_24,LMRIRQMMT,0,0,0,0,0,0,0,-0.352,0,-0.352,-0.528,0,0,-0.352,-0.482,0,-0.352,0,0,0
Seq_25,CPFVKTQLC,0,-0.482,0,0,-0.352,0,0,0,-0.352,-0.352,0,0,-0.352,-0.352,0,0,-0.352,-0.352,0,0
Seq_26,VLYNSTFFSTFKCYGVSATK,-0.216,-0.216,0,0,-0.411,-0.216,0,0,-0.332,-0.216,0,-0.216,0,0,0,-0.411,-0.411,-0.332,0,-0.332
Seq_27,GIGVTQNVLYENQKQIANQF,-0.216,0,0,-0.216,-0.216,-0.332,0,-0.332,-0.216,-0.216,0,-0.411,0,-0.464,0,0,-0.216,-0.332,0,-0.216
Seq_28,PALNCYWPLNDYGFYTTSGI,-0.216,-0.216,-0.216,0,-0.216,-0.332,0,-0.216,0,-0.332,0,-0.332,-0.332,0,0,-0.216,-0.332,0,-0.216,-0.411
Seq_29,AAHLIDALYAEFLGGRVLTT,-0.464,0,-0.216,-0.216,-0.216,-0.332,-0.216,-0.216,0,-0.464,0,0,0,0,-0.216,0,-0.332,-0.216,0,-0.216
Seq_30,GLASTLTRWAHYNALIRAF,-0.473,0,0,0,-0.224,-0.224,-0.224,-0.224,0,-0.42,0,-0.224,0,0,-0.342,-0.224,-0.342,0,-0.224,-0.224
Seq_31,ATGQETAYFLLKLAGKA,-0.491,0,0,-0.24,-0.24,-0.363,0,0,-0.363,-0.442,0,0,0,-0.24,0,0,-0.363,0,0,-0.24
Seq_32,ACWWAGIKQEA,-0.511,-0.314,0,-0.314,0,-0.314,0,-0.314,-0.314,0,0,0,0,-0.314,0,0,0,0,-0.447,0
Seq_33,KQRQNKPPSKPNNDFHF,0,0,-0.24,0,-0.363,0,-0.24,0,-0.442,0,0,-0.442,-0.442,-0.363,-0.24,-0.24,0,0,0,0
Seq_34,NQIIEQLIKKEKVY,0,0,0,-0.401,0,0,0,-0.476,-0.476,-0.272,0,-0.272,0,-0.401,0,0,0,-0.272,0,-0.272
Seq_35,QKEGLHYTCSSHFPYSQYQF,0,-0.216,0,-0.216,-0.332,-0.216,-0.332,0,-0.216,-0.216,0,0,-0.216,-0.411,0,-0.411,-0.216,0,0,-0.411
Seq_36,KPPSKPNNDFHFEVFNFVP,0,0,-0.224,-0.224,-0.473,0,-0.224,0,-0.342,0,0,-0.42,-0.473,0,0,-0.224,0,-0.342,0,0
Seq_37,IKKTYEEIKKTYEEIKKTYEEIKKTYEEIKKTYEE,0,0,0,-0.516,0,0,0,-0.401,-0.516,0,0,0,0,0,0,0,-0.401,0,0,-0.401
Seq_38,LFYLVPGPGH,0,0,0,0,-0.332,-0.464,-0.332,0,0,-0.464,0,0,-0.464,0,0,0,0,-0.332,0,-0.332
Seq_39,YQLLIRPIYKNI,0,0,0,0,0,0,0,-0.5,-0.299,-0.431,0,-0.299,-0.299,-0.299,-0.299,0,0,0,0,-0.431
Seq_40,FIHFRIGCQHSRIGI,0,-0.26,0,0,-0.388,-0.388,-0.388,-0.509,0,0,0,0,0,-0.26,-0.388,-0.26,0,0,0,0
Seq_41,LSELDDRADALQAGASQFETSAAKLKRKYWWKN,-0.447,0,-0.314,-0.245,-0.153,-0.153,0,0,-0.369,-0.369,0,-0.153,0,-0.245,-0.245,-0.314,-0.153,0,-0.245,-0.153
Seq_42,RRGRVGRNPNQVGD,0,0,-0.272,0,0,-0.476,0,0,0,0,0,-0.401,-0.272,-0.272,-0.516,0,0,-0.401,0,0
Seq_43,TAAFLLKLAGRW,-0.5,0,0,0,-0.299,-0.299,0,0,-0.299,-0.5,0,0,0,0,-0.299,0,-0.299,0,-0.299,0
Seq_44,KQRQNKPPSKPNNDFHFEVFN,0,0,-0.209,-0.209,-0.401,0,-0.209,0,-0.401,0,0,-0.456,-0.401,-0.323,-0.209,-0.209,0,-0.209,0,0
Seq_45,HFPRIWLHSLGQHIY,0,0,0,0,-0.26,-0.26,-0.464,-0.388,0,-0.388,0,0,-0.26,-0.26,-0.26,-0.26,0,0,-0.26,-0.26
Seq_46,TASFLLKLAGRW,-0.431,0,0,0,-0.299,-0.299,0,0,-0.299,-0.5,0,0,0,0,-0.299,-0.299,-0.299,0,-0.299,0
Seq_47,CSICSNNPTCWAICKRIPNKKPGKK,-0.186,-0.423,0,0,0,-0.186,0,-0.367,-0.464,0,0,-0.367,-0.367,0,-0.186,-0.292,-0.186,0,-0.186,0
Seq_48,VPCSICSNNPTCWAICKRIPNKKPGKK,-0.176,-0.408,0,0,0,-0.176,0,-0.352,-0.451,0,0,-0.352,-0.408,0,-0.176,-0.278,-0.176,-0.176,-0.176,0
Seq_49,YQALIRMIYKNI,-0.299,0,0,0,0,0,0,-0.5,-0.299,-0.299,-0.299,-0.299,0,-0.299,-0.299,0,0,0,0,-0.431
Seq_50,FGGASCCLYCRCHIDHPNPKGFCDLKGKY,-0.168,-0.437,-0.266,0,-0.266,-0.394,-0.266,-0.168,-0.339,-0.266,0,-0.168,-0.266,0,-0.168,-0.168,0,0,0,-0.266
Seq_51,GGASCCLYCRCH,-0.299,-0.528,0,0,0,-0.431,-0.299,0,0,-0.299,0,0,0,0,-0.299,-0.299,0,0,0,-0.299
Seq_52,RRGRIGRNPSQVGD,0,0,-0.272,0,0,-0.476,0,-0.272,0,0,0,-0.272,-0.272,-0.272,-0.516,-0.272,0,-0.272,0,0
Seq_53,HRILMRARQMMT,-0.299,0,0,0,0,0,-0.299,-0.299,0,-0.299,-0.5,0,0,-0.299,-0.5,0,-0.299,0,0,0
Seq_54,TYGDTWAGVEAIIRI,-0.388,0,-0.26,-0.26,0,-0.388,0,-0.464,0,0,0,0,0,0,-0.26,0,-0.388,-0.26,-0.26,-0.26
Seq_55,AEAASQVTNTATIM,-0.516,0,0,-0.272,0,0,0,-0.272,0,0,-0.272,-0.272,0,-0.272,0,-0.272,-0.476,-0.272,0,0
Seq_56,VRLGSISVIGIVRGKK,0,0,0,0,0,-0.453,0,-0.453,-0.375,-0.25,0,0,0,0,-0.375,-0.375,0,-0.453,0,0
Seq_57,RSQKEGLHYTCSSHFPYSQYQFWK,0,-0.191,0,-0.191,-0.299,-0.191,-0.299,0,-0.299,-0.191,0,0,-0.191,-0.375,-0.191,-0.431,-0.191,0,-0.191,-0.375
Seq_58,AEASQVTNTATIM,-0.488,0,0,-0.285,0,0,0,-0.285,0,0,-0.285,-0.285,0,-0.285,0,-0.285,-0.488,-0.285,0,0
Seq_59,HRILMRIRQMAT,-0.299,0,0,0,0,0,-0.299,-0.431,0,-0.299,-0.431,0,0,-0.299,-0.5,0,-0.299,0,0,0
Seq_60,YQLLIRMI,0,0,0,0,0,0,0,-0.5,0,-0.5,-0.375,0,0,-0.375,-0.375,0,0,0,0,-0.375
Seq_61,ESELVSQIIEQLIKK,0,0,0,-0.464,0,0,0,-0.464,-0.388,-0.388,0,0,0,-0.388,0,-0.388,0,-0.26,0,0
Seq_62,IKKEKVYLAWVPAHKGIGN,-0.342,0,0,-0.224,0,-0.342,-0.224,-0.342,-0.473,-0.224,0,-0.224,-0.224,0,0,0,0,-0.342,-0.224,-0.224
Seq_63,IQAQPDQSESELVNQIIEQL,-0.216,0,-0.216,-0.411,0,0,0,-0.411,0,-0.332,0,-0.216,-0.216,-0.5,0,-0.332,0,-0.216,0,0
Seq_64,TAYFLLKLAARW,-0.5,0,0,0,-0.299,0,0,0,-0.299,-0.5,0,0,0,0,-0.299,0,-0.299,0,-0.299,-0.299
Seq_65,KAAKKAAKAAKKAAKWAKKAA,-0.489,0,0,0,0,0,0,0,-0.524,0,0,0,0,0,0,0,0,0,-0.209,0
Seq_66,IKKTYEEIKKTYEEIKKTYEEIKKTYEEIERDWEMV,0,0,-0.144,-0.513,0,0,0,-0.396,-0.482,0,-0.144,0,0,0,-0.144,0,-0.352,-0.144,-0.144,-0.352
Seq_67,TAYFALKLAGRW,-0.5,0,0,0,-0.299,-0.299,0,0,-0.299,-0.431,0,0,0,0,-0.299,0,-0.299,0,-0.299,-0.299
Seq_68,TAYFLLALAGRW,-0.5,0,0,0,-0.299,-0.299,0,0,0,-0.5,0,0,0,0,-0.299,0,-0.299,0,-0.299,-0.299
Seq_69,AEAMSQVANTATIM,-0.516,0,0,-0.272,0,0,0,-0.272,0,0,-0.401,-0.272,0,-0.272,0,-0.272,-0.401,-0.272,0,0
Seq_70,PDAVYLHRIDLGPPISLERLDVGTNLGNAIAKLED,-0.304,0,-0.358,-0.236,0,-0.304,-0.147,-0.304,-0.147,-0.436,0,-0.236,-0.304,0,-0.236,-0.147,-0.147,-0.236,0,-0.147
Seq_71,DAVYLHRIDLGPPISLERLDVGTNLQNAIAKLEDA,-0.358,0,-0.358,-0.236,0,-0.236,-0.147,-0.304,-0.147,-0.436,0,-0.236,-0.236,-0.147,-0.236,-0.147,-0.147,-0.236,0,-0.147
Seq_72,AVYLHRIDLGPPISLERLDVGTNLQNAIAKLEDAK,-0.358,0,-0.304,-0.236,0,-0.236,-0.147,-0.304,-0.236,-0.436,0,-0.236,-0.236,-0.147,-0.236,-0.147,-0.147,-0.236,0,-0.147
Seq_73,YTPNDITLNNSVALDPIDISIELNKAKSDLEESKE,-0.236,0,-0.358,-0.358,0,0,0,-0.358,-0.304,-0.358,0,-0.358,-0.236,0,0,-0.358,-0.236,-0.147,0,-0.147
Seq_74,TPNDITLNNSVALDPIDISIELNKAKSDLEESKEW,-0.236,0,-0.358,-0.358,0,0,0,-0.358,-0.304,-0.358,0,-0.358,-0.236,0,0,-0.358,-0.236,-0.147,-0.147,0
Seq_75,PNDITLNNSVALDPIDISIELNKAKSDLEESKEWI,-0.236,0,-0.358,-0.358,0,0,0,-0.401,-0.304,-0.358,0,-0.358,-0.236,0,0,-0.358,-0.147,-0.147,-0.147,0
Seq_76,NDITLNNSVALDPIDISIELNKAKSDLEESKEWIR,-0.236,0,-0.358,-0.358,0,0,0,-0.401,-0.304,-0.358,0,-0.358,-0.147,0,-0.147,-0.358,-0.147,-0.147,-0.147,0
Seq_77,DITLNNSVALDPIDISIELNKAKSDLEESKEWIRR,-0.236,0,-0.358,-0.358,0,0,0,-0.401,-0.304,-0.358,0,-0.304,-0.147,0,-0.236,-0.358,-0.147,-0.147,-0.147,0
Seq_78,NFYDPLVFPSDEFDASISQVNEKINQSLAFIRKSD,-0.236,0,-0.358,-0.236,-0.358,0,0,-0.304,-0.236,-0.236,0,-0.304,-0.236,-0.236,-0.147,-0.401,0,-0.236,0,-0.147
Seq_79,IEEINKKVEEIQKKIEELNKKAEELNKKLEELQKK,-0.147,0,0,-0.516,0,0,0,-0.358,-0.516,-0.358,0,-0.304,0,-0.236,0,0,0,-0.147,0,0
Seq_80,KWLDAFYKDVAKELEKAF,-0.431,0,-0.352,-0.352,-0.352,0,0,0,-0.482,-0.352,0,0,0,0,0,0,0,-0.232,-0.232,-0.232
Seq_81,KAFEEVLAKKFYDKALWD,-0.431,0,-0.352,-0.352,-0.352,0,0,0,-0.482,-0.352,0,0,0,0,0,0,0,-0.232,-0.232,-0.232
Seq_82,NKPFVFLM,0,0,0,0,-0.5,0,0,0,-0.375,-0.375,-0.375,-0.375,-0.375,0,0,0,0,-0.375,0,0
Seq_83,AAAMSQVTN,-0.528,0,0,0,0,0,0,0,0,0,-0.352,-0.352,0,-0.352,0,-0.352,-0.352,-0.352,0,0
Seq_84,AAYFLLKLAGRW,-0.5,0,0,0,-0.299,-0.299,0,0,-0.299,-0.5,0,0,0,0,-0.299,0,0,0,-0.299,-0.299
Seq_85,AEAIPMSIPPEVKFNKPFVF,-0.332,0,0,-0.332,-0.411,0,0,-0.332,-0.332,0,-0.216,-0.216,-0.464,0,0,-0.216,0,-0.332,0,0
Seq_86,LAAIPMSIPPEVKFNKPFVF,-0.332,0,0,-0.216,-0.411,0,0,-0.332,-0.332,-0.216,-0.216,-0.216,-0.464,0,0,-0.216,0,-0.332,0,0
Seq_87,LEAIPMSIPPEVKFNKPAVF,-0.332,0,0,-0.332,-0.332,0,0,-0.332,-0.332,-0.216,-0.216,-0.216,-0.464,0,0,-0.216,0,-0.332,0,0
Seq_88,LEAIPMSIPPEVKFNKPFAF,-0.332,0,0,-0.332,-0.411,0,0,-0.332,-0.332,-0.216,-0.216,-0.216,-0.464,0,0,-0.216,0,-0.216,0,0
Seq_89,LEAIPMSIPPEVKFNKPFVA,-0.332,0,0,-0.332,-0.332,0,0,-0.332,-0.332,-0.216,-0.216,-0.216,-0.464,0,0,-0.216,0,-0.332,0,0
Seq_90,INFYDPLVFPSDEFDASISQVNEKINQSLAFIRKS,-0.236,0,-0.304,-0.236,-0.358,0,0,-0.358,-0.236,-0.236,0,-0.304,-0.236,-0.236,-0.147,-0.401,0,-0.236,0,-0.147
Seq_91,IINFYDPLVFPSDEFDASISQVNEKINQSLAFIRK,-0.236,0,-0.304,-0.236,-0.358,0,0,-0.401,-0.236,-0.236,0,-0.304,-0.236,-0.236,-0.147,-0.358,0,-0.236,0,-0.147
Seq_92,YLHRIDLGPPISLERLDVGTNLGNAIAKLEDAKEL,-0.304,0,-0.304,-0.304,0,-0.304,-0.147,-0.304,-0.236,-0.464,0,-0.236,-0.236,0,-0.236,-0.147,-0.147,-0.147,0,-0.147
Seq_93,ACWWAAIKQEF,-0.511,-0.314,0,-0.314,-0.314,0,0,-0.314,-0.314,0,0,0,0,-0.314,0,0,0,0,-0.447,0
Seq_94,HRILMRIRQMMA,-0.299,0,0,0,0,0,-0.299,-0.431,0,-0.299,-0.5,0,0,-0.299,-0.5,0,0,0,0,0
Seq_95,GWWYKGRARAVSAVA,-0.509,0,0,0,0,-0.388,0,0,-0.26,0,0,0,0,0,-0.388,-0.26,0,-0.388,-0.388,-0.26
Seq_96,VYLHRIDLGPPISLERLDVGTNLQNAIAKLEDAKE,-0.304,0,-0.304,-0.304,0,-0.236,-0.147,-0.304,-0.236,-0.436,0,-0.236,-0.236,-0.147,-0.236,-0.147,-0.147,-0.236,0,-0.147
Seq_97,RMIYKNILFYLVPGPGHGAEPERRNIKYL,-0.168,0,0,-0.266,-0.168,-0.339,-0.168,-0.339,-0.266,-0.339,-0.168,-0.266,-0.339,0,-0.339,0,0,-0.168,0,-0.339
Seq_98,FHFEVFNFVPCSICSNNPTCWAICKRIPNKKPGKK,-0.147,-0.358,0,-0.147,-0.358,-0.147,-0.147,-0.304,-0.401,0,0,-0.358,-0.358,0,-0.147,-0.236,-0.147,-0.236,-0.147,0
Seq_99,LPRRLHLEPAFLPYSVKAHEC,-0.323,-0.209,0,-0.323,-0.209,0,-0.323,0,-0.209,-0.456,0,0,-0.401,0,-0.323,-0.209,0,-0.209,0,-0.209
Seq_100,YLQELLGE,0,0,0,-0.5,0,-0.375,0,0,0,-0.531,0,0,0,-0.375,0,0,0,0,0,-0.375
Seq_101,ILMAFSIDSPDSLEN,-0.26,0,-0.388,-0.26,-0.26,0,0,-0.388,0,-0.388,-0.26,-0.26,-0.26,0,0,-0.464,0,0,0,0
Seq_102,TLNNSVALDPIDISIELNKAKSDLEESKEWIRRSN,-0.236,0,-0.304,-0.358,0,0,0,-0.358,-0.304,-0.358,0,-0.358,-0.147,0,-0.236,-0.401,-0.147,-0.147,-0.147,0
Seq_103,ILMCFSINSPNSLQN,0,-0.26,0,0,-0.26,0,0,-0.388,0,-0.388,-0.26,-0.464,-0.26,-0.26,0,-0.464,0,0,0,0
Seq_104,YQLLIRAIYKNI,-0.299,0,0,0,0,0,0,-0.5,-0.299,-0.431,0,-0.299,0,-0.299,-0.299,0,0,0,0,-0.431
Seq_105,INLKAIAALAKKLL,-0.516,0,0,0,0,0,0,-0.401,-0.476,-0.516,0,-0.272,0,0,0,0,0,0,0,0
Seq_106,AETVESCLAKPHTEN,-0.388,-0.26,0,-0.464,0,0,-0.26,0,-0.26,-0.26,0,-0.26,-0.26,0,0,-0.26,-0.388,-0.26,0,0
Seq_107,GIFDKLAKEISIW,-0.285,0,-0.285,-0.285,-0.285,-0.285,0,-0.488,-0.415,-0.285,0,0,0,0,0,-0.285,0,0,-0.285,0
Seq_108,GLWEKIDKFASII,-0.285,0,-0.285,-0.285,-0.285,-0.285,0,-0.488,-0.415,-0.285,0,0,0,0,0,-0.285,0,0,-0.285,0
Seq_109,KRIVQRIKDFLR,0,0,-0.299,0,-0.299,0,0,-0.431,-0.431,-0.299,0,0,0,-0.299,-0.5,0,0,-0.299,0,0
Seq_110,ITLNNSVALDPIDISIELNKAKSDLEESKEWIRRS,-0.236,0,-0.304,-0.358,0,0,0,-0.401,-0.304,-0.358,0,-0.304,-0.147,0,-0.236,-0.401,-0.147,-0.147,-0.147,0
Seq_111,ACWWAGIAQEF,-0.511,-0.314,0,-0.314,-0.314,-0.314,0,-0.314,0,0,0,0,0,-0.314,0,0,0,0,-0.447,0
Seq_112,YQDVNCTDVSTAIHADQLTP,-0.332,-0.216,-0.411,0,0,0,-0.216,-0.216,0,-0.216,0,-0.216,-0.216,-0.332,0,-0.216,-0.411,-0.332,0,-0.216
Seq_113,FRPALIVRTKGTRL,-0.272,0,0,0,-0.272,-0.272,0,-0.272,-0.272,-0.401,0,0,-0.272,0,-0.476,0,-0.401,-0.272,0,0
Seq_114,PTTFMLKYDENGTITDAVDC,-0.216,-0.216,-0.411,-0.216,-0.216,-0.216,0,-0.216,-0.216,-0.216,-0.216,-0.216,-0.216,0,0,0,-0.464,-0.216,0,-0.216
Seq_115,ATHTICDRNHTW,-0.299,-0.299,-0.299,0,0,0,-0.431,-0.299,0,0,0,-0.299,0,0,-0.299,0,-0.5,0,-0.299,0
Seq_116,RLFDKIRQVIRKF,0,0,-0.285,0,-0.415,0,0,-0.415,-0.415,-0.285,0,0,0,-0.285,-0.488,0,0,-0.285,0,0
Seq_117,HRILMRIRQAMT,-0.299,0,0,0,0,0,-0.299,-0.431,0,-0.299,-0.431,0,0,-0.299,-0.5,0,-0.299,0,0,0
Seq_118,ARILMRIRQMMT,-0.299,0,0,0,0,0,0,-0.431,0,-0.299,-0.5,0,0,-0.299,-0.5,0,-0.299,0,0,0
Seq_119,HRILMRIRQMMT,0,0,0,0,0,0,-0.299,-0.431,0,-0.299,-0.5,0,0,-0.299,-0.5,0,-0.299,0,0,0
Seq_120,HRIAMRIRQMMT,-0.299,0,0,0,0,0,-0.299,-0.431,0,0,-0.5,0,0,-0.299,-0.5,0,-0.299,0,0,0
Seq_121,VDKPDYRPRPRPPNM,0,0,-0.388,0,0,0,0,0,-0.26,0,-0.26,-0.26,-0.528,0,-0.464,0,0,-0.26,0,-0.26
Seq_122,WEDAVRWI,-0.375,0,-0.375,-0.375,0,0,0,-0.375,0,0,0,0,0,0,-0.375,0,0,-0.375,-0.5,0
Seq_123,WEDWVRAI,-0.375,0,-0.375,-0.375,0,0,0,-0.375,0,0,0,0,0,0,-0.375,0,0,-0.375,-0.5,0
Seq_124,GAWYKGRARPVSAVA,-0.509,0,0,0,0,-0.388,0,0,-0.26,0,0,0,-0.26,0,-0.388,-0.26,0,-0.388,-0.26,-0.26
Seq_125,RPRLSHKGPMPF,0,0,0,0,-0.299,-0.299,-0.299,0,-0.299,-0.299,-0.299,0,-0.5,0,-0.431,-0.299,0,0,0,0
Seq_126,DFRRLPGAFWQLRQP,-0.26,0,-0.26,0,-0.388,-0.26,0,0,0,-0.388,0,0,-0.388,-0.388,-0.464,0,0,0,-0.26,0
Seq_127,CSIELSDIPLSVDFNTMID,0,-0.224,-0.42,-0.224,-0.224,0,0,-0.42,0,-0.342,-0.224,-0.224,-0.224,0,0,-0.42,-0.224,-0.224,0,0
Seq_128,TDVILMAFSIDSPDSLENI,-0.224,0,-0.42,-0.224,-0.224,0,0,-0.42,0,-0.342,-0.224,-0.224,-0.224,0,0,-0.42,-0.224,-0.224,0,0
Seq_129,TDVILMCFSI,0,-0.332,-0.332,0,-0.332,0,0,-0.464,0,-0.332,-0.332,0,0,0,0,-0.332,-0.332,-0.332,0,0
Seq_130,TDVILMCFSIDSP,0,-0.285,-0.415,0,-0.285,0,0,-0.415,0,-0.285,-0.285,0,-0.285,0,0,-0.415,-0.285,-0.285,0,0
Seq_131,CFSIDSPDSLENI,0,-0.285,-0.415,-0.285,-0.285,0,0,-0.415,0,-0.285,0,-0.285,-0.285,0,0,-0.488,0,0,0,0
Seq_132,ILMCFSIDS,0,-0.352,-0.352,0,-0.352,0,0,-0.482,0,-0.352,-0.352,0,0,0,0,-0.482,0,0,0,0
Seq_133,ILMCFSID,0,-0.375,-0.375,0,-0.375,0,0,-0.5,0,-0.375,-0.375,0,0,0,0,-0.375,0,0,0,0
Seq_134,AEPERRNIKYL,-0.314,0,0,-0.447,0,0,0,-0.314,-0.314,-0.314,0,-0.314,-0.314,0,-0.447,0,0,0,0,-0.314
Seq_135,KGRGKQGGKVRAKAKTRSS,-0.342,0,0,0,0,-0.473,0,0,-0.507,0,0,0,0,-0.224,-0.42,-0.342,-0.224,-0.224,0,0
Seq_136,GRFKRFRKKFKKLFK,0,0,0,0,-0.509,-0.26,0,0,-0.529,-0.26,0,0,0,0,-0.464,0,0,0,0,0
Seq_137,ILGPVLGLVSDTLDDVLGIL,0,0,-0.411,0,0,-0.411,0,-0.332,0,-0.521,0,0,-0.216,0,0,-0.216,-0.216,-0.411,0,0
Seq_138,CNDFRSKTC,0,-0.482,-0.352,0,-0.352,0,0,0,-0.352,0,0,-0.352,0,0,-0.352,-0.352,-0.352,0,0,0
Seq_139,GLKKLLGKLLKKLGKLLLK,0,0,0,0,0,-0.42,0,0,-0.531,-0.511,0,0,0,0,0,0,0,0,0,0
Seq_140,GNNRPVYIPQPRPPHPRI,0,0,0,0,0,-0.232,-0.232,-0.352,0,0,0,-0.352,-0.528,-0.232,-0.431,0,0,-0.232,0,-0.232
Seq_141,AKKAAKKAKKAAKKAKKWAKK,-0.53,0,0,0,0,0,0,0,-0.461,0,0,0,0,0,0,0,0,0,-0.209,0
Seq_142,ACGWAGIKQEF,-0.447,-0.314,0,-0.314,-0.314,-0.447,0,-0.314,-0.314,0,0,0,0,-0.314,0,0,0,0,-0.314,0
Seq_143,GKPRPYSPRPTSHPRPIRV,0,0,0,0,0,-0.224,-0.224,-0.224,-0.224,0,0,0,-0.525,0,-0.473,-0.342,-0.224,-0.224,0,-0.224
Seq_144,YQLLARMIYKNI,-0.299,0,0,0,0,0,0,-0.431,-0.299,-0.431,-0.299,-0.299,0,-0.299,-0.299,0,0,0,0,-0.431
Seq_145,AVASVPRARGKYWWG,-0.464,0,0,0,0,-0.388,0,0,-0.26,0,0,0,-0.26,0,-0.388,-0.26,0,-0.388,-0.388,-0.26
Seq_146,HRILMRIR,0,0,0,0,0,0,-0.375,-0.5,0,-0.375,-0.375,0,0,0,-0.531,0,0,0,0,0
Seq_147,ECRSTSYAGAVVNDL,-0.388,-0.26,-0.26,-0.26,0,-0.26,0,0,0,-0.26,0,-0.26,0,0,-0.26,-0.388,-0.26,-0.388,0,-0.26
Seq_148,ALNCYWPLNDYGFYTTTGIGYQPYRVVVLSFEL,-0.153,-0.153,-0.153,-0.153,-0.245,-0.314,0,-0.153,0,-0.369,0,-0.245,-0.245,-0.153,-0.153,-0.153,-0.314,-0.314,-0.153,-0.412
Seq_149,TRSSRAGLQFPVGRVHRLLRK,-0.209,0,0,0,-0.209,-0.323,-0.209,0,-0.209,-0.401,0,0,-0.209,-0.209,-0.493,-0.323,-0.209,-0.323,0,0
Seq_150,AKKAAKKAKKAAKKAKKAAKK,-0.524,0,0,0,0,0,0,0,-0.461,0,0,0,0,0,0,0,0,0,0,0
Seq_151,KRIVQRIKDFLRNLVPRTES,0,0,-0.216,-0.216,-0.216,0,0,-0.332,-0.332,-0.332,0,-0.216,-0.216,-0.216,-0.464,-0.216,-0.216,-0.332,0,0
Seq_152,YQLLIRMIAKNI,-0.299,0,0,0,0,0,0,-0.5,-0.299,-0.431,-0.299,-0.299,0,-0.299,-0.299,0,0,0,0,-0.299
Seq_153,RQRVEELSKFSKKGAAARRRK,-0.401,0,0,-0.323,-0.209,-0.209,0,0,-0.456,-0.209,0,0,0,-0.209,-0.493,-0.323,0,-0.209,0,0
Seq_154,ALQELLGQWLKDGGPSSGRPPPS,-0.197,0,-0.197,-0.197,0,-0.439,0,0,-0.197,-0.439,0,0,-0.439,-0.306,-0.197,-0.383,0,0,-0.197,0
Seq_155,GIGKFLHSAGKFGKAFVGEIMKS,-0.306,0,0,-0.197,-0.383,-0.479,-0.197,-0.306,-0.439,-0.197,-0.197,0,0,0,0,-0.306,0,-0.197,0,0
Seq_156,INNYTSLIGSLIEESQNQQEKNEQELLE,0,0,0,-0.476,0,-0.172,0,-0.345,-0.172,-0.401,0,-0.401,0,-0.401,0,-0.345,-0.172,0,0,-0.172
Seq_157,RPKHPIKHQGLPQEVLNENLLRF,0,0,0,-0.306,-0.197,-0.197,-0.306,-0.197,-0.306,-0.439,0,-0.306,-0.383,-0.306,-0.306,0,0,-0.197,0,0
Seq_158,VLDLIYSLHKQINRGLKKIVL,0,0,-0.209,0,0,-0.209,-0.209,-0.401,-0.401,-0.493,0,-0.209,0,-0.209,-0.209,-0.209,0,-0.323,0,-0.209
Seq_159,RQMRAWGQDYQHGGMGYSC,-0.224,-0.224,-0.224,0,0,-0.473,-0.224,0,0,0,-0.342,0,0,-0.42,-0.342,-0.224,0,0,-0.224,-0.342
Seq_160,ILMCFSIDSP,0,-0.332,-0.332,0,-0.332,0,0,-0.464,0,-0.332,-0.332,0,-0.332,0,0,-0.464,0,0,0,0
Seq_161,GLNTLKKVFQGLHEAIKLINNHVQ,-0.191,0,0,-0.191,-0.191,-0.299,-0.299,-0.299,-0.375,-0.431,0,-0.375,0,-0.299,0,0,-0.191,-0.299,0,0
Seq_162,LLGDLLRKSKEKIGKEFKRIVQR,0,0,-0.197,-0.306,-0.197,-0.306,0,-0.306,-0.479,-0.439,0,0,0,-0.197,-0.383,-0.197,0,-0.197,0,0
Seq_163,IWLTALKFLGKHAAKHLAKQQLSKL,-0.423,0,0,0,-0.186,-0.186,-0.292,-0.186,-0.464,-0.494,0,0,0,-0.292,0,-0.186,-0.186,0,-0.186,0
Seq_164,PTSNHSPTSCPPTCPGYRWMCLRRF,0,-0.367,0,0,-0.186,-0.186,-0.186,0,0,-0.186,-0.186,-0.186,-0.464,0,-0.367,-0.367,-0.367,0,-0.186,-0.186
Seq_165,ALDKAEESNSKADKVNVKLT,-0.411,0,-0.332,-0.332,0,0,0,0,-0.464,-0.332,0,-0.332,0,0,0,-0.332,-0.216,-0.332,0,0
Seq_166,YQLLIRMAYKNI,-0.299,0,0,0,0,0,0,-0.431,-0.299,-0.431,-0.299,-0.299,0,-0.299,-0.299,0,0,0,0,-0.431
Seq_167,SPAIFQSSMTKILEPFRKQN,-0.216,0,0,-0.216,-0.332,0,0,-0.332,-0.332,-0.216,-0.216,-0.216,-0.332,-0.332,-0.216,-0.411,-0.216,0,0,0
Seq_168,RTGRGRRGIYR,0,0,0,0,0,-0.511,0,-0.314,0,0,0,0,0,0,-0.517,0,-0.314,0,0,-0.314
Seq_169,HRALMRIRQMMT,-0.299,0,0,0,0,0,-0.299,-0.299,0,-0.299,-0.5,0,0,-0.299,-0.5,0,-0.299,0,0,0
Seq_170,HRILMRIRAMMT,-0.299,0,0,0,0,0,-0.299,-0.431,0,-0.299,-0.5,0,0,0,-0.5,0,-0.299,0,0,0
Seq_171,GAWKNFWSSLRKGFYDGEAGRAIRR,-0.367,0,-0.186,-0.186,-0.292,-0.423,0,-0.186,-0.292,-0.186,0,-0.186,0,0,-0.423,-0.292,0,0,-0.292,-0.186
Seq_172,YQLLIAMIYKNI,-0.299,0,0,0,0,0,0,-0.5,-0.299,-0.431,-0.299,-0.299,0,-0.299,0,0,0,0,0,-0.431
Seq_173,KKKKYRNIRRPG,0,0,0,0,0,-0.299,0,-0.299,-0.528,0,0,-0.299,-0.299,0,-0.5,0,0,0,0,-0.299
Seq_174,AALYKKKIIKKLLES,-0.388,0,0,-0.26,0,0,0,-0.388,-0.528,-0.464,0,0,0,0,0,-0.26,0,0,0,-0.26
Seq_175,NLVSGLIEARKYLEQLHRKLKNRKV,-0.186,0,0,-0.292,0,-0.186,-0.186,-0.186,-0.423,-0.464,0,-0.292,0,-0.186,-0.367,-0.186,0,-0.292,0,-0.186
Seq_176,ACAWAGIKQEF,-0.511,-0.314,0,-0.314,-0.314,-0.314,0,-0.314,-0.314,0,0,0,0,-0.314,0,0,0,0,-0.314,0
Seq_177,QQLLFIHFRIGCQHS,0,-0.26,0,0,-0.388,-0.26,-0.388,-0.388,0,-0.388,0,0,0,-0.464,-0.26,-0.26,0,0,0,0
Seq_178,SWKSMAKKLKEYMEKLKQRA,-0.332,0,0,-0.332,0,0,0,0,-0.521,-0.332,-0.332,0,0,-0.216,-0.216,-0.332,0,0,-0.216,-0.216
Seq_179,GLRSKIWLWVLLMIWQESNKFKKM,0,0,0,-0.191,-0.191,-0.191,0,-0.299,-0.431,-0.431,-0.299,-0.191,0,-0.191,-0.191,-0.299,0,-0.191,-0.375,0
Seq_180,PLVFPSDEFDASISQVNEKINQSLAFIRKSDELLH,-0.236,0,-0.304,-0.304,-0.304,0,-0.147,-0.304,-0.236,-0.358,0,-0.236,-0.236,-0.236,-0.147,-0.401,0,-0.236,0,0
Seq_181,PLSPPLRNTHPQAMQWNSTTF,-0.209,0,0,0,-0.209,0,-0.209,0,0,-0.323,-0.209,-0.323,-0.456,-0.323,-0.209,-0.323,-0.401,0,-0.209,0
Seq_182,AGERIVDIIA,-0.464,0,-0.332,-0.332,0,-0.332,0,-0.521,0,0,0,0,0,0,-0.332,0,0,-0.332,0,0
Seq_183,YGAVVNDL,-0.375,0,-0.375,0,0,-0.375,0,0,0,-0.375,0,-0.375,0,0,0,0,0,-0.5,0,-0.375
Seq_184,GWLKKIESIIDAF,-0.285,0,-0.285,-0.285,-0.285,-0.285,0,-0.488,-0.415,-0.285,0,0,0,0,0,-0.285,0,0,-0.285,0
Seq_185,STSYAGAVVNDL,-0.431,0,-0.299,0,0,-0.299,0,0,0,-0.299,0,-0.299,0,0,0,-0.431,-0.299,-0.431,0,-0.299
Seq_186,ILPWKWPWWPWRR,0,0,0,0,0,0,0,-0.285,-0.285,-0.285,0,0,-0.488,0,-0.415,0,0,0,-0.53,0
Seq_187,YTSLIHSLIEESQNQQEKNEQELLELDKWASLANAA,-0.352,0,-0.144,-0.431,0,0,-0.144,-0.232,-0.232,-0.431,0,-0.299,0,-0.352,0,-0.352,-0.144,0,-0.144,-0.144
Seq_188,CSSHFPYSQYQFWK,0,-0.272,0,0,-0.401,0,-0.272,0,-0.272,0,0,0,-0.272,-0.401,0,-0.476,0,0,-0.272,-0.401
Seq_189,KNGRKLCLDLQAALY,-0.388,-0.26,-0.26,0,0,-0.26,0,0,-0.388,-0.509,0,-0.26,0,-0.26,-0.26,0,0,0,0,-0.26
Seq_190,RTQRRGRTGRGKPGIYR,0,0,0,0,0,-0.491,0,-0.24,-0.24,0,0,0,-0.24,-0.24,-0.53,0,-0.363,0,0,-0.24
Seq_191,WICEVLSDFK,0,-0.332,-0.332,-0.332,-0.332,0,0,-0.332,-0.332,-0.332,0,0,0,0,0,-0.332,0,-0.332,-0.332,0
Seq_192,CEVLSDFK,0,-0.375,-0.375,-0.375,-0.375,0,0,0,-0.375,-0.375,0,0,0,0,0,-0.375,0,-0.375,0,0
Seq_193,SWLRDIWDWICEV,0,-0.285,-0.415,-0.285,0,0,0,-0.415,0,-0.285,0,0,0,0,-0.285,-0.285,0,-0.285,-0.488,0
Seq_194,SWLRDIWDWICE,0,-0.299,-0.431,-0.299,0,0,0,-0.431,0,-0.299,0,0,0,0,-0.299,-0.299,0,0,-0.5,0
Seq_195,SWLRDIWDWI,0,0,-0.464,0,0,0,0,-0.464,0,-0.332,0,0,0,0,-0.332,-0.332,0,0,-0.521,0
Seq_196,SWLRDIWD,0,0,-0.5,0,0,0,0,-0.375,0,-0.375,0,0,0,0,-0.375,-0.375,0,0,-0.5,0
Seq_197,LRDIWDWICEVLSDFK,0,-0.25,-0.453,-0.25,-0.25,0,0,-0.375,-0.25,-0.375,0,0,0,0,-0.25,-0.25,0,-0.25,-0.375,0
Seq_198,DIWDWICEVLSDFK,0,-0.272,-0.476,-0.272,-0.272,0,0,-0.401,-0.272,-0.272,0,0,0,0,0,-0.272,0,-0.272,-0.401,0
Seq_199,WDWICEVLSDFK,0,-0.299,-0.431,-0.299,-0.299,0,0,-0.299,-0.299,-0.299,0,0,0,0,0,-0.299,0,-0.299,-0.431,0
Seq_200,ALQELLGEYIQWLKDGGPSSGRPPPS,-0.181,0,-0.181,-0.285,0,-0.415,0,-0.181,-0.181,-0.415,0,0,-0.415,-0.285,-0.181,-0.359,0,0,-0.181,-0.181
Seq_201,IEESQNQQEKNEQELLELDKWASLWNWFNITNWLWL,-0.144,0,-0.144,-0.431,-0.144,0,0,-0.232,-0.232,-0.431,0,-0.396,0,-0.352,0,-0.232,-0.144,0,-0.396,0
Seq_202,VSTALPQWRIYSYAGDNI,-0.352,0,-0.232,0,0,-0.232,0,-0.352,0,-0.232,0,-0.232,-0.232,-0.232,-0.232,-0.352,-0.232,-0.232,-0.232,-0.352
Seq_203,ALPQWRIYSYAGDNIVTA,-0.431,0,-0.232,0,0,-0.232,0,-0.352,0,-0.232,0,-0.232,-0.232,-0.232,-0.232,-0.232,-0.232,-0.232,-0.232,-0.352
Seq_204,AGALMFAWLLLGLQGIFN,-0.431,0,0,0,-0.352,-0.431,0,-0.232,0,-0.513,-0.232,-0.232,0,-0.232,0,0,0,0,-0.232,0
Seq_205,MASAGMQILGVVLTLLGW,-0.352,0,0,0,0,-0.431,0,-0.232,0,-0.482,-0.352,0,0,-0.232,0,-0.232,-0.232,-0.352,-0.232,0
Seq_206,MANSGLQLLGFSMALLGW,-0.352,0,0,0,-0.232,-0.431,0,0,0,-0.513,-0.352,-0.232,0,-0.232,0,-0.352,0,0,-0.232,0
Seq_207,MASTGLELLGMTLAVLGW,-0.352,0,0,-0.232,0,-0.431,0,0,0,-0.513,-0.352,0,0,0,0,-0.232,-0.352,-0.232,-0.232,0
Seq_208,KPNNDFHFEVFNFVPCSICSNNPTCWAICKRI,-0.156,-0.375,-0.156,-0.156,-0.375,0,-0.156,-0.32,-0.25,0,0,-0.418,-0.32,0,-0.156,-0.25,-0.156,-0.25,-0.156,0
Seq_209,ARRAKRRARRAKRRARRKKRR,-0.493,0,0,0,0,0,0,0,-0.456,0,0,0,0,0,-0.461,0,0,0,0,0
Seq_210,STQRRGRTGRGRRGIYR,0,0,0,0,0,-0.491,0,-0.24,0,0,0,0,0,-0.24,-0.527,-0.24,-0.363,0,0,-0.24
Seq_211,LEAIAMSIPPEVKFNKPFVF,-0.332,0,0,-0.332,-0.411,0,0,-0.332,-0.332,-0.216,-0.216,-0.216,-0.411,0,0,-0.216,0,-0.332,0,0
Seq_212,LEAIPMSAPPEVKFNKPFVF,-0.332,0,0,-0.332,-0.411,0,0,-0.216,-0.332,-0.216,-0.216,-0.216,-0.464,0,0,-0.216,0,-0.332,0,0
Seq_213,ACFPWGKEYCGGK,-0.285,-0.415,0,-0.285,-0.285,-0.488,0,0,-0.415,0,0,0,-0.285,0,0,0,0,0,-0.285,-0.285
Seq_214,YAGAVVNDLL,-0.464,0,-0.332,0,0,-0.332,0,0,0,-0.464,0,-0.332,0,0,0,0,0,-0.464,0,-0.332
Seq_215,ATCYCRTGRCATRESRSGVCEISGRLYRLCCR,-0.25,-0.453,0,-0.25,0,-0.32,0,-0.156,0,-0.25,0,0,0,0,-0.48,-0.32,-0.32,-0.156,0,-0.25
Seq_216,GWIGAIVSTALPQWRIYS,-0.352,0,0,0,0,-0.352,0,-0.431,0,-0.232,0,0,-0.232,-0.232,-0.232,-0.352,-0.232,-0.232,-0.352,-0.232
Seq_217,GICRCICGRGICRCICGRIGGRVPGVGVPGVGHHHHHH,0,-0.42,0,0,0,-0.507,-0.42,-0.385,0,0,0,0,-0.224,0,-0.385,0,0,-0.342,0,0
Seq_218,TAYFLLKLAGRW,-0.431,0,0,0,-0.299,-0.299,0,0,-0.299,-0.5,0,0,0,0,-0.299,0,-0.299,0,-0.299,-0.299
Seq_219,GIIDIAKKLFESW,-0.285,0,-0.285,-0.285,-0.285,-0.285,0,-0.488,-0.415,-0.285,0,0,0,0,0,-0.285,0,0,-0.285,0
Seq_220,FYDPLVFPSDEFDASISQVNEKINQSLAFIRKSDE,-0.236,0,-0.358,-0.304,-0.358,0,0,-0.304,-0.236,-0.236,0,-0.236,-0.236,-0.236,-0.147,-0.401,0,-0.236,0,-0.147
Seq_221,RRLHLEPAFLPYSVKAHECC,-0.332,-0.332,0,-0.332,-0.216,0,-0.332,0,-0.216,-0.411,0,0,-0.332,0,-0.332,-0.216,0,-0.216,0,-0.216
Seq_222,RRRRRRRRHPAEPGSTVTTQNTASQTMS,-0.272,0,0,-0.172,0,-0.172,-0.172,0,0,0,-0.172,-0.172,-0.272,-0.272,-0.516,-0.345,-0.444,-0.172,0,0
Seq_223,LLDCWVRLGRYLLRRLKTPFT,0,-0.209,-0.209,0,-0.209,-0.209,0,0,-0.209,-0.516,0,0,-0.209,0,-0.456,0,-0.323,-0.209,-0.209,-0.209
Seq_224,LDCWVRLGRYLLRRLKTPFTRL,0,-0.203,-0.203,0,-0.203,-0.203,0,0,-0.203,-0.511,0,0,-0.203,0,-0.486,0,-0.314,-0.203,-0.203,-0.203
Seq_225,VRLGRYLLRRLKTPFTRL,0,0,0,0,-0.232,-0.232,0,0,-0.232,-0.513,0,0,-0.232,0,-0.513,0,-0.352,-0.232,0,-0.232
Seq_226,DWLKAFYDKVAEKLKEAF,-0.431,0,-0.352,-0.352,-0.352,0,0,0,-0.482,-0.352,0,0,0,0,0,0,0,-0.232,-0.232,-0.232
Seq_227,QRPRLSHKGPMPF,0,0,0,0,-0.285,-0.285,-0.285,0,-0.285,-0.285,-0.285,0,-0.488,-0.285,-0.415,-0.285,0,0,0,0
Seq_228,YKFACPECPKRFMRSDHLSKHITLHELLGEERR,-0.153,-0.245,-0.153,-0.369,-0.245,-0.153,-0.314,-0.153,-0.314,-0.369,-0.153,0,-0.245,0,-0.369,-0.245,-0.153,0,0,-0.153
Seq_229,VFPSDEFDASISQVNEKINQSLAFIRKSDELLHNV,-0.236,0,-0.304,-0.304,-0.304,0,-0.147,-0.304,-0.236,-0.304,0,-0.304,-0.147,-0.236,-0.147,-0.401,0,-0.304,0,0
Seq_230,GSRVQIRCRFRNSTR,0,-0.26,0,0,-0.26,-0.26,0,-0.26,0,0,0,-0.26,0,-0.26,-0.528,-0.388,-0.26,-0.26,0,0
Seq_231,TDVILMCFSIDSPDSLEAI,-0.224,-0.224,-0.42,-0.224,-0.224,0,0,-0.42,0,-0.342,-0.224,0,-0.224,0,0,-0.42,-0.224,-0.224,0,0
Seq_232,ARRAWRRARRAARRARRAARR,-0.53,0,0,0,0,0,0,0,0,0,0,0,0,0,-0.461,0,0,0,-0.209,0
Seq_233,FKPSSPPSITLW,0,0,0,0,-0.299,0,0,-0.299,-0.299,-0.299,0,0,-0.5,0,0,-0.5,-0.299,0,-0.299,0
Seq_234,LEAIPMSIPPEVKFAKPFVF,-0.332,0,0,-0.332,-0.411,0,0,-0.332,-0.332,-0.216,-0.216,0,-0.464,0,0,-0.216,0,-0.332,0,0
Seq_235,FLQDSKAELEKARKILSEVG,-0.332,0,-0.216,-0.411,-0.216,-0.216,0,-0.216,-0.411,-0.411,0,0,0,-0.216,-0.216,-0.332,0,-0.216,0,0
Seq_236,VILMCFSIDSPDSLENI,0,-0.24,-0.363,-0.24,-0.24,0,0,-0.442,0,-0.363,-0.24,-0.24,-0.24,0,0,-0.442,0,-0.24,0,0
Seq_237,FLFPLITSFLSKVL,0,0,0,0,-0.476,0,0,-0.272,-0.272,-0.516,0,0,-0.272,0,0,-0.401,-0.272,-0.272,0,0
Seq_238,LEAIPMSIAPEVKFNKPFVF,-0.332,0,0,-0.332,-0.411,0,0,-0.332,-0.332,-0.216,-0.216,-0.216,-0.411,0,0,-0.216,0,-0.332,0,0
Seq_239,ILPWKWPWWPWPP,0,0,0,0,0,0,0,-0.285,-0.285,-0.285,0,0,-0.53,0,0,0,0,0,-0.53,0
Seq_240,TDVILMCFSIDSADSLENI,-0.224,-0.224,-0.42,-0.224,-0.224,0,0,-0.42,0,-0.342,-0.224,-0.224,0,0,0,-0.42,-0.224,-0.224,0,0
Seq_241,LLDCWVRLGRYLLRRLKTPFTRL,0,-0.197,-0.197,0,-0.197,-0.197,0,0,-0.197,-0.522,0,0,-0.197,0,-0.479,0,-0.306,-0.197,-0.197,-0.197
Seq_242,SMEKLAGFGAVGAGATAEETRRMLHRAFDTLA,-0.48,0,-0.156,-0.32,-0.25,-0.375,-0.156,0,-0.156,-0.32,-0.25,0,0,0,-0.32,-0.156,-0.32,-0.156,0,0
Seq_243,LEAIPMSIPPEVKFNKPFVF,-0.216,0,0,-0.332,-0.411,0,0,-0.332,-0.332,-0.216,-0.216,-0.216,-0.464,0,0,-0.216,0,-0.332,0,0
Seq_244,YQLAIRMIYKNI,-0.299,0,0,0,0,0,0,-0.5,-0.299,-0.299,-0.299,-0.299,0,-0.299,-0.299,0,0,0,0,-0.431
Seq_245,QYGSFCTQLNRALSGIAAEQ,-0.411,-0.216,0,-0.216,-0.216,-0.332,0,-0.216,0,-0.332,0,-0.216,0,-0.411,-0.216,-0.332,-0.216,0,0,-0.216
Seq_246,SWLRDIWDWISEVLSDFK,0,0,-0.431,-0.232,-0.232,0,0,-0.352,-0.232,-0.352,0,0,0,0,-0.232,-0.431,0,-0.232,-0.431,0
Seq_247,ATCYCRRGRCATRESLSGVCEISGRLYRLCCR,-0.25,-0.453,0,-0.25,0,-0.32,0,-0.156,0,-0.32,0,0,0,0,-0.48,-0.32,-0.25,-0.156,0,-0.25
Seq_248,ISLERLDVGTNLGNAIAKLEDAKELLESSDQILRS,-0.304,0,-0.304,-0.358,0,-0.236,0,-0.304,-0.236,-0.464,0,-0.236,0,-0.147,-0.236,-0.358,-0.147,-0.147,0,0
Seq_249,EFDASISQVNEKINQSLAFIRKSDELLHNVNAGKS,-0.304,0,-0.236,-0.304,-0.236,-0.147,-0.147,-0.304,-0.304,-0.304,0,-0.358,0,-0.236,-0.147,-0.401,0,-0.236,0,0
Seq_250,ACFPWGNTWCGGK,-0.285,-0.415,0,0,-0.285,-0.488,0,0,-0.285,0,0,-0.285,-0.285,0,0,0,-0.285,0,-0.415,0
Seq_251,SWLRDIWDWIEEVLSDFK,0,0,-0.431,-0.352,-0.232,0,0,-0.352,-0.232,-0.352,0,0,0,0,-0.232,-0.352,0,-0.232,-0.431,0
Seq_252,ARRAKRRARRAARRARRKARR,-0.528,0,0,0,0,0,0,0,-0.323,0,0,0,0,0,-0.461,0,0,0,0,0
Seq_253,LEAIPASIPPEVKFNKPFVF,-0.332,0,0,-0.332,-0.411,0,0,-0.332,-0.332,-0.216,0,-0.216,-0.464,0,0,-0.216,0,-0.332,0,0
Seq_254,LEAIPMSIPPEVKFNKAFVF,-0.332,0,0,-0.332,-0.411,0,0,-0.332,-0.332,-0.216,-0.216,-0.216,-0.411,0,0,-0.216,0,-0.332,0,0
Seq_255,SWLRDIWDWIREVLSDFK,0,0,-0.431,-0.232,-0.232,0,0,-0.352,-0.232,-0.352,0,0,0,0,-0.352,-0.352,0,-0.232,-0.431,0
Seq_256,AFLGWIGAIVSTALPQWR,-0.431,0,0,0,-0.232,-0.352,0,-0.352,0,-0.352,0,0,-0.232,-0.232,-0.232,-0.232,-0.232,-0.232,-0.352,0
Seq_257,ILMCFSIDSPDSL,0,-0.285,-0.415,0,-0.285,0,0,-0.415,0,-0.415,-0.285,0,-0.285,0,0,-0.488,0,0,0,0
Seq_258,SLERLDVGTNLGNAIAKLEDAKELLESSDQILRSM,-0.304,0,-0.304,-0.358,0,-0.236,0,-0.236,-0.236,-0.464,-0.147,-0.236,0,-0.147,-0.236,-0.358,-0.147,-0.147,0,0
Seq_259,RRLQVGGGTLKFFLT,0,0,0,0,-0.388,-0.464,0,0,-0.26,-0.464,0,0,0,-0.26,-0.388,0,-0.388,-0.26,0,0
Seq_260,WVRLGRYLLRRLKTPFTR,0,0,0,0,-0.232,-0.232,0,0,-0.232,-0.482,0,0,-0.232,0,-0.513,0,-0.352,-0.232,-0.232,-0.232
Seq_261,NADIIKSLIRKTIINASKNTASLSILQHLYVLRS,-0.309,0,-0.15,0,0,0,-0.15,-0.442,-0.309,-0.407,0,-0.309,0,-0.15,-0.24,-0.407,-0.24,-0.15,0,-0.15
Seq_262,KPPSKPNNDFHFEVFNFVPCSICSNNPTCWAICKRI,-0.144,-0.352,-0.144,-0.144,-0.352,0,-0.144,-0.299,-0.299,0,0,-0.396,-0.396,0,-0.144,-0.299,-0.144,-0.232,-0.144,0
Seq_263,WQCLTLTHRGFVLLTITVLR,0,-0.216,0,0,-0.216,-0.216,-0.216,-0.216,0,-0.5,0,0,0,-0.216,-0.332,0,-0.464,-0.332,-0.216,0
Seq_264,WNSLKIDNLDV,0,0,-0.447,0,0,0,0,-0.314,-0.314,-0.447,0,-0.447,0,0,0,-0.314,0,-0.314,-0.314,0
Seq_265,RGGRLCYCRRRFCVCVGR,0,-0.482,0,0,-0.232,-0.431,0,0,0,-0.232,0,0,0,0,-0.528,0,0,-0.352,0,-0.232
Seq_266,GLFDIIKKIAESW,-0.285,0,-0.285,-0.285,-0.285,-0.285,0,-0.488,-0.415,-0.285,0,0,0,0,0,-0.285,0,0,-0.285,0
Seq_267,ATCYCRTGRCATRESLSGVCEIRGRLYRLCCR,-0.25,-0.453,0,-0.25,0,-0.32,0,-0.156,0,-0.32,0,0,0,0,-0.48,-0.25,-0.32,-0.156,0,-0.25
Seq_268,ATCYCRTGRCATRESLSGVCEISGRLYRLCCR,-0.25,-0.453,0,-0.25,0,-0.32,0,-0.156,0,-0.32,0,0,0,0,-0.453,-0.32,-0.32,-0.156,0,-0.25
Seq_269,TDVALMCFSIDSPDSLENI,-0.224,-0.224,-0.42,-0.224,-0.224,0,0,-0.342,0,-0.342,-0.224,-0.224,-0.224,0,0,-0.42,-0.224,-0.224,0,0
Seq_270,GIWSDLAEIIKKF,-0.285,0,-0.285,-0.285,-0.285,-0.285,0,-0.488,-0.415,-0.285,0,0,0,0,0,-0.285,0,0,-0.285,0
Seq_271,SWLRDIWDWICEVL,0,-0.272,-0.401,-0.272,0,0,0,-0.401,0,-0.401,0,0,0,0,-0.272,-0.272,0,-0.272,-0.476,0
Seq_272,LPRRLHLEPAFLPYSVKAHECC,-0.314,-0.314,0,-0.314,-0.203,0,-0.314,0,-0.203,-0.447,0,0,-0.392,0,-0.314,-0.203,0,-0.203,0,-0.203
Seq_273,TLKPIFKLPLGINITNFR,0,0,0,0,-0.352,-0.232,0,-0.431,-0.352,-0.431,0,-0.352,-0.352,0,-0.232,0,-0.352,0,0,0
Seq_274,LFRLIKSLIKRLVSAFK,-0.24,0,0,0,-0.363,0,0,-0.363,-0.442,-0.491,0,0,0,0,-0.363,-0.363,0,-0.24,0,0
Seq_275,LQDSGLEVNIVTDSQYALGI,-0.216,0,-0.332,-0.216,0,-0.332,0,-0.332,0,-0.411,0,-0.216,0,-0.332,0,-0.332,-0.216,-0.332,0,-0.216
Seq_276,YQLLIRMIYANI,-0.299,0,0,0,0,0,0,-0.5,0,-0.431,-0.299,-0.299,0,-0.299,-0.299,0,0,0,0,-0.431
Seq_277,YQLLIRMIYKNA,-0.299,0,0,0,0,0,0,-0.431,-0.299,-0.431,-0.299,-0.299,0,-0.299,-0.299,0,0,0,0,-0.431
Seq_278,LEAIPMSIPPAVKFNKPFVF,-0.332,0,0,-0.216,-0.411,0,0,-0.332,-0.332,-0.216,-0.216,-0.216,-0.464,0,0,-0.216,0,-0.332,0,0
Seq_279,LEAIPMSIPPEVKFNAPFVF,-0.332,0,0,-0.332,-0.411,0,0,-0.332,-0.216,-0.216,-0.216,-0.216,-0.464,0,0,-0.216,0,-0.332,0,0
Seq_280,SKEKIGKEFKRIVQRIKDFLR,0,0,-0.209,-0.323,-0.323,-0.209,0,-0.401,-0.493,-0.209,0,0,0,-0.209,-0.401,-0.209,0,-0.209,0,0
Seq_281,GWFDIIKKIASEL,-0.285,0,-0.285,-0.285,-0.285,-0.285,0,-0.488,-0.415,-0.285,0,0,0,0,0,-0.285,0,0,-0.285,0
Seq_282,LEAIPMSIPPEAKFNKPFVF,-0.332,0,0,-0.332,-0.411,0,0,-0.332,-0.332,-0.216,-0.216,-0.216,-0.464,0,0,-0.216,0,-0.216,0,0
Seq_283,FLFAFRIFKRVFKKFRKLFKRAF,-0.306,0,0,0,-0.53,0,0,-0.197,-0.479,-0.306,0,0,0,0,-0.439,0,0,-0.197,0,0
Seq_284,IPESSELTLQELLGEERR,0,0,0,-0.513,0,-0.232,0,-0.232,0,-0.482,0,0,-0.232,-0.232,-0.352,-0.352,-0.232,0,0,0
Seq_285,GFLDIIEKIAKSW,-0.285,0,-0.285,-0.285,-0.285,-0.285,0,-0.488,-0.415,-0.285,0,0,0,0,0,-0.285,0,0,-0.285,0
Seq_286,GPPISLERLDVGTNLGNAIAKLEDAKELLESSDQI,-0.304,0,-0.304,-0.358,0,-0.304,0,-0.304,-0.236,-0.436,0,-0.236,-0.236,-0.147,-0.147,-0.304,-0.147,-0.147,0,0
Seq_287,ALLGRMKG,-0.375,0,0,0,0,-0.5,0,0,-0.375,-0.5,-0.375,0,0,0,-0.375,0,0,0,0,0
Seq_288,EELRVRLASHLRKLRKRLLRDADDLQKRLAVY,-0.32,0,-0.32,-0.25,0,0,-0.156,0,-0.32,-0.5,0,0,0,-0.156,-0.48,-0.156,0,-0.25,0,-0.156
Seq_289,CEEIRARLSTHLRKMRKRLMRDADDLQKRLAVY,-0.314,-0.153,-0.314,-0.245,0,0,-0.153,-0.153,-0.314,-0.412,-0.245,0,0,-0.153,-0.475,-0.153,-0.153,-0.153,0,-0.153
Seq_290,CEEQAQQIRLQAEAFQARLKSWFEPLVEDM,-0.388,-0.164,-0.164,-0.431,-0.26,0,0,-0.164,-0.164,-0.332,-0.164,0,-0.164,-0.431,-0.26,-0.164,0,-0.164,-0.164,0
Seq_291,CVRLASHLRKLRKRLLRDADDL,-0.314,-0.203,-0.392,0,0,0,-0.203,0,-0.314,-0.511,0,0,0,0,-0.486,-0.203,0,-0.203,0,0
Seq_292,CIRLQAEAFQARLKSWFEPLV,-0.401,-0.209,0,-0.323,-0.323,0,0,-0.209,-0.209,-0.401,0,0,-0.209,-0.323,-0.323,-0.209,0,-0.209,-0.209,0
Seq_293,LRVRLASHLRKLRKRLLRDADDLQKRLAVY,-0.332,0,-0.332,0,0,0,-0.164,0,-0.332,-0.509,0,0,0,-0.164,-0.49,-0.164,0,-0.26,0,-0.164
Seq_294,EELRVRLASHLRKLRKRLLRDADDL,-0.292,0,-0.367,-0.292,0,0,-0.186,0,-0.292,-0.514,0,0,0,0,-0.494,-0.186,0,-0.186,0,0
Seq_295,VRLASHLRKLRKRLLRDADDLQKRLAVY,-0.345,0,-0.345,0,0,0,-0.172,0,-0.345,-0.5,0,0,0,-0.172,-0.476,-0.172,0,-0.272,0,-0.172
Seq_296,CLRKLRKRLLRC,0,-0.431,0,0,0,0,0,0,-0.431,-0.528,0,0,0,0,-0.528,0,0,0,0,0
Seq_297,ATSSANSKA,-0.528,0,0,0,0,0,0,0,-0.352,0,0,-0.352,0,0,0,-0.528,-0.352,0,0,0
Seq_298,LLDCWVRLGRYLLRRLKT,0,-0.232,-0.232,0,0,-0.232,0,0,-0.232,-0.528,0,0,0,0,-0.482,0,-0.232,-0.232,-0.232,-0.232
Seq_299,VALDPIDISIELNKAKSDLEESKEWIRR,-0.272,0,-0.345,-0.401,0,0,0,-0.401,-0.345,-0.345,0,-0.172,-0.172,0,-0.272,-0.345,0,-0.172,-0.172,0
Seq_300,AEAMSQVTNTATIM,-0.476,0,0,-0.272,0,0,0,-0.272,0,0,-0.401,-0.272,0,-0.272,0,-0.272,-0.476,-0.272,0,0
Seq_301,TDVILMCFSIDSPDSLANI,-0.224,-0.224,-0.42,0,-0.224,0,0,-0.42,0,-0.342,-0.224,-0.224,-0.224,0,0,-0.42,-0.224,-0.224,0,0
Seq_302,FKCRRWQWRMKKLGAPSITCVRRAFA,-0.359,-0.285,0,0,-0.285,-0.181,0,-0.181,-0.359,-0.181,-0.181,0,-0.181,-0.181,-0.457,-0.181,-0.181,-0.181,-0.285,0
Seq_303,HVTTTFAPPPPR,-0.299,0,0,0,-0.299,0,-0.299,0,0,0,0,0,-0.528,0,-0.299,0,-0.5,-0.299,0,0
Seq_304,YRWRGPTAAFLSLV,-0.401,0,0,0,-0.272,-0.272,0,0,0,-0.401,0,0,-0.272,0,-0.401,-0.272,-0.272,-0.272,-0.272,-0.272
Seq_305,RIILGQCIKREAEAAIEQIFRTKYNDSH,-0.345,-0.172,-0.172,-0.345,-0.172,-0.172,-0.172,-0.444,-0.272,-0.172,0,-0.172,0,-0.272,-0.345,-0.172,-0.172,0,0,-0.172
Seq_306,FNVALDQVFESIENSQALVDQSNRILSSAE,-0.332,0,-0.26,-0.332,-0.26,0,0,-0.26,0,-0.332,0,-0.332,0,-0.332,-0.164,-0.431,0,-0.332,0,0
Seq_307,FNVALDQVFESIENSQALVDQSNRILSSAEKGN,-0.314,0,-0.245,-0.314,-0.245,-0.153,0,-0.245,-0.153,-0.314,0,-0.369,0,-0.314,-0.153,-0.412,0,-0.314,0,0
Seq_308,NVALDQVFESIENSQALVDQSNRILSSA,-0.345,0,-0.272,-0.272,-0.172,0,0,-0.272,0,-0.345,0,-0.345,0,-0.345,-0.172,-0.444,0,-0.345,0,0
Seq_309,QLLIRMIYKNILFYLVPGPGHGAEPERRNIKYL,-0.153,0,0,-0.245,-0.153,-0.314,-0.153,-0.369,-0.245,-0.412,-0.153,-0.245,-0.314,-0.153,-0.314,0,0,-0.153,0,-0.314
Seq_310,FILAFLGWIGAIVSTALP,-0.431,0,0,0,-0.352,-0.352,0,-0.431,0,-0.431,0,0,-0.232,0,0,-0.232,-0.232,-0.232,-0.232,0
Seq_311,FAIAIKAIKKAIKKIKKAIKKAI,-0.506,0,0,0,-0.197,0,0,-0.522,-0.53,0,0,0,0,0,0,0,0,0,0,0
Seq_312,CFLNITNSHVSILQEAPPLENAV,-0.306,-0.197,0,-0.306,-0.197,0,-0.197,-0.306,0,-0.383,0,-0.383,-0.306,-0.197,0,-0.306,-0.197,-0.306,0,0
Seq_313,ATCYCRTGRCATRESLSGVCRISGRLYRLCCR,-0.25,-0.453,0,-0.156,0,-0.32,0,-0.156,0,-0.32,0,0,0,0,-0.48,-0.32,-0.32,-0.156,0,-0.25
Seq_314,DPLVFPSDEFDASISQVNEKINQSLAFIRKSDELL,-0.236,0,-0.358,-0.304,-0.304,0,0,-0.304,-0.236,-0.358,0,-0.236,-0.236,-0.236,-0.147,-0.401,0,-0.236,0,0
Seq_315,FPSDEFDASISQVNEKINQSLAFIRKSDELLHNVN,-0.236,0,-0.304,-0.304,-0.304,0,-0.147,-0.304,-0.236,-0.304,0,-0.358,-0.147,-0.236,-0.147,-0.401,0,-0.236,0,0
Seq_316,DASISQVNEKINQSLAFIRKSDELLHNVNAGKSTT,-0.304,0,-0.236,-0.236,-0.147,-0.147,-0.147,-0.304,-0.304,-0.304,0,-0.358,0,-0.236,-0.147,-0.401,-0.236,-0.236,0,0
Seq_317,RWMVWRHWFHRLRLPYNPGKNKQNQQWP,0,0,0,0,-0.172,-0.172,-0.272,0,-0.272,-0.272,-0.172,-0.345,-0.345,-0.345,-0.401,0,0,-0.172,-0.401,-0.172
Seq_318,CTEEHIVATELVIQEMYIKINVKNSP,-0.181,-0.181,0,-0.415,0,0,-0.181,-0.415,-0.285,-0.181,-0.181,-0.285,-0.181,-0.181,0,-0.181,-0.285,-0.359,0,-0.181
Seq_319,YALLIRMIYKNI,-0.299,0,0,0,0,0,0,-0.5,-0.299,-0.431,-0.299,-0.299,0,0,-0.299,0,0,0,0,-0.431
Seq_320,GKKYRRFRWKFKFGKWFWFG,0,0,0,0,-0.5,-0.411,0,0,-0.5,0,0,0,0,0,-0.411,0,0,0,-0.411,-0.216
Seq_321,KRKRAVKRVGRRLKKKLARKIARLGVAF,-0.401,0,0,0,-0.172,-0.272,0,-0.172,-0.5,-0.345,0,0,0,0,-0.5,0,0,-0.345,0,0
Seq_322,MANAGLQLLGFILAFL,-0.453,0,0,0,-0.375,-0.375,0,-0.25,0,-0.524,-0.25,-0.25,0,-0.25,0,0,0,0,0,0
Seq_323,TDVILMCFSIDSPDSLENI,0,-0.224,-0.42,-0.224,-0.224,0,0,-0.42,0,-0.342,-0.224,-0.224,-0.224,0,0,-0.42,-0.224,-0.224,0,0
Seq_324,RGILIHNTIFGEQVF,0,0,0,-0.26,-0.388,-0.388,-0.26,-0.464,0,-0.26,0,-0.26,0,-0.26,-0.26,0,-0.26,-0.26,0,0
Seq_325,GIKEWKRIVQRIKDFLRNLV,0,0,-0.216,-0.216,-0.216,-0.216,0,-0.411,-0.411,-0.332,0,-0.216,0,-0.216,-0.411,0,0,-0.332,-0.216,0
Seq_326,ILMCFSIDSPDSLENI,0,-0.25,-0.375,-0.25,-0.25,0,0,-0.453,0,-0.375,-0.25,-0.25,-0.25,0,0,-0.453,0,0,0,0
Seq_327,VFQFLGRIIHHVGNFVHGFSHVF,0,0,0,0,-0.479,-0.383,-0.439,-0.306,0,-0.197,0,-0.197,0,-0.197,-0.197,-0.197,0,-0.439,0,0
Seq_328,FALALKALKKALKKLKKALKKAL,-0.506,0,0,0,-0.197,0,0,0,-0.53,-0.522,0,0,0,0,0,0,0,0,0,0
Seq_329,KPPSKPNNDFHFEVFNF,0,0,-0.24,-0.24,-0.491,0,-0.24,0,-0.363,0,0,-0.442,-0.442,0,0,-0.24,0,-0.24,0,0
Seq_330,SGIVQQQNNLLRAIEAQQHLLQLTVWGIKQLQARIL,-0.299,0,0,-0.144,0,-0.232,-0.144,-0.352,-0.144,-0.459,0,-0.232,0,-0.482,-0.232,-0.144,-0.144,-0.232,-0.144,0
Seq_331,IYWNVSGW,0,0,0,0,0,-0.375,0,-0.375,0,0,0,-0.375,0,0,0,-0.375,0,-0.375,-0.5,-0.375
Seq_332,ELVNQIIEQLIKKEKVYLAW,-0.216,0,0,-0.411,0,0,0,-0.411,-0.411,-0.411,0,-0.216,0,-0.332,0,0,0,-0.332,-0.216,-0.216
Seq_333,TDVILMCFAIDSPDSLENI,-0.224,-0.224,-0.42,-0.224,-0.224,0,0,-0.42,0,-0.342,-0.224,-0.224,-0.224,0,0,-0.342,-0.224,-0.224,0,0
Seq_334,SWLRDIWDWICKVLSDFK,0,-0.232,-0.431,0,-0.232,0,0,-0.352,-0.352,-0.352,0,0,0,0,-0.232,-0.352,0,-0.232,-0.431,0
Seq_335,CAGKRKSG,-0.375,-0.375,0,0,0,-0.5,0,0,-0.5,0,0,0,0,0,-0.375,-0.375,0,0,0,0
Seq_336,AALEAKICHQIEYYFGDF,-0.431,-0.232,-0.232,-0.352,-0.352,-0.232,-0.232,-0.352,-0.232,-0.232,0,0,0,-0.232,0,0,0,0,0,-0.352
Seq_337,TDAILMCFSIDSPDSLENI,-0.224,-0.224,-0.42,-0.224,-0.224,0,0,-0.42,0,-0.342,-0.224,-0.224,-0.224,0,0,-0.42,-0.224,0,0,0
Seq_338,LGPPISLERLDVGTNLGNAIAKLEDAKELLESSDQ,-0.304,0,-0.304,-0.358,0,-0.304,0,-0.236,-0.236,-0.464,0,-0.236,-0.236,-0.147,-0.147,-0.304,-0.147,-0.147,0,0
Seq_339,RAVWRHSVATPSHSV,-0.388,0,0,0,0,0,-0.388,0,0,0,0,0,-0.26,0,-0.388,-0.464,-0.26,-0.464,-0.26,0
Seq_340,SLLGRMKG,0,0,0,0,0,-0.5,0,0,-0.375,-0.5,-0.375,0,0,0,-0.375,-0.375,0,0,0,0
Seq_341,ILMCFSIDSPDS,0,-0.299,-0.431,0,-0.299,0,0,-0.431,0,-0.299,-0.299,0,-0.299,0,0,-0.5,0,0,0,0
Seq_342,TDVILMCASIDSPDSLENI,-0.224,-0.224,-0.42,-0.224,0,0,0,-0.42,0,-0.342,-0.224,-0.224,-0.224,0,0,-0.42,-0.224,-0.224,0,0
Seq_343,NNSVALDPIDISIELNKAKSDLEESKEWIRRSNQK,-0.236,0,-0.304,-0.358,0,0,0,-0.358,-0.358,-0.304,0,-0.358,-0.147,-0.147,-0.236,-0.401,0,-0.147,-0.147,0
Seq_344,YDPLVFPSDEFDASISQVNEKINQSLAFIRKSDEL,-0.236,0,-0.358,-0.304,-0.304,0,0,-0.304,-0.236,-0.304,0,-0.236,-0.236,-0.236,-0.147,-0.401,0,-0.236,0,-0.147
Seq_345,PSDEFDASISQVNEKINQSLAFIRKSDELLHNVNA,-0.304,0,-0.304,-0.304,-0.236,0,-0.147,-0.304,-0.236,-0.304,0,-0.358,-0.147,-0.236,-0.147,-0.401,0,-0.236,0,0
Seq_346,SDEFDASISQVNEKINQSLAFIRKSDELLHNVNAG,-0.304,0,-0.304,-0.304,-0.236,-0.147,-0.147,-0.304,-0.236,-0.304,0,-0.358,0,-0.236,-0.147,-0.401,0,-0.236,0,0
Seq_347,ACFPWGNQWCGGK,-0.285,-0.415,0,0,-0.285,-0.488,0,0,-0.285,0,0,-0.285,-0.285,-0.285,0,0,0,0,-0.415,0
Seq_348,AWDFGSVGGLFTSLGKAVHQVFGSVYTIM,-0.266,0,-0.168,0,-0.339,-0.437,-0.168,-0.168,-0.168,-0.266,-0.168,0,0,-0.168,0,-0.339,-0.266,-0.394,-0.168,-0.168
Seq_349,ALDKAEESNSKLDKVNVKLT,-0.332,0,-0.332,-0.332,0,0,0,0,-0.464,-0.411,0,-0.332,0,0,0,-0.332,-0.216,-0.332,0,0
Seq_350,PDIVIYQYMDDLYVGSDLEI,0,0,-0.464,-0.216,0,-0.216,0,-0.411,0,-0.332,-0.216,0,-0.216,-0.216,0,-0.216,0,-0.332,0,-0.411
Seq_351,ETWETWWTEYWQATWIPEWE,-0.216,0,0,-0.5,0,0,0,-0.216,0,0,0,0,-0.216,-0.216,0,0,-0.464,0,-0.521,-0.216
Seq_352,YAGAVVNDL,-0.482,0,-0.352,0,0,-0.352,0,0,0,-0.352,0,-0.352,0,0,0,0,0,-0.482,0,-0.352
Seq_353,LNITNSHVSILQERPPLENRVL,0,0,0,-0.314,0,0,-0.203,-0.314,0,-0.447,0,-0.392,-0.314,-0.203,-0.314,-0.314,-0.203,-0.314,0,0
Seq_354,APKEWMEWDREINNYTSLIHSLIKQGI,-0.176,0,-0.176,-0.352,0,-0.176,-0.176,-0.408,-0.278,-0.278,-0.176,-0.278,-0.176,-0.176,-0.176,-0.278,-0.176,0,-0.278,-0.176
Seq_355,DLGPPISLERLDVGTNLGNAIAKLEDAKELLESSD,-0.304,0,-0.358,-0.358,0,-0.304,0,-0.236,-0.236,-0.464,0,-0.236,-0.236,0,-0.147,-0.304,-0.147,-0.147,0,0
Seq_356,KGSVVIVGRIILSGRK,0,0,0,0,0,-0.453,0,-0.453,-0.375,-0.25,0,0,0,0,-0.375,-0.375,0,-0.453,0,0
Seq_357,FAVGLRAIKRALKKLRRGVRKVAKDL,-0.415,0,-0.181,0,-0.181,-0.285,0,-0.181,-0.457,-0.415,0,0,0,0,-0.457,0,0,-0.359,0,0
Seq_358,TDVIAMCFSIDSPDSLENI,-0.224,-0.224,-0.42,-0.224,-0.224,0,0,-0.42,0,-0.224,-0.224,-0.224,-0.224,0,0,-0.42,-0.224,-0.224,0,0
Seq_359,TTWEAWDRAIAEYAARIEALIRALQELQEKLEAILREL,-0.473,0,-0.138,-0.45,0,0,0,-0.342,-0.138,-0.42,0,0,0,-0.224,-0.342,0,-0.224,0,-0.224,-0.138
Seq_360,DLSNQINSINKSLKSAEDWIADSNFFANQARTAK,-0.407,0,-0.309,-0.15,-0.24,0,0,-0.309,-0.309,-0.24,0,-0.407,0,-0.24,-0.15,-0.407,-0.15,0,-0.15,0
Seq_361,MANAGLQLLGFILAFLGWIGAIVS,-0.431,0,0,0,-0.299,-0.431,0,-0.375,0,-0.471,-0.191,-0.191,0,-0.191,0,-0.191,0,-0.191,-0.191,0
Seq_362,YDHIQDHVNTMFSRLATSWCLLQNKERALWAEAA,-0.407,-0.15,-0.24,-0.24,-0.15,0,-0.24,-0.15,-0.15,-0.363,-0.15,-0.24,0,-0.24,-0.24,-0.24,-0.24,-0.15,-0.24,-0.15
Seq_363,SDHSESIQKKFQLMKEHVNKIGVDS,0,0,-0.292,-0.292,-0.186,-0.186,-0.292,-0.292,-0.423,-0.186,-0.186,-0.186,0,-0.292,0,-0.423,0,-0.292,0,0
Seq_364,LLDCWVRLGRYLLRRLK,0,-0.24,-0.24,0,0,-0.24,0,0,-0.24,-0.53,0,0,0,0,-0.491,0,0,-0.24,-0.24,-0.24
Seq_365,SWLRDIWDWGCEVLSDFK,0,-0.232,-0.431,-0.232,-0.232,-0.232,0,-0.232,-0.232,-0.352,0,0,0,0,-0.232,-0.352,0,-0.232,-0.431,0
Seq_366,SWLRDIWDWSCEVLSDFK,0,-0.232,-0.431,-0.232,-0.232,0,0,-0.232,-0.232,-0.352,0,0,0,0,-0.232,-0.431,0,-0.232,-0.431,0
Seq_367,SWLRDIWDWECEVLSDFK,0,-0.232,-0.431,-0.352,-0.232,0,0,-0.232,-0.232,-0.352,0,0,0,0,-0.232,-0.352,0,-0.232,-0.431,0
Seq_368,SWLRDIWDWKCEVLSDFK,0,-0.232,-0.431,-0.232,-0.232,0,0,-0.232,-0.352,-0.352,0,0,0,0,-0.232,-0.352,0,-0.232,-0.431,0
Seq_369,PRPISYLKGSSGGPL,0,0,0,0,0,-0.464,0,-0.26,-0.26,-0.388,0,0,-0.464,0,-0.26,-0.464,0,0,0,-0.26
Seq_370,IFKAIWSGIKSLF,-0.285,0,0,0,-0.415,-0.285,0,-0.488,-0.415,-0.285,0,0,0,0,0,-0.415,0,0,-0.285,0
Seq_371,AEAMSQVTN,-0.482,0,0,-0.352,0,0,0,0,0,0,-0.352,-0.352,0,-0.352,0,-0.352,-0.352,-0.352,0,0
Seq_372,YQLLIRMIY,0,0,0,0,0,0,0,-0.482,0,-0.482,-0.352,0,0,-0.352,-0.352,0,0,0,0,-0.482
Seq_373,YQLLIRMIYKNI,0,0,0,0,0,0,0,-0.5,-0.299,-0.431,-0.299,-0.299,0,-0.299,-0.299,0,0,0,0,-0.431
Seq_374,IDLGPPISLERLDVGTNLGNAIAKLEDAKELLESS,-0.304,0,-0.304,-0.358,0,-0.304,0,-0.304,-0.236,-0.464,0,-0.236,-0.236,0,-0.147,-0.304,-0.147,-0.147,0,0
Seq_375,TDVILMCFSIDSPDSLENA,-0.224,-0.224,-0.42,-0.224,-0.224,0,0,-0.342,0,-0.342,-0.224,-0.224,-0.224,0,0,-0.42,-0.224,-0.224,0,0
Seq_376,KILEPFRKQNPDIVIYQYMD,0,0,-0.332,-0.216,-0.216,0,0,-0.411,-0.332,-0.216,-0.216,-0.216,-0.332,-0.332,-0.216,0,0,-0.216,0,-0.332
Seq_377,LEAIPMSIPPEVAFNKPFVF,-0.332,0,0,-0.332,-0.411,0,0,-0.332,-0.216,-0.216,-0.216,-0.216,-0.464,0,0,-0.216,0,-0.332,0,0
Seq_378,AEDWVRWI,-0.375,0,-0.375,-0.375,0,0,0,-0.375,0,0,0,0,0,0,-0.375,0,0,-0.375,-0.5,0
Seq_379,LEAIPMSIPPEVKANKPFVF,-0.332,0,0,-0.332,-0.332,0,0,-0.332,-0.332,-0.216,-0.216,-0.216,-0.464,0,0,-0.216,0,-0.332,0,0
Seq_380,ILMCFSIDSPD,0,-0.314,-0.447,0,-0.314,0,0,-0.447,0,-0.314,-0.314,0,-0.314,0,0,-0.447,0,0,0,0
Seq_381,ADGSLLGRMKGAAG,-0.476,0,-0.272,0,0,-0.516,0,0,-0.272,-0.401,-0.272,0,0,0,-0.272,-0.272,0,0,0,0
Seq_382,GLRRLLGRLLRRLGRLLLR,0,0,0,0,0,-0.42,0,0,0,-0.511,0,0,0,0,-0.531,0,0,0,0,0
Seq_383,TDVILMCFSIASPDSLENI,-0.224,-0.224,-0.342,-0.224,-0.224,0,0,-0.42,0,-0.342,-0.224,-0.224,-0.224,0,0,-0.42,-0.224,-0.224,0,0
Seq_384,LLGFILAFLGWIGAIVST,-0.352,0,0,0,-0.352,-0.431,0,-0.431,0,-0.482,0,0,0,0,0,-0.232,-0.232,-0.232,-0.232,0
Seq_385,TAYFLLILAGRW,-0.431,0,0,0,-0.299,-0.299,0,-0.299,0,-0.5,0,0,0,0,-0.299,0,-0.299,0,-0.299,-0.299
Seq_386,GAKKGAKKGKKGAKKGAKGAGAKGAGAFKKKK,-0.5,0,0,0,-0.156,-0.515,0,0,-0.522,0,0,0,0,0,0,0,0,0,0,0
Seq_387,GYFVQDDGEWKFTGSSYYY,0,0,-0.342,-0.224,-0.342,-0.42,0,0,-0.224,0,0,0,0,-0.224,0,-0.342,-0.224,-0.224,-0.224,-0.473
Seq_388,SWRLIDWDWICEVLSDFK,0,-0.232,-0.431,-0.232,-0.232,0,0,-0.352,-0.232,-0.352,0,0,0,0,-0.232,-0.352,0,-0.232,-0.431,0
Seq_389,CLRVRLASHLRKLRKRLLRDADDL,-0.299,-0.191,-0.375,0,0,0,-0.191,0,-0.299,-0.518,0,0,0,0,-0.5,-0.191,0,-0.191,0,0
Seq_390,MANAGLQLLGFILAFLGWIGAI,-0.447,0,0,0,-0.314,-0.447,0,-0.392,0,-0.486,-0.203,-0.203,0,-0.203,0,0,0,0,-0.203,0
Seq_391,LDCWVRLGRYLLRRLKTP,0,-0.232,-0.232,0,0,-0.232,0,0,-0.232,-0.513,0,0,-0.232,0,-0.482,0,-0.232,-0.232,-0.232,-0.232
Seq_392,SWLRDIWDWACEVLSDFK,-0.232,-0.232,-0.431,-0.232,-0.232,0,0,-0.232,-0.232,-0.352,0,0,0,0,-0.232,-0.352,0,-0.232,-0.431,0
Seq_393,HMNASDMEIKSYINMIESVEESSNYDF,-0.176,0,-0.278,-0.408,-0.176,0,-0.176,-0.352,-0.176,0,-0.352,-0.352,0,0,0,-0.451,0,-0.176,0,-0.278
Seq_394,ITFEDLLDYYGP,0,0,-0.431,-0.299,-0.299,-0.299,0,-0.299,0,-0.431,0,0,-0.299,0,0,0,-0.299,0,0,-0.431
Seq_395,TDVILMCFSADSPDSLENI,-0.224,-0.224,-0.42,-0.224,-0.224,0,0,-0.342,0,-0.342,-0.224,-0.224,-0.224,0,0,-0.42,-0.224,-0.224,0,0
Seq_396,GQPEEGAPCQVVLQGA,-0.375,-0.25,0,-0.375,0,-0.453,0,0,0,-0.25,0,0,-0.375,-0.453,0,0,0,-0.375,0,0
Seq_397,MAILGDTAWDFGSLGGVFTSIGKALHQVFGAIY,-0.369,0,-0.245,0,-0.314,-0.447,-0.153,-0.314,-0.153,-0.314,-0.153,0,0,-0.153,0,-0.245,-0.245,-0.245,-0.153,-0.153
Seq_398,ILMCFSIDSPDSLE,0,-0.272,-0.401,-0.272,-0.272,0,0,-0.401,0,-0.401,-0.272,0,-0.272,0,0,-0.476,0,0,0,0
Seq_399,QETAYFLLKLAGRWP,-0.388,0,0,-0.26,-0.26,-0.26,0,0,-0.26,-0.464,0,0,-0.26,-0.26,-0.26,0,-0.26,0,-0.26,-0.26
Seq_400,CCFLRIQNDSIIRLGDLQPLSQRVSTDWQ,0,-0.266,-0.339,0,-0.168,-0.168,0,-0.339,0,-0.394,0,-0.168,-0.168,-0.394,-0.339,-0.339,-0.168,-0.168,-0.168,0
Seq_401,LEAIPMSIPPEVAFAKPFVF,-0.411,0,0,-0.332,-0.411,0,0,-0.332,-0.216,-0.216,-0.216,0,-0.464,0,0,-0.216,0,-0.332,0,0
Seq_402,RGGSVVIVGRIILSGRK,0,0,0,0,0,-0.491,0,-0.442,-0.24,-0.24,0,0,0,0,-0.442,-0.363,0,-0.442,0,0
Seq_403,KWKVFKKIEKMGRNIRNGIVKAGPAIAVLGEAKAL,-0.401,0,0,-0.236,-0.147,-0.358,0,-0.358,-0.464,-0.236,-0.147,-0.236,-0.147,0,-0.236,0,0,-0.304,-0.147,0
Seq_404,FKRIVQRIKDFLR,0,0,-0.285,0,-0.415,0,0,-0.415,-0.415,-0.285,0,0,0,-0.285,-0.488,0,0,-0.285,0,0
Seq_405,KRKRAVKRVGRRLKKLARKIARLGVAKLAGLRAVKLF,-0.426,0,0,0,-0.141,-0.294,0,-0.141,-0.478,-0.426,0,0,0,0,-0.478,0,0,-0.347,0,0
Seq_406,AVKRVGRRLKKLARKIARLGVAF,-0.439,0,0,0,-0.197,-0.306,0,-0.197,-0.439,-0.383,0,0,0,0,-0.479,0,0,-0.383,0,0
Seq_407,SISNALNKLEESNRNLDKVNVKLT,-0.191,0,-0.191,-0.299,0,0,0,-0.191,-0.375,-0.431,0,-0.471,0,0,-0.191,-0.375,-0.191,-0.299,0,0
Seq_408,LESEVTAIKNALKKTNEAVSTLGNGVRVLATAVRE,-0.401,0,0,-0.358,0,-0.236,0,-0.147,-0.304,-0.358,0,-0.304,0,0,-0.236,-0.236,-0.358,-0.401,0,0
Seq_409,GWWYKGRARPVSAVA,-0.464,0,0,0,0,-0.388,0,0,-0.26,0,0,0,-0.26,0,-0.388,-0.26,0,-0.388,-0.388,-0.26
Seq_410,GRFKRFRKPFKKLFKKIS,0,0,0,0,-0.482,-0.232,0,-0.232,-0.528,-0.232,0,0,-0.232,0,-0.431,-0.232,0,0,0,0
Seq_411,PISLERLDVGTNLGNAIAKLEDAKELLESSDQILR,-0.304,0,-0.304,-0.358,0,-0.236,0,-0.304,-0.236,-0.464,0,-0.236,-0.147,-0.147,-0.236,-0.304,-0.147,-0.147,0,0
Seq_412,FAKKFAKKFKKFAKKFAKFAFAF,-0.506,0,0,0,-0.53,0,0,0,-0.53,0,0,0,0,0,0,0,0,0,0,0
Seq_413,HVDKKVADKVLLLKQLRIMRLLTRL,-0.186,0,-0.292,0,0,0,-0.186,-0.186,-0.423,-0.514,-0.186,0,0,-0.186,-0.367,0,-0.186,-0.367,0,0
Seq_414,LLFLKVPAQNAISTTFPYT,-0.342,0,0,0,-0.342,0,0,-0.224,-0.224,-0.42,0,-0.224,-0.342,-0.224,0,-0.224,-0.42,-0.224,0,-0.224
Seq_415,FLKVPAQNAISTTFPYT,-0.363,0,0,0,-0.363,0,0,-0.24,-0.24,-0.24,0,-0.24,-0.363,-0.24,0,-0.24,-0.442,-0.24,0,-0.24
Seq_416,KVPAQNAISTTFPYT,-0.388,0,0,0,-0.26,0,0,-0.26,-0.26,0,0,-0.26,-0.388,-0.26,0,-0.26,-0.464,-0.26,0,-0.26
Seq_417,MDVNPTLLF,0,0,-0.352,0,-0.352,0,0,0,0,-0.482,-0.352,-0.352,-0.352,0,0,0,-0.352,-0.352,0,0
Seq_418,MDVNPTLL,0,0,-0.375,0,0,0,0,0,0,-0.5,-0.375,-0.375,-0.375,0,0,0,-0.375,-0.375,0,0
Seq_419,MDVNPTLLFIDVPAQ,-0.26,0,-0.388,0,-0.26,0,0,-0.26,0,-0.388,-0.26,-0.26,-0.388,-0.26,0,0,-0.26,-0.388,0,0
Seq_420,MDVNPTFLFLKVPAQ,-0.26,0,-0.26,0,-0.388,0,0,0,-0.26,-0.388,-0.26,-0.26,-0.388,-0.26,0,0,-0.26,-0.388,0,0
Seq_421,LLDCWVRLGRYLLRRLKTP,0,-0.224,-0.224,0,0,-0.224,0,0,-0.224,-0.525,0,0,-0.224,0,-0.473,0,-0.224,-0.224,-0.224,-0.224
Seq_422,FWFTLIKTQAKQPARYRRFC,-0.332,-0.216,0,0,-0.411,0,0,-0.216,-0.332,-0.216,0,0,-0.216,-0.332,-0.411,0,-0.332,0,-0.216,-0.216
Seq_423,GCKKYRRFRWKFKGKFWFWG,0,-0.216,0,0,-0.464,-0.411,0,0,-0.5,0,0,0,0,0,-0.411,0,0,0,-0.411,-0.216
Seq_424,FKVKAKVKAKVKAKVKAKKKK,-0.456,0,0,0,-0.209,0,0,0,-0.461,0,0,0,0,0,0,0,0,-0.456,0,0
Seq_425,TDVILMCFSIDSPASLENI,-0.224,-0.224,-0.342,-0.224,-0.224,0,0,-0.42,0,-0.342,-0.224,-0.224,-0.224,0,0,-0.42,-0.224,-0.224,0,0
Seq_426,ADVILMCFSIDSPDSLENI,-0.224,-0.224,-0.42,-0.224,-0.224,0,0,-0.42,0,-0.342,-0.224,-0.224,-0.224,0,0,-0.42,0,-0.224,0,0
Seq_427,CRFPNITNSHVPILQERPPLENRVLTGWGL,0,-0.164,0,-0.26,-0.164,-0.26,-0.164,-0.26,0,-0.388,0,-0.332,-0.388,-0.164,-0.332,-0.164,-0.26,-0.26,-0.164,0
Seq_428,KWKLFKKIEKVGQNIRDGIIKAGPAVAVVGQATQIAK,-0.39,0,-0.141,-0.141,-0.141,-0.347,0,-0.39,-0.454,-0.141,0,-0.141,-0.141,-0.294,-0.141,0,-0.141,-0.347,-0.141,0
Seq_429,SLLGRMKGA,-0.352,0,0,0,0,-0.482,0,0,-0.352,-0.482,-0.352,0,0,0,-0.352,-0.352,0,0,0,0
Seq_430,TDVILMCFSIDSPDSAENI,-0.224,-0.224,-0.42,-0.224,-0.224,0,0,-0.42,0,-0.224,-0.224,-0.224,-0.224,0,0,-0.42,-0.224,-0.224,0,0
Seq_431,TDVILMCFSIDAPDSLENI,-0.224,-0.224,-0.42,-0.224,-0.224,0,0,-0.42,0,-0.342,-0.224,-0.224,-0.224,0,0,-0.342,-0.224,-0.224,0,0
Seq_432,HRIDLGPPISLERLDVGTNLGNAIAKLEDAKELLE,-0.304,0,-0.304,-0.358,0,-0.304,-0.147,-0.304,-0.236,-0.464,0,-0.236,-0.236,0,-0.236,-0.147,-0.147,-0.147,0,0
Seq_433,ELNKAKSDLEESKEWIRRSNQKLDSIGNWHQSSTT,-0.147,0,-0.236,-0.358,0,-0.147,-0.147,-0.236,-0.358,-0.304,0,-0.304,0,-0.236,-0.236,-0.436,-0.236,0,-0.236,0
Seq_434,ILGPVLGLVSRTLRRVLGIL,0,0,0,0,0,-0.411,0,-0.332,0,-0.521,0,0,-0.216,0,-0.411,-0.216,-0.216,-0.411,0,0
Seq_435,SWLRDVWDWVCTILTDFK,0,-0.232,-0.431,0,-0.232,0,0,-0.232,-0.232,-0.352,0,0,0,0,-0.232,-0.232,-0.352,-0.352,-0.431,0
Seq_436,FFHHIFRGIVHVGKTIHRLVTG,0,0,0,0,-0.392,-0.392,-0.447,-0.392,-0.203,-0.203,0,0,0,0,-0.314,0,-0.314,-0.392,0,0
Seq_437,WIHAEIKNSLKIDNLDVNRCIEALD,-0.292,-0.186,-0.367,-0.292,0,0,-0.186,-0.423,-0.292,-0.367,0,-0.367,0,0,-0.186,-0.186,0,-0.186,-0.186,0
Seq_438,SVALDPIDISIELNKAKSDLEESKEWIRRSNQKLD,-0.236,0,-0.358,-0.358,0,0,0,-0.358,-0.358,-0.358,0,-0.236,-0.147,-0.147,-0.236,-0.401,0,-0.147,-0.147,0
Seq_439,DISIELNKAKSDLEESKEWIRRSNQKLDSIGNWHQ,-0.147,0,-0.304,-0.358,0,-0.147,-0.147,-0.358,-0.358,-0.304,0,-0.304,0,-0.236,-0.236,-0.401,0,0,-0.236,0
Seq_440,ISIELNKAKSDLEESKEWIRRSNQKLDSIGNWHQS,-0.147,0,-0.236,-0.358,0,-0.147,-0.147,-0.358,-0.358,-0.304,0,-0.304,0,-0.236,-0.236,-0.436,0,0,-0.236,0
Seq_441,IELNKAKSDLEESKEWIRRSNQKLDSIGNWHQSST,-0.147,0,-0.236,-0.358,0,-0.147,-0.147,-0.304,-0.358,-0.304,0,-0.304,0,-0.236,-0.236,-0.436,-0.147,0,-0.236,0
Seq_442,GYHLMSFPQAAPHGVVFLHVTW,-0.314,0,0,0,-0.314,-0.314,-0.392,0,0,-0.314,-0.203,0,-0.314,-0.203,0,-0.203,-0.203,-0.392,-0.203,-0.203
Seq_443,GVFVFNGTSWFITQRNFFS,0,0,0,0,-0.507,-0.342,0,-0.224,0,0,0,-0.342,0,-0.224,-0.224,-0.342,-0.342,-0.342,-0.224,0
Seq_444,CWVRLGRYLLRRLKTPFT,0,-0.232,0,0,-0.232,-0.232,0,0,-0.232,-0.482,0,0,-0.232,0,-0.482,0,-0.352,-0.232,-0.232,-0.232
Seq_445,NILRLKESITATIEAVHEVTDGLS,-0.299,0,-0.191,-0.375,0,-0.191,-0.191,-0.375,-0.191,-0.375,0,-0.191,0,0,-0.191,-0.299,-0.375,-0.299,0,0
Seq_446,ALDKLEESNSKLDKVNVKLT,-0.216,0,-0.332,-0.332,0,0,0,0,-0.464,-0.464,0,-0.332,0,0,0,-0.332,-0.216,-0.332,0,0
Seq_447,AGERIVDIIATDIQ,-0.401,0,-0.401,-0.272,0,-0.272,0,-0.516,0,0,0,0,0,-0.272,-0.272,0,-0.272,-0.272,0,0
Seq_448,FLGFLKNLF,0,0,0,0,-0.528,-0.352,0,0,-0.352,-0.528,0,-0.352,0,0,0,0,0,0,0,0
Seq_449,RIDLGPPISLERLDVGTNLGNAIAKLEDAKELLES,-0.304,0,-0.304,-0.358,0,-0.304,0,-0.304,-0.236,-0.464,0,-0.236,-0.236,0,-0.236,-0.236,-0.147,-0.147,0,0
Seq_450,SGSWLRDIWDWICEVLSDFK,0,-0.216,-0.411,-0.216,-0.216,-0.216,0,-0.332,-0.216,-0.332,0,0,0,0,-0.216,-0.411,0,-0.216,-0.411,0
Seq_451,SWLRDIWDWICEVLSDFKT,0,-0.224,-0.42,-0.224,-0.224,0,0,-0.342,-0.224,-0.342,0,0,0,0,-0.224,-0.342,-0.224,-0.224,-0.42,0
Seq_452,SWLDRIWRWICKVLSRFE,0,-0.232,-0.232,-0.232,-0.232,0,0,-0.352,-0.232,-0.352,0,0,0,0,-0.431,-0.352,0,-0.232,-0.431,0
Seq_453,TRQARRNRRRWRERQR,-0.25,0,0,-0.25,0,0,0,0,0,0,0,-0.25,0,-0.375,-0.467,0,-0.25,0,-0.25,0
Seq_454,APKEWMAWAREIAAYAKLIAALI,-0.53,0,0,-0.306,0,0,0,-0.383,-0.306,-0.306,-0.197,0,-0.197,0,-0.197,0,0,0,-0.306,-0.197
Seq_455,RINNIPWSEAMM,-0.299,0,0,-0.299,0,0,0,-0.431,0,0,-0.431,-0.431,-0.299,0,-0.299,-0.299,0,0,-0.299,0
Seq_456,GIKEFKREFQRIKDFLRNLV,0,0,-0.216,-0.332,-0.411,-0.216,0,-0.332,-0.411,-0.332,0,-0.216,0,-0.216,-0.411,0,0,-0.216,0,0
Seq_457,LLGDLLRKSKEKIGKEFKRIVQRIKDFLRNLVPRTES,0,0,-0.228,-0.294,-0.228,-0.228,0,-0.294,-0.426,-0.426,0,-0.141,-0.141,-0.141,-0.39,-0.228,-0.141,-0.228,0,0
Seq_458,AWDFGSIGGVFTSVGKLVHQVFGTAYGVL,-0.266,0,-0.168,0,-0.339,-0.47,-0.168,-0.168,-0.168,-0.266,0,0,0,-0.168,0,-0.266,-0.266,-0.437,-0.168,-0.168
Seq_459,FFVIFYRRKK,0,0,0,0,-0.521,0,0,-0.332,-0.464,0,0,0,0,0,-0.464,0,0,-0.332,0,-0.332
Seq_460,TDVILACFSIDSPDSLENI,-0.224,-0.224,-0.42,-0.224,-0.224,0,0,-0.42,0,-0.342,0,-0.224,-0.224,0,0,-0.42,-0.224,-0.224,0,0
Seq_461,SWLRDLWDWICEVLSDFK,0,-0.232,-0.431,-0.232,-0.232,0,0,-0.232,-0.232,-0.431,0,0,0,0,-0.232,-0.352,0,-0.232,-0.431,0
Seq_462,SWLRDLWDWLCEVLSDFK,0,-0.232,-0.431,-0.232,-0.232,0,0,0,-0.232,-0.482,0,0,0,0,-0.232,-0.352,0,-0.232,-0.431,0
Seq_463,SWLRDIWDWVCEVLSDFK,0,-0.232,-0.431,-0.232,-0.232,0,0,-0.232,-0.232,-0.352,0,0,0,0,-0.232,-0.352,0,-0.352,-0.431,0
Seq_464,TAVILMCFSIDSPDSLENI,-0.224,-0.224,-0.342,-0.224,-0.224,0,0,-0.42,0,-0.342,-0.224,-0.224,-0.224,0,0,-0.42,-0.224,-0.224,0,0
Seq_465,REINNYTSLIHSLIEESQNQQEKNEQELLELDKWAS,-0.144,0,-0.144,-0.459,0,0,-0.144,-0.299,-0.232,-0.396,0,-0.352,0,-0.352,-0.144,-0.352,-0.144,0,-0.144,-0.144
Seq_466,LEAIPMSIPPEFLFGKPFVF,-0.216,0,0,-0.332,-0.464,-0.216,0,-0.332,-0.216,-0.332,-0.216,0,-0.464,0,0,-0.216,0,-0.216,0,0
Seq_467,FRFKIKFRLKFRFKARFKFRAKFRA,-0.367,0,0,0,-0.526,0,0,-0.186,-0.494,-0.186,0,0,0,0,-0.494,0,0,0,0,0
Seq_468,INNYTSLIHSLIEESQNQQEKNEQELLE,0,0,0,-0.476,0,0,-0.172,-0.345,-0.172,-0.401,0,-0.401,0,-0.401,0,-0.345,-0.172,0,0,-0.172
Seq_469,GLRSRIWLWVLLMIWQESNRFKRM,0,0,0,-0.191,-0.191,-0.191,0,-0.299,-0.191,-0.431,-0.299,-0.191,0,-0.191,-0.431,-0.299,0,-0.191,-0.375,0
Seq_470,DVILMCFSIDSPDSLENI,0,-0.232,-0.431,-0.232,-0.232,0,0,-0.431,0,-0.352,-0.232,-0.232,-0.232,0,0,-0.431,0,-0.232,0,0
Seq_471,SWLRDIWDWLCEVLSDFK,0,-0.232,-0.431,-0.232,-0.232,0,0,-0.232,-0.232,-0.431,0,0,0,0,-0.232,-0.352,0,-0.232,-0.431,0
Seq_472,SWLRDIWDWICELLSDFK,0,-0.232,-0.431,-0.232,-0.232,0,0,-0.352,-0.232,-0.431,0,0,0,0,-0.232,-0.352,0,0,-0.431,0
Seq_473,SWLRDLWDWLCELLSDFK,0,-0.232,-0.431,-0.232,-0.232,0,0,0,-0.232,-0.513,0,0,0,0,-0.232,-0.352,0,0,-0.431,0
Seq_474,GIGAVLKVLTTGLPALISWIKRKRQQ,-0.285,0,0,0,0,-0.359,0,-0.359,-0.359,-0.415,0,0,-0.181,-0.285,-0.285,-0.181,-0.285,-0.285,-0.181,0
Seq_475,IQKEIDRLNEVAKNLNESLIDLQELGK,-0.176,0,-0.278,-0.408,0,-0.176,0,-0.352,-0.352,-0.451,0,-0.352,0,-0.278,-0.176,-0.176,0,-0.176,0,0
Seq_476,YENQKQIANQFNKAISQIQESLTTTSTA,-0.345,0,0,-0.272,-0.172,0,0,-0.345,-0.272,-0.172,0,-0.345,0,-0.444,0,-0.345,-0.401,0,0,-0.172
Seq_477,ILMCFSIDSPDSLEN,0,-0.26,-0.388,-0.26,-0.26,0,0,-0.388,0,-0.388,-0.26,-0.26,-0.26,0,0,-0.464,0,0,0,0
Seq_478,FLGFLHHLF,0,0,0,0,-0.528,-0.352,-0.482,0,0,-0.528,0,0,0,0,0,0,0,0,0,0
Seq_479,PPISLERLDVGTNLGNAIAKLEDAKELLESSDQIL,-0.304,0,-0.304,-0.358,0,-0.236,0,-0.304,-0.236,-0.464,0,-0.236,-0.236,-0.147,-0.147,-0.304,-0.147,-0.147,0,0
Seq_480,GIKEFKRIVQRIKDFLRNLV,0,0,-0.216,-0.216,-0.332,-0.216,0,-0.411,-0.411,-0.332,0,-0.216,0,-0.216,-0.411,0,0,-0.332,0,0
Seq_481,GINASVVNIQKEIDRLNEVAKNL,-0.306,0,-0.197,-0.306,0,-0.197,0,-0.383,-0.306,-0.306,0,-0.439,0,-0.197,-0.197,-0.197,0,-0.383,0,0
Seq_482,LFGLIPSLIGGLVSAFK,-0.24,0,0,0,-0.363,-0.442,0,-0.363,-0.24,-0.491,0,0,-0.24,0,0,-0.363,0,-0.24,0,0
Seq_483,FLDSKAELEKARKILSEVGRWY,-0.314,0,-0.203,-0.392,-0.203,-0.203,0,-0.203,-0.392,-0.392,0,0,0,0,-0.314,-0.314,0,-0.203,-0.203,-0.203
Seq_484,LNNSVALDPIDISIELNKAKSDLEESKEWIRRSNQ,-0.236,0,-0.304,-0.358,0,0,0,-0.358,-0.304,-0.358,0,-0.358,-0.147,-0.147,-0.236,-0.401,0,-0.147,-0.147,0
Seq_485,VALDPIDISIELNKAKSDLEESKEWIRRSNQKLDS,-0.236,0,-0.358,-0.358,0,0,0,-0.358,-0.358,-0.358,0,-0.236,-0.147,-0.147,-0.236,-0.401,0,-0.147,-0.147,0
Seq_486,SIELNKAKSDLEESKEWIRRSNQKLDSIGNWHQSS,-0.147,0,-0.236,-0.358,0,-0.147,-0.147,-0.304,-0.358,-0.304,0,-0.304,0,-0.236,-0.236,-0.464,0,0,-0.236,0
Seq_487,CTLTTKLYC,0,-0.482,0,0,0,0,0,0,-0.352,-0.482,0,0,0,0,0,0,-0.528,0,0,-0.352
Seq_488,QLESLTDRELLLLIARKTCGSVE,-0.197,-0.197,-0.197,-0.383,0,-0.197,0,-0.197,-0.197,-0.506,0,0,0,-0.197,-0.306,-0.306,-0.306,-0.197,0,0
Seq_489,LEAIPMCIPPECAFNKPFVF,-0.332,-0.332,0,-0.332,-0.411,0,0,-0.332,-0.216,-0.216,-0.216,-0.216,-0.464,0,0,0,0,-0.216,0,0
Seq_490,WMEWDREINNYTSLIHSLIEEWQNQQEKNEQELL,0,0,-0.15,-0.469,0,0,-0.15,-0.309,-0.15,-0.363,-0.15,-0.363,0,-0.363,-0.15,-0.24,-0.15,0,-0.309,-0.15
Seq_491,APKEWMAWAREIAAYAKLIAALIKQGI,-0.52,0,0,-0.278,0,-0.176,0,-0.408,-0.352,-0.278,-0.176,0,-0.176,-0.176,-0.176,0,0,0,-0.278,-0.176
Seq_492,SWLRDIWDWICEVLSD,0,-0.25,-0.453,-0.25,0,0,0,-0.375,0,-0.375,0,0,0,0,-0.25,-0.375,0,-0.25,-0.453,0
Seq_493,GFKRIVQRIKDFLRNLV,0,0,-0.24,0,-0.363,-0.24,0,-0.363,-0.363,-0.363,0,-0.24,0,-0.24,-0.442,0,0,-0.363,0,0
Seq_494,FLAAARIAKRVAKKARKLAKRAARKRK,-0.528,0,0,0,-0.176,0,0,-0.176,-0.505,-0.278,0,0,0,0,-0.482,0,0,-0.176,0,0
Seq_495,LEAIPCSIPPCVFFNKPFVF,-0.216,-0.332,0,-0.216,-0.464,0,0,-0.332,-0.216,-0.216,0,-0.216,-0.464,0,0,-0.216,0,-0.332,0,0
Seq_496,GIKQFKRIVQRIKDFLRNLV,0,0,-0.216,0,-0.332,-0.216,0,-0.411,-0.411,-0.332,0,-0.216,0,-0.332,-0.411,0,0,-0.332,0,0
Seq_497,MDVNPTLLFLK,0,0,-0.314,0,-0.314,0,0,0,-0.314,-0.511,-0.314,-0.314,-0.314,0,0,0,-0.314,-0.314,0,0
Seq_498,SWLRRIWRWICKVLSRFK,0,-0.232,0,0,-0.232,0,0,-0.352,-0.352,-0.352,0,0,0,0,-0.482,-0.352,0,-0.232,-0.431,0
Seq_499,TWAGVEAIIRILQQL,-0.388,0,0,-0.26,0,-0.26,0,-0.464,0,-0.388,0,0,0,-0.388,-0.26,0,-0.26,-0.26,-0.26,0
Seq_500,KVLTTGLPALISWIKRKRQQ,-0.216,0,0,0,0,-0.216,0,-0.332,-0.411,-0.411,0,0,-0.216,-0.332,-0.332,-0.216,-0.332,-0.216,-0.216,0
Seq_501,SWLRDIWRWICKVLSRFK,0,-0.232,-0.232,0,-0.232,0,0,-0.352,-0.352,-0.352,0,0,0,0,-0.431,-0.352,0,-0.232,-0.431,0
Seq_502,FLHFLHHLF,0,0,0,0,-0.528,0,-0.528,0,0,-0.528,0,0,0,0,0,0,0,0,0,0
Seq_503,SSSTSTQVQILSNAL,-0.26,0,0,0,0,0,0,-0.26,0,-0.388,0,-0.26,0,-0.388,0,-0.528,-0.388,-0.26,0,0
Seq_504,CVRLASHLRKLRKRLLRDADDLQKRLAVY,-0.339,-0.168,-0.339,0,0,0,-0.168,0,-0.339,-0.495,0,0,0,-0.168,-0.47,-0.168,0,-0.266,0,-0.168
Seq_505,MHRSLLGRMKGA,-0.299,0,0,0,0,-0.431,-0.299,0,-0.299,-0.431,-0.431,0,0,0,-0.431,-0.299,0,0,0,0
Seq_506,GINASVVNIQKEIDRLNEVAKNLNESLIDL,-0.26,0,-0.26,-0.332,0,-0.164,0,-0.388,-0.26,-0.388,0,-0.431,0,-0.164,-0.164,-0.26,0,-0.332,0,0
Seq_507,SWLRDIWDWICEVLSDFK,0,-0.232,-0.431,-0.232,-0.232,0,0,-0.352,-0.232,-0.352,0,0,0,0,-0.232,-0.352,0,-0.232,-0.431,0
Seq_508,GSLLGRMKGA,-0.332,0,0,0,0,-0.521,0,0,-0.332,-0.464,-0.332,0,0,0,-0.332,-0.332,0,0,0,0
Seq_509,SWLRDLWDWICELLSDFK,0,-0.232,-0.431,-0.232,-0.232,0,0,-0.232,-0.232,-0.482,0,0,0,0,-0.232,-0.352,0,0,-0.431,0
Seq_510,VANDPIDISIELNKAKSDLEESKEWIRRSNQKLDSI,-0.232,0,-0.352,-0.352,0,0,0,-0.396,-0.352,-0.299,0,-0.299,-0.144,-0.144,-0.232,-0.396,0,-0.144,-0.144,0
Seq_511,VANDPIDISIELNKAKSDLEESKEWIRRSNQKLDSD,-0.232,0,-0.396,-0.352,0,0,0,-0.352,-0.352,-0.299,0,-0.299,-0.144,-0.144,-0.232,-0.396,0,-0.144,-0.144,0
Seq_512,YTSLIHSLIEEKQNQQEKNEQELLELDKWASLWNWF,-0.144,0,-0.144,-0.431,-0.144,0,-0.144,-0.232,-0.299,-0.431,0,-0.299,0,-0.352,0,-0.299,-0.144,0,-0.299,-0.144
Seq_513,RRKKAAVALLPAVLLALLAP,-0.521,0,0,0,0,0,0,0,-0.332,-0.521,0,0,-0.332,0,-0.332,0,0,-0.332,0,0
Seq_514,VNPTLLFLKVPAQNAISTTFPYT,-0.306,0,0,0,-0.306,0,0,-0.197,-0.197,-0.383,0,-0.306,-0.383,-0.197,0,-0.197,-0.439,-0.306,0,-0.197
Seq_515,LEAIPMSIPPEVFFNKPFVF,-0.216,0,0,-0.332,-0.464,0,0,-0.332,-0.216,-0.216,-0.216,-0.216,-0.464,0,0,-0.216,0,-0.332,0,0
Seq_516,MDVNPTLLFLKV,0,0,-0.299,0,-0.299,0,0,0,-0.299,-0.5,-0.299,-0.299,-0.299,0,0,0,-0.299,-0.431,0,0
Seq_517,GINASVVNIQKEIDRLNEVAKNLNESLIDLQELGKYE,-0.228,0,-0.228,-0.39,0,-0.228,0,-0.347,-0.294,-0.39,0,-0.39,0,-0.228,-0.141,-0.228,0,-0.294,0,-0.141
Seq_518,SLEQIWNNMTWMEWDREINNYTSLIHSLIEESQNQQ,0,0,-0.144,-0.396,0,0,-0.144,-0.352,0,-0.299,-0.232,-0.396,0,-0.352,-0.144,-0.352,-0.232,0,-0.299,-0.144
Seq_519,IWNNMTWMEWDREINNYTSLIHSLIEESQNQQEKNE,0,0,-0.144,-0.431,0,0,-0.144,-0.352,-0.144,-0.232,-0.232,-0.431,0,-0.299,-0.144,-0.299,-0.232,0,-0.299,-0.144
Seq_520,FWNWLSAWIKKTYEEIKKTYEEIKKTYEEIERDWEMV,-0.141,0,-0.141,-0.478,-0.141,0,0,-0.347,-0.426,-0.141,-0.141,-0.141,0,0,-0.141,-0.141,-0.294,-0.141,-0.347,-0.294
Seq_521,DWLRIIWDWVCSVVSDFK,0,-0.232,-0.431,0,-0.232,0,0,-0.352,-0.232,-0.232,0,0,0,0,-0.232,-0.352,0,-0.431,-0.431,0
Seq_522,GSWLRDIWDWICEVLSDFK,0,-0.224,-0.42,-0.224,-0.224,-0.224,0,-0.342,-0.224,-0.342,0,0,0,0,-0.224,-0.342,0,-0.224,-0.42,0
Seq_523,SWLRDIWDWICEVLSDFKTW,0,-0.216,-0.411,-0.216,-0.216,0,0,-0.332,-0.216,-0.332,0,0,0,0,-0.216,-0.332,-0.216,-0.216,-0.464,0
Seq_524,CEELRVRLASHLRKLRKRLLRDADDLQKRLAVY,-0.314,-0.153,-0.314,-0.245,0,0,-0.153,0,-0.314,-0.496,0,0,0,-0.153,-0.475,-0.153,0,-0.245,0,-0.153
Seq_525,HRSLLGRMKGA,-0.314,0,0,0,0,-0.447,-0.314,0,-0.314,-0.447,-0.314,0,0,0,-0.447,-0.314,0,0,0,0
Seq_526,PTLLFLKVPAQNAISTTFPYT,-0.323,0,0,0,-0.323,0,0,-0.209,-0.209,-0.401,0,-0.209,-0.401,-0.209,0,-0.209,-0.456,-0.209,0,-0.209
Seq_527,KFDSLVECIWDWIDRLWS,0,-0.232,-0.431,-0.232,-0.232,0,0,-0.352,-0.232,-0.352,0,0,0,0,-0.232,-0.352,0,-0.232,-0.431,0
Seq_528,FKLRAKIKVRLRAKIKL,-0.363,0,0,0,-0.24,0,0,-0.363,-0.519,-0.442,0,0,0,0,-0.442,0,0,-0.24,0,0
Seq_529,YTSLIHSLIEEPQNQQEKNEQELLELDKWASLWNWF,-0.144,0,-0.144,-0.431,-0.144,0,-0.144,-0.232,-0.232,-0.431,0,-0.299,-0.144,-0.352,0,-0.299,-0.144,0,-0.299,-0.144
Seq_530,SIWRDWVDLICEFLSDWK,0,-0.232,-0.431,-0.232,-0.232,0,0,-0.352,-0.232,-0.352,0,0,0,0,-0.232,-0.352,0,-0.232,-0.431,0
Seq_531,INNYTSLIHSLIEESQNQQEKNEQELLELDKWASLW,-0.144,0,-0.144,-0.431,0,0,-0.144,-0.299,-0.232,-0.431,0,-0.352,0,-0.352,0,-0.352,-0.144,0,-0.232,-0.144
Seq_532,LEAIPCSIPPCFLFGKPFVF,-0.216,-0.332,0,-0.216,-0.464,-0.216,0,-0.332,-0.216,-0.332,0,0,-0.464,0,0,-0.216,0,-0.216,0,0
Seq_533,YTSLIHSLIEERQNQQEKNEQELLELDKWASLWNWF,-0.144,0,-0.144,-0.431,-0.144,0,-0.144,-0.232,-0.232,-0.431,0,-0.299,0,-0.352,-0.144,-0.299,-0.144,0,-0.299,-0.144
Seq_534,VALDPIDISIELNKAKSDLEESKEWIRRSNQKLDSD,-0.232,0,-0.396,-0.352,0,0,0,-0.352,-0.352,-0.352,0,-0.232,-0.144,-0.144,-0.232,-0.396,0,-0.144,-0.144,0
Seq_535,TRQARRNRRRWRERQRAAAAC,-0.493,-0.209,0,-0.209,0,0,0,0,0,0,0,-0.209,0,-0.323,-0.524,0,-0.209,0,-0.209,0
Seq_536,GRFKRFRKKFKKLFKKIS,0,0,0,0,-0.482,-0.232,0,-0.232,-0.53,-0.232,0,0,0,0,-0.431,-0.232,0,0,0,0
Seq_537,RQLLSGIVQQQNNLLRAIEAQQHLLQK,-0.278,0,0,-0.176,0,-0.176,-0.176,-0.278,-0.176,-0.482,0,-0.278,0,-0.505,-0.278,-0.176,0,-0.176,0,0
Seq_538,PPATHTIADRNHTPFSDV,-0.352,0,-0.352,0,-0.232,0,-0.352,-0.232,0,0,0,-0.232,-0.431,0,-0.232,-0.232,-0.431,-0.232,0,0
Seq_539,MDVNPHLLFLKVPAQ,-0.26,0,-0.26,0,-0.26,0,-0.26,0,-0.26,-0.464,-0.26,-0.26,-0.388,-0.26,0,0,0,-0.388,0,0
Seq_540,RSLLGRMKGA,-0.332,0,0,0,0,-0.464,0,0,-0.332,-0.464,-0.332,0,0,0,-0.464,-0.332,0,0,0,0
Seq_541,YTSLIHSLIEEEQNQQEKNEQELLELDKWASLWNWF,-0.144,0,-0.144,-0.459,-0.144,0,-0.144,-0.232,-0.232,-0.431,0,-0.299,0,-0.352,0,-0.299,-0.144,0,-0.299,-0.144
Seq_542,LEAIPCSIPPCVFFGKPFVF,-0.216,-0.332,0,-0.216,-0.464,-0.216,0,-0.332,-0.216,-0.216,0,0,-0.464,0,0,-0.216,0,-0.332,0,0
Seq_543,LEAIPCSIPPCFAFNKPFVF,-0.332,-0.332,0,-0.216,-0.464,0,0,-0.332,-0.216,-0.216,0,-0.216,-0.464,0,0,-0.216,0,-0.216,0,0
Seq_544,YTSLIHSLIQQSQNQQQKNQQQLLQLDKWASLWNWF,-0.144,0,-0.144,0,-0.144,0,-0.144,-0.232,-0.232,-0.431,0,-0.299,0,-0.513,0,-0.352,-0.144,0,-0.299,-0.144
Seq_545,SQNQQEKNEQELLELDKWASLWNWFNITNWLWLIKI,-0.144,0,-0.144,-0.352,-0.144,0,0,-0.299,-0.299,-0.431,0,-0.396,0,-0.352,0,-0.232,-0.144,0,-0.396,0
Seq_546,EESQNQQEKNEQELLELDKWASLWNWFNITNWLWLI,-0.144,0,-0.144,-0.431,-0.144,0,0,-0.232,-0.232,-0.431,0,-0.396,0,-0.352,0,-0.232,-0.144,0,-0.396,0
Seq_547,ESQNQQEKNEQELLELDKWASLWNWFNITNWLWLIK,-0.144,0,-0.144,-0.396,-0.144,0,0,-0.232,-0.299,-0.431,0,-0.396,0,-0.352,0,-0.232,-0.144,0,-0.396,0
Seq_548,NQQEKNEQELLELDKWASLWNWFNITNWLWLIKIFI,-0.144,0,-0.144,-0.352,-0.232,0,0,-0.352,-0.299,-0.431,0,-0.396,0,-0.299,0,-0.144,-0.144,0,-0.396,0
Seq_549,QNQQEKNEQELLELDKWASLWNWFNITNWLWLIKIF,-0.144,0,-0.144,-0.352,-0.232,0,0,-0.299,-0.299,-0.431,0,-0.396,0,-0.352,0,-0.144,-0.144,0,-0.396,0
Seq_550,ASLRVRIKK,-0.352,0,0,0,0,0,0,-0.352,-0.482,-0.352,0,0,0,0,-0.482,-0.352,0,-0.352,0,0
Seq_551,VEAIIRILQQLLFIH,-0.26,0,0,-0.26,-0.26,0,-0.26,-0.509,0,-0.464,0,0,0,-0.388,-0.26,0,0,-0.26,0,0
Seq_552,ASLRVRIKKQ,-0.332,0,0,0,0,0,0,-0.332,-0.464,-0.332,0,0,0,-0.332,-0.464,-0.332,0,-0.332,0,0
Seq_553,YTSLIHSLIEEDQNQQEKNEQELLELDKWASLWNWF,-0.144,0,-0.232,-0.431,-0.144,0,-0.144,-0.232,-0.232,-0.431,0,-0.299,0,-0.352,0,-0.299,-0.144,0,-0.299,-0.144
Seq_554,YTSLIHSLIEEHQNQQEKNEQELLELDKWASLWNWF,-0.144,0,-0.144,-0.431,-0.144,0,-0.232,-0.232,-0.232,-0.431,0,-0.299,0,-0.352,0,-0.299,-0.144,0,-0.299,-0.144
Seq_555,NSVALDPIDISIELNKAKSDLEESKEWIRRSNQKL,-0.236,0,-0.304,-0.358,0,0,0,-0.358,-0.358,-0.358,0,-0.304,-0.147,-0.147,-0.236,-0.401,0,-0.147,-0.147,0
Seq_556,DPIDISIELNKAKSDLEESKEWIRRSNQKLDSIGN,-0.147,0,-0.358,-0.358,0,-0.147,0,-0.401,-0.358,-0.304,0,-0.304,-0.147,-0.147,-0.236,-0.401,0,0,-0.147,0
Seq_557,RRGRTGRGRRGIYR,0,0,0,0,0,-0.516,0,-0.272,0,0,0,0,0,0,-0.5,0,-0.272,0,0,-0.272
Seq_558,CFLNITNSHVSILQERPPLENRV,0,-0.197,0,-0.306,-0.197,0,-0.197,-0.306,0,-0.383,0,-0.383,-0.306,-0.197,-0.306,-0.306,-0.197,-0.306,0,0
Seq_559,CCFLNITNSHVSILQERPPLENRVLTGWGL,0,-0.26,0,-0.26,-0.164,-0.26,-0.164,-0.26,0,-0.431,0,-0.332,-0.26,-0.164,-0.26,-0.26,-0.26,-0.26,-0.164,0
Seq_560,LEAIPCSIPPCVAFNKPFVF,-0.332,-0.332,0,-0.216,-0.411,0,0,-0.332,-0.216,-0.216,0,-0.216,-0.464,0,0,-0.216,0,-0.332,0,0
Seq_561,QKWEDWVRWIGN,0,0,-0.299,-0.299,0,-0.299,0,-0.299,-0.299,0,0,-0.299,0,-0.299,-0.299,0,0,-0.299,-0.5,0
Seq_562,FNLSDHSESIQKKFQLMKEHVNKIG,0,0,-0.186,-0.292,-0.292,-0.186,-0.292,-0.292,-0.423,-0.292,-0.186,-0.292,0,-0.292,0,-0.367,0,-0.186,0,0
Seq_563,WADWVRWI,-0.375,0,-0.375,0,0,0,0,-0.375,0,0,0,0,0,0,-0.375,0,0,-0.375,-0.531,0
Seq_564,TTWEAWDRAIAEYAARIEALIRAAQELQEKLEAALREL,-0.507,0,-0.138,-0.45,0,0,0,-0.289,-0.138,-0.385,0,0,0,-0.224,-0.342,0,-0.224,0,-0.224,-0.138
Seq_565,RRKKIFYFFR,0,0,0,0,-0.521,0,0,-0.332,-0.464,0,0,0,0,0,-0.521,0,0,0,0,-0.332
Seq_566,WEDWVRWA,-0.375,0,-0.375,-0.375,0,0,0,0,0,0,0,0,0,0,-0.375,0,0,-0.375,-0.531,0
Seq_567,SLIEESQNQQEKNEQELLELDKWASLWNWFNITNWL,-0.144,0,-0.144,-0.431,-0.144,0,0,-0.232,-0.232,-0.431,0,-0.396,0,-0.352,0,-0.299,-0.144,0,-0.352,0
Seq_568,NGIGVTQNVLYENQKQIANQFNKAISQIQESLTTTSTA,-0.289,0,0,-0.224,-0.138,-0.224,0,-0.342,-0.224,-0.224,0,-0.385,0,-0.42,0,-0.289,-0.385,-0.224,0,-0.138
Seq_569,MDVNPTLLFLKVP,0,0,-0.285,0,-0.285,0,0,0,-0.285,-0.488,-0.285,-0.285,-0.415,0,0,0,-0.285,-0.415,0,0
Seq_570,YTSLIHSLIEESQNQQEKNEQELLELDKPASLWNWF,-0.144,0,-0.144,-0.431,-0.144,0,-0.144,-0.232,-0.232,-0.431,0,-0.299,-0.144,-0.352,0,-0.352,-0.144,0,-0.232,-0.144
Seq_571,GELGRLVYLLDGPGYDPI,0,0,-0.352,-0.232,0,-0.482,0,-0.232,0,-0.482,0,0,-0.352,0,-0.232,0,0,-0.232,0,-0.352
Seq_572,GELGRLVYLLDGPGYDPIHCD,0,-0.209,-0.401,-0.209,0,-0.456,-0.209,-0.209,0,-0.456,0,0,-0.323,0,-0.209,0,0,-0.209,0,-0.323
Seq_573,ALDPIDISIELNKAKSDLEESKEWIRRSNQKLDSI,-0.236,0,-0.358,-0.358,0,0,0,-0.401,-0.358,-0.358,0,-0.236,-0.147,-0.147,-0.236,-0.401,0,0,-0.147,0
Seq_574,HGLASTLTRWAHYNALIRAF,-0.464,0,0,0,-0.216,-0.216,-0.332,-0.216,0,-0.411,0,-0.216,0,0,-0.332,-0.216,-0.332,0,-0.216,-0.216
Seq_575,AWDFGSLGGVFTSIGKALHQVFGAIYGAA,-0.437,0,-0.168,0,-0.339,-0.47,-0.168,-0.266,-0.168,-0.266,0,0,0,-0.168,0,-0.266,-0.168,-0.266,-0.168,-0.168
Seq_576,AWDFGSVGGVLNSLGKMVHQIFGSAYTAL,-0.339,0,-0.168,0,-0.266,-0.437,-0.168,-0.168,-0.168,-0.339,-0.168,-0.168,0,-0.168,0,-0.339,-0.168,-0.339,-0.168,-0.168
Seq_577,WEAWVRWI,-0.375,0,0,-0.375,0,0,0,-0.375,0,0,0,0,0,0,-0.375,0,0,-0.375,-0.531,0
Seq_578,WLVFFVIFYFFR,0,0,0,0,-0.526,0,0,-0.299,0,-0.299,0,0,0,0,-0.299,0,0,-0.431,-0.299,-0.299
Seq_579,DQAEHLKTAVQMAVFIHNYKA,-0.456,0,-0.209,-0.209,-0.209,0,-0.323,-0.209,-0.323,-0.209,-0.209,-0.209,0,-0.323,0,0,-0.209,-0.323,0,-0.209
Seq_580,LVQPRGPRSGPGPWQGGRRKFRRQRPRLSHKGPMPF,0,0,0,0,-0.232,-0.431,-0.144,0,-0.232,-0.232,-0.144,0,-0.459,-0.299,-0.482,-0.232,0,-0.144,-0.144,0
Seq_581,NKSLEQIWNNMTWMEWDREINNYTSLIHSLIEESQN,0,0,-0.144,-0.396,0,0,-0.144,-0.352,-0.144,-0.299,-0.232,-0.431,0,-0.232,-0.144,-0.352,-0.232,0,-0.299,-0.144
Seq_582,PIDISIELNKAKSDLEESKEWIRRSNQKLDSIGNW,-0.147,0,-0.304,-0.358,0,-0.147,0,-0.401,-0.358,-0.304,0,-0.304,-0.147,-0.147,-0.236,-0.401,0,0,-0.236,0
Seq_583,WEDWARWI,-0.375,0,-0.375,-0.375,0,0,0,-0.375,0,0,0,0,0,0,-0.375,0,0,0,-0.531,0
Seq_584,LHRIDLGPPISLERLDVGTNLGNAIAKLEDAKELL,-0.304,0,-0.304,-0.304,0,-0.304,-0.147,-0.304,-0.236,-0.487,0,-0.236,-0.236,0,-0.236,-0.147,-0.147,-0.147,0,0
Seq_585,KSLEQIWNNMTWMEWDREINNYTSLIHSLIEESQNQ,0,0,-0.144,-0.396,0,0,-0.144,-0.352,-0.144,-0.299,-0.232,-0.396,0,-0.299,-0.144,-0.352,-0.232,0,-0.299,-0.144
Seq_586,INNYTSLIHSLIEESQNQQEKNEQELLELDKWASL,-0.147,0,-0.147,-0.436,0,0,-0.147,-0.304,-0.236,-0.436,0,-0.358,0,-0.358,0,-0.358,-0.147,0,-0.147,-0.147
Seq_587,WEDWVRWI,0,0,-0.375,-0.375,0,0,0,-0.375,0,0,0,0,0,0,-0.375,0,0,-0.375,-0.531,0
Seq_588,FDASISQVNEKINQSLAFIRKSDELLHNVNAGKST,-0.304,0,-0.236,-0.236,-0.236,-0.147,-0.147,-0.304,-0.304,-0.304,0,-0.358,0,-0.236,-0.147,-0.401,-0.147,-0.236,0,0
Seq_589,IRKAHCNISRAKWND,-0.388,-0.26,-0.26,0,0,0,-0.26,-0.388,-0.388,0,0,-0.388,0,0,-0.388,-0.26,0,0,-0.26,0
Seq_590,IRKAHCNISRADWND,-0.388,-0.26,-0.388,0,0,0,-0.26,-0.388,-0.26,0,0,-0.388,0,0,-0.388,-0.26,0,0,-0.26,0
Seq_591,LEQIWNNMTWMEWDREINNYTSLIHSLIEESQNQQE,0,0,-0.144,-0.431,0,0,-0.144,-0.352,0,-0.299,-0.232,-0.396,0,-0.352,-0.144,-0.299,-0.232,0,-0.299,-0.144
Seq_592,LIEESQNQQEKNEQELLELDKWASLWNWFNITNWLW,-0.144,0,-0.144,-0.431,-0.144,0,0,-0.232,-0.232,-0.431,0,-0.396,0,-0.352,0,-0.232,-0.144,0,-0.396,0
Seq_593,WMEWDREINNYTSLIHSLIEEPQNQQEKNEQELL,0,0,-0.15,-0.469,0,0,-0.15,-0.309,-0.15,-0.363,-0.15,-0.363,-0.15,-0.363,-0.15,-0.24,-0.15,0,-0.24,-0.15
Seq_594,MNINPYPLFIDVPIQ,0,0,-0.26,0,-0.26,0,0,-0.464,0,-0.26,-0.26,-0.388,-0.464,-0.26,0,0,0,-0.26,0,-0.26
Seq_595,MDVNPCLLFLKVPAQ,-0.26,-0.26,-0.26,0,-0.26,0,0,0,-0.26,-0.464,-0.26,-0.26,-0.388,-0.26,0,0,0,-0.388,0,0
Seq_596,MDVNPTLLFLKVPAQ,-0.26,0,-0.26,0,-0.26,0,0,0,-0.26,-0.464,-0.26,-0.26,-0.388,-0.26,0,0,-0.26,-0.388,0,0
Seq_597,VYTDKVDISSQISSMNQSLQQSKDYIKEAQKILDTV,-0.144,0,-0.352,-0.144,0,0,0,-0.352,-0.352,-0.232,-0.144,-0.144,0,-0.396,0,-0.431,-0.232,-0.299,0,-0.232
Seq_598,VQQQNNLLRAIEAQQHLLQLTVWGIKQL,-0.272,0,0,-0.172,0,-0.172,-0.172,-0.272,-0.172,-0.476,0,-0.272,0,-0.5,-0.172,0,-0.172,-0.272,-0.172,0
Seq_599,HSLIEESQNQQEKNEQELLELDKWASLWNWFNITNW,-0.144,0,-0.144,-0.431,-0.144,0,-0.144,-0.232,-0.232,-0.396,0,-0.396,0,-0.352,0,-0.299,-0.144,0,-0.352,0
Seq_600,MDVNPTLLFLKVPA,-0.272,0,-0.272,0,-0.272,0,0,0,-0.272,-0.476,-0.272,-0.272,-0.401,0,0,0,-0.272,-0.401,0,0
Seq_601,QHLLQLTVWGIKQLQARILAVERYLKDQ,-0.272,0,-0.172,-0.172,0,-0.172,-0.172,-0.272,-0.272,-0.476,0,0,0,-0.444,-0.272,0,-0.172,-0.272,-0.172,-0.172
Seq_602,MDVNPTLLFLKVPAQNAIST,-0.332,0,-0.216,0,-0.216,0,0,-0.216,-0.216,-0.411,-0.216,-0.332,-0.332,-0.216,0,-0.216,-0.332,-0.332,0,0
Seq_603,YTSLIHSLIEEQQNQQEKNEQELLELDKWASLWNWF,-0.144,0,-0.144,-0.431,-0.144,0,-0.144,-0.232,-0.232,-0.431,0,-0.299,0,-0.396,0,-0.299,-0.144,0,-0.299,-0.144
Seq_604,TTWEAWDRAIAEYAARIEALIRALQELQEKNEAILREL,-0.473,0,-0.138,-0.45,0,0,0,-0.342,-0.138,-0.385,0,-0.138,0,-0.224,-0.342,0,-0.224,0,-0.224,-0.138
Seq_605,LDPIDISIELNKAKSDLEESKEWIRRSNQKLDSIG,-0.147,0,-0.358,-0.358,0,-0.147,0,-0.401,-0.358,-0.358,0,-0.236,-0.147,-0.147,-0.236,-0.401,0,0,-0.147,0
Seq_606,WEDWVRWIGNIP,0,0,-0.299,-0.299,0,-0.299,0,-0.431,0,0,0,-0.299,-0.299,0,-0.299,0,0,-0.299,-0.5,0
Seq_607,QARQLLSQIVQQQNNLLRAIEAQQHLLQ,-0.345,0,0,-0.172,0,0,-0.172,-0.272,0,-0.476,0,-0.272,0,-0.526,-0.272,-0.172,0,-0.172,0,0
Seq_608,MDVNPTLLFLKVPAQNAI,-0.352,0,-0.232,0,-0.232,0,0,-0.232,-0.232,-0.431,-0.232,-0.352,-0.352,-0.232,0,0,-0.232,-0.352,0,0
Seq_609,IHSLIEESQNQQEKNEQELLELDKWASLWNWFNITN,-0.144,0,-0.144,-0.431,-0.144,0,-0.144,-0.299,-0.232,-0.396,0,-0.396,0,-0.352,0,-0.299,-0.144,0,-0.299,0
Seq_610,YTSLIHSLIEEWQNQQEKNEQELLELDKWASLWNWF,-0.144,0,-0.144,-0.431,-0.144,0,-0.144,-0.232,-0.232,-0.431,0,-0.299,0,-0.352,0,-0.299,-0.144,0,-0.352,-0.144
Seq_611,MTLTVQARQLLSQIVQQQNNLLRAIEAQ,-0.345,0,0,-0.172,0,0,0,-0.272,0,-0.444,-0.172,-0.272,0,-0.5,-0.272,-0.172,-0.272,-0.272,0,0
Seq_612,NNYTSLIHSLIEESQNQQEKNEQELLELDKWASLWN,-0.144,0,-0.144,-0.431,0,0,-0.144,-0.232,-0.232,-0.431,0,-0.396,0,-0.352,0,-0.352,-0.144,0,-0.232,-0.144
Seq_613,GELGRPVYVLGDPGYYATHCIYATTNDALIFSV,-0.314,-0.153,-0.245,-0.153,-0.153,-0.369,-0.153,-0.245,0,-0.314,0,-0.153,-0.245,0,-0.153,-0.153,-0.314,-0.314,0,-0.369
Seq_614,YGGIKKEIEAIKKEQEAIKKKIEAIEKEIEA,-0.381,0,0,-0.504,0,-0.255,0,-0.485,-0.504,0,0,0,0,-0.16,0,0,0,0,0,-0.16
Seq_615,YTSLIHSLIEEYQNQQEKNEQELLELDKWASLWNWF,-0.144,0,-0.144,-0.431,-0.144,0,-0.144,-0.232,-0.232,-0.431,0,-0.299,0,-0.352,0,-0.299,-0.144,0,-0.299,-0.232
Seq_616,RQIKINFQNRRMKNKKGELDELVYLLDGPGYDPIHS,0,0,-0.299,-0.232,-0.144,-0.299,-0.144,-0.299,-0.352,-0.352,-0.144,-0.299,-0.232,-0.232,-0.299,-0.144,0,-0.144,0,-0.232
Seq_617,GELDELVYLLDGPGYDPIHS,0,0,-0.411,-0.332,0,-0.411,-0.216,-0.216,0,-0.464,0,0,-0.332,0,0,-0.216,0,-0.216,0,-0.332
Seq_618,KQNAANILRLKESIAATNEAVHEV,-0.471,0,0,-0.375,0,0,-0.191,-0.299,-0.299,-0.299,0,-0.375,0,-0.191,-0.191,-0.191,-0.191,-0.299,0,0
Seq_619,AVGIGAMFLGFLGAAGSTMGAAS,-0.506,0,0,0,-0.306,-0.506,0,-0.197,0,-0.306,-0.306,0,0,0,0,-0.306,-0.197,-0.197,0,0
Seq_620,DREINNYTSLIHSLIEESQNQQEKNEQELLELDKWA,-0.144,0,-0.232,-0.459,0,0,-0.144,-0.299,-0.232,-0.396,0,-0.352,0,-0.352,-0.144,-0.299,-0.144,0,-0.144,-0.144
Seq_621,MDVNPYLLFLKVPAQ,-0.26,0,-0.26,0,-0.26,0,0,0,-0.26,-0.464,-0.26,-0.26,-0.388,-0.26,0,0,0,-0.388,0,-0.26
Seq_622,WDREINNYTSLIHSLIEESQNQQEKNEQELLELDKW,0,0,-0.232,-0.459,0,0,-0.144,-0.299,-0.232,-0.396,0,-0.352,0,-0.352,-0.144,-0.299,-0.144,0,-0.232,-0.144
Seq_623,MTWMAWDRAIANYAALIHALIEAAQNQQEKNEAALLEL,-0.507,0,-0.138,-0.342,0,0,-0.138,-0.289,-0.138,-0.385,-0.224,-0.289,0,-0.289,-0.138,0,-0.138,0,-0.224,-0.138
Seq_624,GELGRLVYLLDGPGYDPIHCSLAYGDASTLVVF,-0.245,-0.153,-0.314,-0.153,-0.153,-0.412,-0.153,-0.153,0,-0.447,0,0,-0.245,0,-0.153,-0.245,-0.153,-0.314,0,-0.314
Seq_625,ISLERLDVGTNLGNAIAKLEDAKELLESSDQILRSM,-0.299,0,-0.299,-0.352,0,-0.232,0,-0.299,-0.232,-0.459,-0.144,-0.232,0,-0.144,-0.232,-0.352,-0.144,-0.144,0,0
Seq_626,QLQKWEDWVRWI,0,0,-0.299,-0.299,0,0,0,-0.299,-0.299,-0.299,0,0,0,-0.431,-0.299,0,0,-0.299,-0.5,0
Seq_627,VWGIKQLQARILAVERYLKDQQLLGIWG,-0.272,0,-0.172,-0.172,0,-0.345,0,-0.345,-0.272,-0.444,0,0,0,-0.401,-0.272,0,0,-0.272,-0.272,-0.172
Seq_628,YTSLIHSLIEENQNQQEKNEQELLELDKWASLWNWF,-0.144,0,-0.144,-0.431,-0.144,0,-0.144,-0.232,-0.232,-0.431,0,-0.352,0,-0.352,0,-0.299,-0.144,0,-0.299,-0.144
Seq_629,YTSLIHSLIEESQNQQEKNEQELLELDKWASLWNSF,-0.144,0,-0.144,-0.431,-0.144,0,-0.144,-0.232,-0.232,-0.431,0,-0.299,0,-0.352,0,-0.396,-0.144,0,-0.232,-0.144
Seq_630,RQLLSQIVQQQNNLLRAIEAQQHLLQLT,-0.272,0,0,-0.172,0,0,-0.172,-0.272,0,-0.5,0,-0.272,0,-0.516,-0.272,-0.172,-0.172,-0.172,0,0
Seq_631,NNMTWMEWDREINNYTSLIHSLIEESQNQQEKNEQE,0,0,-0.144,-0.459,0,0,-0.144,-0.299,-0.144,-0.232,-0.232,-0.431,0,-0.352,-0.144,-0.299,-0.232,0,-0.232,-0.144
Seq_632,IDISIELNKAKSDLEESKEWIRRSNQKLDSIGNWH,-0.147,0,-0.304,-0.358,0,-0.147,-0.147,-0.401,-0.358,-0.304,0,-0.304,0,-0.147,-0.236,-0.401,0,0,-0.236,0
Seq_633,YTSLIHSLIEESQNQQEKNQQELLQLDKWASLWNWF,-0.144,0,-0.144,-0.352,-0.144,0,-0.144,-0.232,-0.232,-0.431,0,-0.299,0,-0.431,0,-0.352,-0.144,0,-0.299,-0.144
Seq_634,TTWEAWDRAIAEYAARIEALIRALQELQEKNEAALREL,-0.492,0,-0.138,-0.45,0,0,0,-0.289,-0.138,-0.385,0,-0.138,0,-0.224,-0.342,0,-0.224,0,-0.224,-0.138
Seq_635,MNINPTLLFLKVPAQ,-0.26,0,0,0,-0.26,0,0,-0.26,-0.26,-0.464,-0.26,-0.388,-0.388,-0.26,0,0,-0.26,-0.26,0,0
Seq_636,KVDISSQISSMNQSLQQSKDYIKEAQRLLDTVNPSL,-0.144,0,-0.299,-0.144,0,0,0,-0.299,-0.299,-0.352,-0.144,-0.232,-0.144,-0.396,-0.144,-0.459,-0.144,-0.232,0,-0.144
Seq_637,QLQKWEDWVRWIGNIPQYLKG,0,0,-0.209,-0.209,0,-0.323,0,-0.323,-0.323,-0.323,0,-0.209,-0.209,-0.401,-0.209,0,0,-0.209,-0.401,-0.209
Seq_638,TTWEAWDRAIAEYAARIEALIRAAQEQQEKLEAVLREL,-0.492,0,-0.138,-0.45,0,0,0,-0.289,-0.138,-0.342,0,0,0,-0.289,-0.342,0,-0.224,-0.138,-0.224,-0.138
Seq_639,EWDREINNYTSLIHSLIEESQNQQEKNEQELLELDK,0,0,-0.232,-0.482,0,0,-0.144,-0.299,-0.232,-0.396,0,-0.352,0,-0.352,-0.144,-0.299,-0.144,0,-0.144,-0.144
Seq_640,YTSLIHSLIEESQNQQEKNEQELLELDKWASLWNAF,-0.232,0,-0.144,-0.431,-0.144,0,-0.144,-0.232,-0.232,-0.431,0,-0.299,0,-0.352,0,-0.352,-0.144,0,-0.232,-0.144
Seq_641,TTWEAWDRAIAEYAARIEALIRAAQEQQEKLEAALREL,-0.507,0,-0.138,-0.45,0,0,0,-0.289,-0.138,-0.342,0,0,0,-0.289,-0.342,0,-0.224,0,-0.224,-0.138
Seq_642,GELGRLVYLLDGPGYDPIHCDVVTRGGSHLFNF,0,-0.153,-0.314,-0.153,-0.245,-0.447,-0.245,-0.153,0,-0.412,0,-0.153,-0.245,0,-0.245,-0.153,-0.153,-0.314,0,-0.245
Seq_643,TWMEWDREINNYTSLIHSLIEESQNQQEKNEQELLE,0,0,-0.144,-0.482,0,0,-0.144,-0.299,-0.144,-0.352,-0.144,-0.352,0,-0.352,-0.144,-0.299,-0.232,0,-0.232,-0.144
Seq_644,TTWEAWDRAIAEYAARIEALIRALQEQQEKNEAILREL,-0.473,0,-0.138,-0.45,0,0,0,-0.342,-0.138,-0.342,0,-0.138,0,-0.289,-0.342,0,-0.224,0,-0.224,-0.138
Seq_645,MEWDREINNYTSLIHSLIEESQNQQEKNEQELLELD,0,0,-0.232,-0.482,0,0,-0.144,-0.299,-0.144,-0.396,-0.144,-0.352,0,-0.352,-0.144,-0.299,-0.144,0,-0.144,-0.144
Seq_646,MTWMEWDREINNYTSLIHSLIEESQNQQEKNEQELL,0,0,-0.144,-0.459,0,0,-0.144,-0.299,-0.144,-0.352,-0.232,-0.352,0,-0.352,-0.144,-0.299,-0.232,0,-0.232,-0.144
Seq_647,YTSLIHSLIEEFQNQQEKNEQELLELDKWASLWNWF,-0.144,0,-0.144,-0.431,-0.232,0,-0.144,-0.232,-0.232,-0.431,0,-0.299,0,-0.352,0,-0.299,-0.144,0,-0.299,-0.144
Seq_648,YTSLIHSLIEESQNQQEKLEQELLELDKWASLWNWF,-0.144,0,-0.144,-0.431,-0.144,0,-0.144,-0.232,-0.232,-0.459,0,-0.232,0,-0.352,0,-0.352,-0.144,0,-0.299,-0.144
Seq_649,TTWEAWDRAIAEYAARIEALIRALQEQQEKNEAALREL,-0.492,0,-0.138,-0.45,0,0,0,-0.289,-0.138,-0.342,0,-0.138,0,-0.289,-0.342,0,-0.224,0,-0.224,-0.138
Seq_650,VALDPIDISIELNKAKSDLEESKEWIRRSNQKLDSI,-0.232,0,-0.352,-0.352,0,0,0,-0.396,-0.352,-0.352,0,-0.232,-0.144,-0.144,-0.232,-0.396,0,-0.144,-0.144,0
Seq_651,MTWMEWDREINNYTSLIHSLIEESQNQQEKNEQELLEL,0,0,-0.138,-0.473,0,0,-0.138,-0.289,-0.138,-0.385,-0.224,-0.342,0,-0.342,-0.138,-0.289,-0.224,0,-0.224,-0.138
Seq_652,MNINPTLLFLKVPIQ,0,0,0,0,-0.26,0,0,-0.388,-0.26,-0.464,-0.26,-0.388,-0.388,-0.26,0,0,-0.26,-0.26,0,0
Seq_653,YTSLIHSLIEESQNQQEKNEQELLELNKWASLWNWF,-0.144,0,0,-0.431,-0.144,0,-0.144,-0.232,-0.232,-0.431,0,-0.352,0,-0.352,0,-0.352,-0.144,0,-0.299,-0.144
Seq_654,MTWEAWDRAIAEYAARIEALIRAAQEQQEKNEAALREL,-0.507,0,-0.138,-0.45,0,0,0,-0.289,-0.138,-0.289,-0.138,-0.138,0,-0.289,-0.342,0,-0.138,0,-0.224,-0.138
Seq_655,YTSLIHSLIQESQNQQEKNEQELLELDKWASLWNWF,-0.144,0,-0.144,-0.396,-0.144,0,-0.144,-0.232,-0.232,-0.431,0,-0.299,0,-0.396,0,-0.352,-0.144,0,-0.299,-0.144
Seq_656,TTWEAWDRAIAEYAARIEALIRAAQELQEKNEAALREL,-0.507,0,-0.138,-0.45,0,0,0,-0.289,-0.138,-0.342,0,-0.138,0,-0.224,-0.342,0,-0.224,0,-0.224,-0.138
Seq_657,TTWEAWDRAIAEYAARIEALIRAAQEQQEKNEAILREL,-0.492,0,-0.138,-0.45,0,0,0,-0.342,-0.138,-0.289,0,-0.138,0,-0.289,-0.342,0,-0.224,0,-0.224,-0.138
Seq_658,ISGINASVVNIQKEIDRLNEVAKNLNESLIDLQEL,-0.236,0,-0.236,-0.358,0,-0.147,0,-0.401,-0.236,-0.401,0,-0.401,0,-0.236,-0.147,-0.304,0,-0.304,0,0
Seq_659,YTSLIHSLIEQSQNQQEKNEQELLELDKWASLWNWF,-0.144,0,-0.144,-0.396,-0.144,0,-0.144,-0.232,-0.232,-0.431,0,-0.299,0,-0.396,0,-0.352,-0.144,0,-0.299,-0.144
Seq_660,TTWEAWDRAIAEYAARIEALIRAAQEQQEKNEAALREL,-0.507,0,-0.138,-0.45,0,0,0,-0.289,-0.138,-0.289,0,-0.138,0,-0.289,-0.342,0,-0.224,0,-0.224,-0.138
Seq_661,TTWEEWDREINEYTSRIESLIRESQEQQEKNEQELREL,0,0,-0.138,-0.518,0,0,0,-0.289,-0.138,-0.289,0,-0.224,0,-0.342,-0.342,-0.289,-0.289,0,-0.224,-0.138
Seq_662,ISGINASVVNIQEEIKKLNEEAKKLNESLIDLQEL,-0.236,0,-0.147,-0.436,0,-0.147,0,-0.401,-0.358,-0.401,0,-0.358,0,-0.236,0,-0.304,0,-0.236,0,0
Seq_663,NYTSLIHSLIEESQNQQEKNEQELLELDKWASLWNW,-0.144,0,-0.144,-0.431,0,0,-0.144,-0.232,-0.232,-0.431,0,-0.352,0,-0.352,0,-0.352,-0.144,0,-0.299,-0.144
Seq_664,YTSLIHSLIEESQNQQEKNEQELLELDKWASPWNWF,-0.144,0,-0.144,-0.431,-0.144,0,-0.144,-0.232,-0.232,-0.396,0,-0.299,-0.144,-0.352,0,-0.352,-0.144,0,-0.299,-0.144
Seq_665,MDVNPFLLFLKVPAQ,-0.26,0,-0.26,0,-0.388,0,0,0,-0.26,-0.464,-0.26,-0.26,-0.388,-0.26,0,0,0,-0.388,0,0
Seq_666,MDVNPWLLFLKVPAQ,-0.26,0,-0.26,0,-0.26,0,0,0,-0.26,-0.464,-0.26,-0.26,-0.388,-0.26,0,0,0,-0.388,-0.26,0
Seq_667,WMEWDREINNYTSLIHSLIEETQNQQEKNEQELL,0,0,-0.15,-0.469,0,0,-0.15,-0.309,-0.15,-0.363,-0.15,-0.363,0,-0.363,-0.15,-0.24,-0.24,0,-0.24,-0.15
Seq_668,LIHSLIEESQNQQEKNEQELLELDKWASLWNWFNIT,-0.144,0,-0.144,-0.431,-0.144,0,-0.144,-0.299,-0.232,-0.431,0,-0.352,0,-0.352,0,-0.299,-0.144,0,-0.299,0
Seq_669,YTSLIHSLIEESQNQQEKNEQELLQLDKWASLWNWF,-0.144,0,-0.144,-0.396,-0.144,0,-0.144,-0.232,-0.232,-0.431,0,-0.299,0,-0.396,0,-0.352,-0.144,0,-0.299,-0.144
Seq_670,TTWEAWDRAIAEYAARIEALIRASQEQQEKNEAELREL,-0.473,0,-0.138,-0.473,0,0,0,-0.289,-0.138,-0.289,0,-0.138,0,-0.289,-0.342,-0.138,-0.224,0,-0.224,-0.138
Seq_671,WMEWDREINNYTSLIHSLIEEAQNQQEKNEQELL,-0.15,0,-0.15,-0.469,0,0,-0.15,-0.309,-0.15,-0.363,-0.15,-0.363,0,-0.363,-0.15,-0.24,-0.15,0,-0.24,-0.15
Seq_672,WMEWDREINNYTSLIHSLIEELQNQQEKNEQELL,0,0,-0.15,-0.469,0,0,-0.15,-0.309,-0.15,-0.407,-0.15,-0.363,0,-0.363,-0.15,-0.24,-0.15,0,-0.24,-0.15
Seq_673,WMEWDREINNYTSLIHSLIEESQNQQEKNEQELLEL,0,0,-0.144,-0.482,0,0,-0.144,-0.299,-0.144,-0.396,-0.144,-0.352,0,-0.352,-0.144,-0.299,-0.144,0,-0.232,-0.144
Seq_674,WEEWDKKIEEYTKKIEELIKKSEEQQKN,0,0,-0.172,-0.516,0,0,0,-0.345,-0.5,-0.172,0,-0.172,0,-0.272,0,-0.172,-0.172,0,-0.272,-0.172
Seq_675,HCSLAYGDASTLVVF,-0.388,-0.26,-0.26,0,-0.26,-0.26,-0.26,0,0,-0.388,0,0,0,0,0,-0.388,-0.26,-0.388,0,-0.26
Seq_676,HCIYATTNDALIFSV,-0.388,-0.26,-0.26,0,-0.26,0,-0.26,-0.388,0,-0.26,0,-0.26,0,0,0,-0.26,-0.388,-0.26,0,-0.26
Seq_677,GELGRIPSDTYDLAVGALHCPFYLVSGLVYLDG,-0.245,-0.153,-0.314,-0.153,-0.153,-0.412,-0.153,-0.153,0,-0.447,0,0,-0.245,0,-0.153,-0.245,-0.153,-0.314,0,-0.314
Seq_678,GELDELVYLLDGPGYDPIHCDVVTRGGSRLFNF,0,-0.153,-0.369,-0.245,-0.245,-0.412,-0.153,-0.153,0,-0.412,0,-0.153,-0.245,0,-0.245,-0.153,-0.153,-0.314,0,-0.245
Seq_679,NMTWMEWDREINNYTSLIHSLIEESQNQQEKNEQEL,0,0,-0.144,-0.459,0,0,-0.144,-0.299,-0.144,-0.299,-0.232,-0.396,0,-0.352,-0.144,-0.299,-0.232,0,-0.232,-0.144
Seq_680,QIWNNMTWMEWDREINNYTSLIHSLIEESQNQQEKN,0,0,-0.144,-0.396,0,0,-0.144,-0.352,-0.144,-0.232,-0.232,-0.431,0,-0.352,-0.144,-0.299,-0.232,0,-0.299,-0.144
Seq_681,SLIHSLIEESQNQQEKNEQELLELDKWASLWNWFNI,-0.144,0,-0.144,-0.431,-0.144,0,-0.144,-0.299,-0.232,-0.431,0,-0.352,0,-0.352,0,-0.352,0,0,-0.299,0
Seq_682,YTSLIHSLIEEGQNQQEKNEQELLELDKWASLWNWF,-0.144,0,-0.144,-0.431,-0.144,-0.144,-0.144,-0.232,-0.232,-0.431,0,-0.299,0,-0.352,0,-0.299,-0.144,0,-0.299,-0.144
Seq_683,YTSLIQSLIEESQNQQEKNEQQLLELDKWASLWNWF,-0.144,0,-0.144,-0.396,-0.144,0,0,-0.232,-0.232,-0.431,0,-0.299,0,-0.431,0,-0.352,-0.144,0,-0.299,-0.144
Seq_684,ANVVATYPAHS,-0.511,0,0,0,0,0,-0.314,0,0,0,0,-0.314,-0.314,0,0,-0.314,-0.314,-0.447,0,-0.314
Seq_685,WLVFFVIAYFAR,-0.431,0,0,0,-0.5,0,0,-0.299,0,-0.299,0,0,0,0,-0.299,0,0,-0.431,-0.299,-0.299
Seq_686,SVVPSKATWGFA,-0.431,0,0,0,-0.299,-0.299,0,0,-0.299,0,0,0,-0.299,0,0,-0.431,-0.299,-0.431,-0.299,0
Seq_687,WLVFFVIFYFFRRRKK,0,0,0,0,-0.524,0,0,-0.25,-0.375,-0.25,0,0,0,0,-0.453,0,0,-0.375,-0.25,-0.25
Seq_688,RRKKWLVFFVIFYFFR,0,0,0,0,-0.524,0,0,-0.25,-0.375,-0.25,0,0,0,0,-0.453,0,0,-0.375,-0.25,-0.25
Seq_689,KWLCRIWSWISDVLDDFE,0,-0.232,-0.431,-0.232,-0.232,0,0,-0.352,-0.232,-0.352,0,0,0,0,-0.232,-0.352,0,-0.232,-0.431,0
Seq_690,SWLWEVWDWVLHVLSDFK,0,0,-0.352,-0.232,-0.232,0,-0.232,0,-0.232,-0.431,0,0,0,0,0,-0.352,0,-0.431,-0.482,0
Seq_691,TWLRAIWDWVCTALTDFK,-0.352,-0.232,-0.352,0,-0.232,0,0,-0.232,-0.232,-0.352,0,0,0,0,-0.232,0,-0.431,-0.232,-0.431,0
Seq_692,SWLRDVWDWVCTVLSDFK,0,-0.232,-0.431,0,-0.232,0,0,0,-0.232,-0.352,0,0,0,0,-0.232,-0.352,-0.232,-0.431,-0.431,0
Seq_693,GAIVSTALPQWRIYSYAG,-0.431,0,0,0,0,-0.352,0,-0.352,0,-0.232,0,0,-0.232,-0.232,-0.232,-0.352,-0.232,-0.232,-0.232,-0.352
Seq_694,AGDDQGLDKCVPNSKEK,-0.24,-0.24,-0.442,-0.24,0,-0.363,0,0,-0.442,-0.24,0,-0.24,-0.24,-0.24,0,-0.24,0,-0.24,0,0
Seq_695,SWLRDIWDWLCELLSDFK,0,-0.232,-0.431,-0.232,-0.232,0,0,-0.232,-0.232,-0.482,0,0,0,0,-0.232,-0.352,0,0,-0.431,0
Seq_696,KKKKFVKKVAKKVKKVAKKVAKVAVAV,-0.451,0,0,0,-0.176,0,0,0,-0.508,0,0,0,0,0,0,0,0,-0.52,0,0
Seq_697,KRKRFAKKFLRFLRKVIRFLKRFIRRF,-0.176,0,0,0,-0.482,0,0,-0.278,-0.482,-0.352,0,0,0,0,-0.52,0,0,-0.176,0,0
Seq_698,VVTTRLFMSLVASVRNAFQSGYISFDEIIKTE,-0.25,0,-0.156,-0.25,-0.32,-0.156,0,-0.32,-0.156,-0.25,-0.156,-0.156,0,-0.156,-0.25,-0.375,-0.32,-0.375,0,-0.156
Seq_699,FAVAVKAVAVKAVAVKAVKKAVKKVKKAVKKAVKKKK,-0.51,0,0,0,-0.141,0,0,0,-0.528,0,0,0,0,0,0,0,0,-0.52,0,0
Seq_700,NFYDPLVFPSDEFDASISQVNEKINQSLASIRKSDELLHNVNAGK,-0.26,0,-0.31,-0.26,-0.26,-0.122,-0.122,-0.26,-0.26,-0.31,0,-0.352,-0.2,-0.2,-0.122,-0.388,0,-0.26,0,-0.122
Seq_701,QKQIANQFNKAISQIQESLTTTSTALGKLQDVVNQNAQALNTLVKQ,-0.348,0,-0.12,-0.12,-0.12,-0.12,0,-0.257,-0.306,-0.348,0,-0.348,0,-0.46,0,-0.257,-0.348,-0.257,0,0
Seq_702,QNQSANQFQKEISQINEVLTTTNTSLGKLQDDVNQNNQSLNTLQKE,-0.12,0,-0.197,-0.257,-0.12,-0.12,0,-0.197,-0.257,-0.348,0,-0.439,0,-0.46,0,-0.306,-0.348,-0.197,0,0
Seq_703,GRRRRSVQWCAVSQPEATKCFQWQRNMRKVRGPPVSCIKRDSPIQCIQA,-0.247,-0.295,-0.115,-0.115,-0.115,-0.188,0,-0.247,-0.247,0,-0.115,-0.115,-0.295,-0.371,-0.427,-0.295,-0.115,-0.295,-0.188,0
Seq_704,AVSKVLHLEGEVNKISALLSTNKAVVSLSNGVSVLTSKVLDLDNYIDKQLLPIVNK,-0.226,0,-0.226,-0.172,0,-0.172,-0.104,-0.226,-0.345,-0.444,0,-0.311,-0.104,-0.104,0,-0.375,-0.172,-0.424,0,-0.104
Seq_705,PKEELDKYFKNHTSPDVDLGDISGINASVVNIQKEIDRLNEVAKNLNESLIDLQELGKYE,-0.164,0,-0.332,-0.362,-0.098,-0.216,-0.098,-0.299,-0.332,-0.362,0,-0.332,-0.164,-0.164,-0.098,-0.26,-0.098,-0.26,0,-0.164
Seq_706,EELRVRLASHLRKLRKRLLRDADDLQKRLAVYEEQAQQIRLQAEAFQARLKSWFEPLVEDM,-0.358,0,-0.258,-0.358,-0.162,0,-0.097,-0.097,-0.258,-0.446,-0.097,0,-0.097,-0.329,-0.407,-0.162,0,-0.214,-0.097,-0.097
Seq_707,SLDQINVTFLDLEYEMKKLEEAIKKLEESYIDLKEL,-0.144,0,-0.299,-0.459,-0.144,0,0,-0.299,-0.396,-0.459,-0.144,-0.144,0,-0.144,0,-0.232,-0.144,-0.144,0,-0.232
Seq_708,NGAICWGPCPTAFRQIGNCGHFKVRCCKIR,-0.26,-0.431,0,0,-0.26,-0.388,-0.164,-0.332,-0.26,0,0,-0.26,-0.26,-0.164,-0.332,0,-0.164,-0.164,-0.164,0
Seq_709,CFPYITRPGTYHDWWYTRKNRQ,0,-0.203,-0.203,0,-0.203,-0.203,-0.203,-0.203,-0.203,0,0,-0.203,-0.314,-0.203,-0.392,0,-0.392,0,-0.314,-0.392
Seq_710,YTSLIHSLIEESQNQQEKNEQELLELDKWASLWNWF,-0.144,0,-0.144,-0.431,-0.144,0,-0.144,-0.232,-0.232,-0.431,0,-0.299,0,-0.352,0,-0.352,-0.144,0,-0.299,-0.144
Seq_711,GTNLSVPNPLGFFPDHQLDPAFGANSNNPDWDFNPNKDHWPEANKVG,-0.253,0,-0.344,-0.118,-0.303,-0.303,-0.194,0,-0.194,-0.253,0,-0.435,-0.409,-0.118,0,-0.194,-0.118,-0.194,-0.194,0
Seq_712,SWETWEREIENYTRQIYRILEESQEQQDRNERDLLE,0,0,-0.232,-0.5,0,0,0,-0.299,0,-0.299,0,-0.232,0,-0.352,-0.396,-0.232,-0.232,0,-0.232,-0.232
