Sequence,Abbreviation,Family
KWKVFKKIEKMGRNIRNGIVKAGPAIAVLGEAKAL,JV,Arenaviridae
KVLTTGLPALISWIKRKRQQ,JV,Arenaviridae
HRILARIRQMMT,PRRSV,Arteriviridae
LMRIRQMMT,PRRSV,Arteriviridae
HRILMRARQMMT,PRRSV,Arteriviridae
HRILMRIRQMAT,PRRSV,Arteriviridae
HRILMRIRQMMA,PRRSV,Arteriviridae
HRILMRIRQAMT,PRRSV,Arteriviridae
ARILMRIRQMMT,PRRSV,Arteriviridae
HRILMRIRQMMT,PRRSV,Arteriviridae
HRIAMRIRQMMT,PRRSV,Arteriviridae
HRILMRIR,PRRSV,Arteriviridae
HRALMRIRQMMT,PRRSV,Arteriviridae
HRILMRIRAMMT,PRRSV,Arteriviridae
RRRRRRRRHPAEPGSTVTTQNTASQTMS,ASFV,Asfarviridae
CPFVKTQLC,SNV,Bunyaviridae
SNNTIAIPTNFSISITTEVM,SARS-CoV,Coronaviridae
FKLPLGINITNFRAILTAFS,SARS-CoV,Coronaviridae
VLYNSTFFSTFKCYGVSATK,SARS-CoV,Coronaviridae
GIGVTQNVLYENQKQIANQF,SARS-CoV,Coronaviridae
PALNCYWPLNDYGFYTTSGI,SARS-CoV,Coronaviridae
FGGASCCLYCRCHIDHPNPKGFCDLKGKY,SARS-CoV,Coronaviridae
GGASCCLYCRCH,SARS-CoV,Coronaviridae
IEEINKKVEEIQKKIEELNKKAEELNKKLEELQKK,SARS-CoV,Coronaviridae
YQDVNCTDVSTAIHADQLTP,SARS-CoV,Coronaviridae
PTTFMLKYDENGTITDAVDC,SARS-CoV,Coronaviridae
ALNCYWPLNDYGFYTTTGIGYQPYRVVVLSFEL,SARS-CoV,Coronaviridae
KKKKYRNIRRPG,SARS-CoV,Coronaviridae
FKPSSPPSITLW,TGEV,Coronaviridae
QYGSFCTQLNRALSGIAAEQ,SARS-CoV,Coronaviridae
TLKPIFKLPLGINITNFR,SARS-CoV,Coronaviridae
HVTTTFAPPPPR,TGEV,Coronaviridae
GYFVQDDGEWKFTGSSYYY,MHV,Coronaviridae
GYHLMSFPQAAPHGVVFLHVTW,SARS-CoV,Coronaviridae
GVFVFNGTSWFITQRNFFS,SARS-CoV,Coronaviridae
IQKEIDRLNEVAKNLNESLIDLQELGK,SARS-CoV,Coronaviridae
YENQKQIANQFNKAISQIQESLTTTSTA,SARS-CoV,Coronaviridae
GINASVVNIQKEIDRLNEVAKNL,SARS-CoV,Coronaviridae
GINASVVNIQKEIDRLNEVAKNLNESLIDL,SARS-CoV,Coronaviridae
GINASVVNIQKEIDRLNEVAKNLNESLIDLQELGKYE,SARS-CoV,Coronaviridae
NGIGVTQNVLYENQKQIANQFNKAISQIQESLTTTSTA,SARS-CoV,Coronaviridae
ISGINASVVNIQKEIDRLNEVAKNLNESLIDLQEL,SARS-CoV,Coronaviridae
ISGINASVVNIQEEIKKLNEEAKKLNESLIDLQEL,SARS-CoV,Coronaviridae
SVVPSKATWGFA,TGEV,Coronaviridae
QKQIANQFNKAISQIQESLTTTSTALGKLQDVVNQNAQALNTLVKQ,SARS-CoV,Coronaviridae
QNQSANQFQKEISQINEVLTTTNTSLGKLQDDVNQNNQSLNTLQKE,SARS-CoV,Coronaviridae
PKEELDKYFKNHTSPDVDLGDISGINASVVNIQKEIDRLNEVAKNLNESLIDLQELGKYE,SARS-CoV,Coronaviridae
Sequence,Virus,Family
QLESLTDRELLLLIARKTCGSVE,EBoV,Filoviridae
AAQRRGRVGRNPNQVGD,HCV,Flaviviridae
RNPSQVGD,WNV,Flaviviridae
RVGRNPNQVGD,HCV,Flaviviridae
AAQRRGRIGRNPSQVGD,HCV,Flaviviridae
RGRRGIYR,HCV,Flaviviridae
RIGRNPSQVGD,WNV,Flaviviridae
RRGRVGRNPNQVGD,HCV,Flaviviridae
RRGRIGRNPSQVGD,WNV,Flaviviridae
VRLGSISVIGIVRGKK,HCV,Flaviviridae
VLDLIYSLHKQINRGLKKIVL,HCV,Flaviviridae
RQMRAWGQDYQHGGMGYSC,DENV 2,Flaviviridae
RTGRGRRGIYR,HCV,Flaviviridae
RTQRRGRTGRGKPGIYR,HCV,Flaviviridae
WICEVLSDFK,HCV,Flaviviridae
CEVLSDFK,HCV,Flaviviridae
SWLRDIWDWICEV,HCV,Flaviviridae
SWLRDIWDWICE,HCV,Flaviviridae
SWLRDIWDWI,HCV,Flaviviridae
SWLRDIWD,HCV,Flaviviridae
LRDIWDWICEVLSDFK,HCV,Flaviviridae
DIWDWICEVLSDFK,HCV,Flaviviridae
WDWICEVLSDFK,HCV,Flaviviridae
VSTALPQWRIYSYAGDNI,HCV,Flaviviridae
ALPQWRIYSYAGDNIVTA,HCV,Flaviviridae
AGALMFAWLLLGLQGIFN,HCV,Flaviviridae
MASAGMQILGVVLTLLGW,HCV,Flaviviridae
MANSGLQLLGFSMALLGW,HCV,Flaviviridae
MASTGLELLGMTLAVLGW,HCV,Flaviviridae
STQRRGRTGRGRRGIYR,HCV,Flaviviridae
ACFPWGKEYCGGK,HCV,Flaviviridae
GWIGAIVSTALPQWRIYS,HCV,Flaviviridae
GICRCICGRGICRCICGRIGGRVPGVGVPGVGHHHHHH,DENV 2,Flaviviridae
LLDCWVRLGRYLLRRLKTPFT,HCV,Flaviviridae
LDCWVRLGRYLLRRLKTPFTRL,HCV,Flaviviridae
VRLGRYLLRRLKTPFTRL,HCV,Flaviviridae
LLDCWVRLGRYLLRRLKTPFTRL,HCV,Flaviviridae
SWLRDIWDWISEVLSDFK,HCV,Flaviviridae
ACFPWGNTWCGGK,HCV,Flaviviridae
SWLRDIWDWIEEVLSDFK,HCV,Flaviviridae
SWLRDIWDWIREVLSDFK,HCV,Flaviviridae
AFLGWIGAIVSTALPQWR,HCV,Flaviviridae
WVRLGRYLLRRLKTPFTR,HCV,Flaviviridae
RGGRLCYCRRRFCVCVGR,DENV 2,Flaviviridae
SWLRDIWDWICEVL,HCV,Flaviviridae
EELRVRLASHLRKLRKRLLRDADDLQKRLAVY,HCV,Flaviviridae
CEEIRARLSTHLRKMRKRLMRDADDLQKRLAVY,HCV,Flaviviridae
CEEQAQQIRLQAEAFQARLKSWFEPLVEDM,HCV,Flaviviridae
CVRLASHLRKLRKRLLRDADDL,HCV,Flaviviridae
CIRLQAEAFQARLKSWFEPLV,HCV,Flaviviridae
LRVRLASHLRKLRKRLLRDADDLQKRLAVY,HCV,Flaviviridae
EELRVRLASHLRKLRKRLLRDADDL,HCV,Flaviviridae
VRLASHLRKLRKRLLRDADDLQKRLAVY,HCV,Flaviviridae
CLRKLRKRLLRC,HCV,Flaviviridae
ATSSANSKA,JEV,Flaviviridae
LLDCWVRLGRYLLRRLKT,HCV,Flaviviridae
FILAFLGWIGAIVSTALP,HCV,Flaviviridae
RWMVWRHWFHRLRLPYNPGKNKQNQQWP,DENV 2,Flaviviridae
MANAGLQLLGFILAFL,HCV,Flaviviridae
SWLRDIWDWICKVLSDFK,HCV,Flaviviridae
CAGKRKSG,DENV 2,Flaviviridae
AALEAKICHQIEYYFGDF,HCV,Flaviviridae
ACFPWGNQWCGGK,HCV,Flaviviridae
AWDFGSVGGLFTSLGKAVHQVFGSVYTIM,DENV 4,Flaviviridae
KGSVVIVGRIILSGRK,HCV,Flaviviridae
MANAGLQLLGFILAFLGWIGAIVS,HCV,Flaviviridae
LLDCWVRLGRYLLRRLK,HCV,Flaviviridae
SWLRDIWDWGCEVLSDFK,HCV,Flaviviridae
SWLRDIWDWSCEVLSDFK,HCV,Flaviviridae
SWLRDIWDWECEVLSDFK,HCV,Flaviviridae
SWLRDIWDWKCEVLSDFK,HCV,Flaviviridae
PRPISYLKGSSGGPL,HCV,Flaviviridae
IFKAIWSGIKSLF,HCV,Flaviviridae
LLGFILAFLGWIGAIVST,HCV,Flaviviridae
SWRLIDWDWICEVLSDFK,HCV,Flaviviridae
CLRVRLASHLRKLRKRLLRDADDL,HCV,Flaviviridae
MANAGLQLLGFILAFLGWIGAI,HCV,Flaviviridae
LDCWVRLGRYLLRRLKTP,HCV,Flaviviridae
SWLRDIWDWACEVLSDFK,HCV,Flaviviridae
MAILGDTAWDFGSLGGVFTSIGKALHQVFGAIY,DENV 2,Flaviviridae
RGGSVVIVGRIILSGRK,HCV,Flaviviridae
LLDCWVRLGRYLLRRLKTP,HCV,Flaviviridae
FWFTLIKTQAKQPARYRRFC,DENV 2,Flaviviridae
SWLRDVWDWVCTILTDFK,HCV,Flaviviridae
CWVRLGRYLLRRLKTPFT,HCV,Flaviviridae
FLGFLKNLF,HCV,Flaviviridae
SGSWLRDIWDWICEVLSDFK,HCV,Flaviviridae
SWLRDIWDWICEVLSDFKT,HCV,Flaviviridae
SWLDRIWRWICKVLSRFE,HCV,Flaviviridae
AWDFGSIGGVFTSVGKLVHQVFGTAYGVL,DENV 1,Flaviviridae
SWLRDLWDWICEVLSDFK,HCV,Flaviviridae
SWLRDLWDWLCEVLSDFK,HCV,Flaviviridae
SWLRDIWDWVCEVLSDFK,HCV,Flaviviridae
SWLRDIWDWLCEVLSDFK,HCV,Flaviviridae
SWLRDIWDWICELLSDFK,HCV,Flaviviridae
SWLRDLWDWLCELLSDFK,HCV,Flaviviridae
FLGFLHHLF,HCV,Flaviviridae
SWLRDIWDWICEVLSD,HCV,Flaviviridae
SWLRRIWRWICKVLSRFK,HCV,Flaviviridae
SWLRDIWRWICKVLSRFK,HCV,Flaviviridae
FLHFLHHLF,HCV,Flaviviridae
CVRLASHLRKLRKRLLRDADDLQKRLAVY,HCV,Flaviviridae
SWLRDIWDWICEVLSDFK,HCV,Flaviviridae
SWLRDLWDWICELLSDFK,HCV,Flaviviridae
DWLRIIWDWVCSVVSDFK,HCV,Flaviviridae
GSWLRDIWDWICEVLSDFK,HCV,Flaviviridae
SWLRDIWDWICEVLSDFKTW,HCV,Flaviviridae
CEELRVRLASHLRKLRKRLLRDADDLQKRLAVY,HCV,Flaviviridae
KFDSLVECIWDWIDRLWS,HCV,Flaviviridae
SIWRDWVDLICEFLSDWK,HCV,Flaviviridae
RRGRTGRGRRGIYR,HCV,Flaviviridae
GELGRLVYLLDGPGYDPI,HCV,Flaviviridae
GELGRLVYLLDGPGYDPIHCD,HCV,Flaviviridae
AWDFGSLGGVFTSIGKALHQVFGAIYGAA,DENV 1,Flaviviridae
AWDFGSVGGVLNSLGKMVHQIFGSAYTAL,DENV 1,Flaviviridae
GELGRPVYVLGDPGYYATHCIYATTNDALIFSV,HCV,Flaviviridae
RQIKINFQNRRMKNKKGELDELVYLLDGPGYDPIHS,HCV,Flaviviridae
GELDELVYLLDGPGYDPIHS,HCV,Flaviviridae
GELGRLVYLLDGPGYDPIHCSLAYGDASTLVVF,HCV,Flaviviridae
GELGRLVYLLDGPGYDPIHCDVVTRGGSHLFNF,HCV,Flaviviridae
HCSLAYGDASTLVVF,HCV,Flaviviridae
HCIYATTNDALIFSV,HCV,Flaviviridae
GELGRIPSDTYDLAVGALHCPFYLVSGLVYLDG,HCV,Flaviviridae
GELDELVYLLDGPGYDPIHCDVVTRGGSRLFNF,HCV,Flaviviridae
KWLCRIWSWISDVLDDFE,HCV,Flaviviridae
SWLWEVWDWVLHVLSDFK,HCV,Flaviviridae
TWLRAIWDWVCTALTDFK,HCV,Flaviviridae
SWLRDVWDWVCTVLSDFK,HCV,Flaviviridae
GAIVSTALPQWRIYSYAG,HCV,Flaviviridae
SWLRDIWDWLCELLSDFK,HCV,Flaviviridae
EELRVRLASHLRKLRKRLLRDADDLQKRLAVYEEQAQQIRLQAEAFQARLKSWFEPLVEDM,HCV,Flaviviridae
PTSNHSPTSCPPTCPGYRWMCLRRF,HBV,Hepadnaviridae
PLSPPLRNTHPQAMQWNSTTF,HBV,Hepadnaviridae
LFRLIKSLIKRLVSAFK,HBV,Hepadnaviridae
ALLGRMKG,HBV,Hepadnaviridae
SLLGRMKG,HBV,Hepadnaviridae
ADGSLLGRMKGAAG,HBV,Hepadnaviridae
SLLGRMKGA,HBV,Hepadnaviridae
MHRSLLGRMKGA,HBV,Hepadnaviridae
GSLLGRMKGA,HBV,Hepadnaviridae
HRSLLGRMKGA,HBV,Hepadnaviridae
RSLLGRMKGA,HBV,Hepadnaviridae
AGAVVNDL,HSV 1,Herpesviridae
AAGAVVNDL,HSV 1,Herpesviridae
EQVLKAVTNVLSPVFPGGET,HCMV,Herpesviridae
AAHLIDALYAEFLGGRVLTT,HSV 1,Herpesviridae
GLASTLTRWAHYNALIRAF,HSV 1,Herpesviridae
KAAKKAAKAAKKAAKWAKKAA,HSV 1,Herpesviridae
LPRRLHLEPAFLPYSVKAHEC,HCMV,Herpesviridae
AKKAAKKAKKAAKKAKKWAKK,HSV 1,Herpesviridae
ECRSTSYAGAVVNDL,HSV 1,Herpesviridae
AKKAAKKAKKAAKKAKKAAKK,HSV 1,Herpesviridae
GIGKFLHSAGKFGKAFVGEIMKS,HSV 1,Herpesviridae
YGAVVNDL,HSV 1,Herpesviridae
STSYAGAVVNDL,HSV 1,Herpesviridae
ILPWKWPWWPWRR,HSV 1,Herpesviridae
ARRAKRRARRAKRRARRKKRR,HSV 1,Herpesviridae
YAGAVVNDLL,HSV 1,Herpesviridae
ATCYCRTGRCATRESRSGVCEISGRLYRLCCR,HSV 2,Herpesviridae
RRLHLEPAFLPYSVKAHECC,HCMV,Herpesviridae
GSRVQIRCRFRNSTR,HSV 1,Herpesviridae
ARRAWRRARRAARRARRAARR,HSV 1,Herpesviridae
SMEKLAGFGAVGAGATAEETRRMLHRAFDTLA,HSV 1,Herpesviridae
ATCYCRRGRCATRESLSGVCEISGRLYRLCCR,HSV 2,Herpesviridae
ARRAKRRARRAARRARRKARR,HSV 1,Herpesviridae
RRLQVGGGTLKFFLT,HSV 1,Herpesviridae
NADIIKSLIRKTIINASKNTASLSILQHLYVLRS,MDV,Herpesviridae
ATCYCRTGRCATRESLSGVCEIRGRLYRLCCR,HSV 2,Herpesviridae
ATCYCRTGRCATRESLSGVCEISGRLYRLCCR,HSV 2,Herpesviridae
LPRRLHLEPAFLPYSVKAHECC,HCMV,Herpesviridae
YRWRGPTAAFLSLV,HSV 1,Herpesviridae
RIILGQCIKREAEAAIEQIFRTKYNDSH,MDV,Herpesviridae
ATCYCRTGRCATRESLSGVCRISGRLYRLCCR,HSV 2,Herpesviridae
CTEEHIVATELVIQEMYIKINVKNSP,MDV,Herpesviridae
RGILIHNTIFGEQVF,HSV 1,Herpesviridae
YAGAVVNDL,HSV 1,Herpesviridae
YDHIQDHVNTMFSRLATSWCLLQNKERALWAEAA,BoHV 1,Herpesviridae
HMNASDMEIKSYINMIESVEESSNYDF,MDV,Herpesviridae
GQPEEGAPCQVVLQGA,HSV 1,Herpesviridae
SSSTSTQVQILSNAL,HSV 1,Herpesviridae
RRKKAAVALLPAVLLALLAP,HSV 1,Herpesviridae
ASLRVRIKKQ,HSV 1,Herpesviridae
HGLASTLTRWAHYNALIRAF,HSV 1,Herpesviridae
ANVVATYPAHS,HSV 1,Herpesviridae
VVTTRLFMSLVASVRNAFQSGYISFDEIIKTE,MDV,Herpesviridae
GWWYKGRARAVSAVA,INFV A,Orthomyxoviridae
AETVESCLAKPHTEN,INFV A,Orthomyxoviridae
GAWYKGRARPVSAVA,INFV A,Orthomyxoviridae
DFRRLPGAFWQLRQP,INFV A,Orthomyxoviridae
CNDFRSKTC,AIV,Orthomyxoviridae
AVASVPRARGKYWWG,INFV A,Orthomyxoviridae
RAVWRHSVATPSHSV,INFV A,Orthomyxoviridae
GWWYKGRARPVSAVA,INFV A,Orthomyxoviridae
LLFLKVPAQNAISTTFPYT,INFV A,Orthomyxoviridae
FLKVPAQNAISTTFPYT,INFV A,Orthomyxoviridae
KVPAQNAISTTFPYT,INFV A,Orthomyxoviridae
MDVNPTLLF,INFV A,Orthomyxoviridae
MDVNPTLL,INFV A,Orthomyxoviridae
MDVNPTLLFIDVPAQ,INFV A,Orthomyxoviridae
MDVNPTFLFLKVPAQ,INFV A,Orthomyxoviridae
FFVIFYRRKK,INFV A,Orthomyxoviridae
LFGLIPSLIGGLVSAFK,INFV A,Orthomyxoviridae
MDVNPTLLFLK,INFV A,Orthomyxoviridae
VNPTLLFLKVPAQNAISTTFPYT,INFV A,Orthomyxoviridae
MDVNPTLLFLKV,INFV A,Orthomyxoviridae
PTLLFLKVPAQNAISTTFPYT,INFV A,Orthomyxoviridae
MDVNPHLLFLKVPAQ,INFV A,Orthomyxoviridae
RRKKIFYFFR,INFV A,Orthomyxoviridae
MDVNPTLLFLKVP,INFV A,Orthomyxoviridae
WLVFFVIFYFFR,INFV A,Orthomyxoviridae
MNINPYPLFIDVPIQ,INFV B,Orthomyxoviridae
MDVNPCLLFLKVPAQ,INFV A,Orthomyxoviridae
MDVNPTLLFLKVPAQ,INFV A,Orthomyxoviridae
MDVNPTLLFLKVPA,INFV A,Orthomyxoviridae
MDVNPTLLFLKVPAQNAIST,INFV A,Orthomyxoviridae
MDVNPTLLFLKVPAQNAI,INFV A,Orthomyxoviridae
MDVNPYLLFLKVPAQ,INFV A,Orthomyxoviridae
MNINPTLLFLKVPAQ,INFV A,Orthomyxoviridae
MNINPTLLFLKVPIQ,INFV A,Orthomyxoviridae
MDVNPFLLFLKVPAQ,INFV A,Orthomyxoviridae
MDVNPWLLFLKVPAQ,INFV A,Orthomyxoviridae
WLVFFVIAYFAR,INFV A,Orthomyxoviridae
WLVFFVIFYFFRRRKK,INFV A,Orthomyxoviridae
RRKKWLVFFVIFYFFR,INFV A,Orthomyxoviridae
AGDDQGLDKCVPNSKEK,INFV A,Orthomyxoviridae
YLQELLGE,HPV,Papillomaviridae
ALQELLGQWLKDGGPSSGRPPPS,HPV,Papillomaviridae
ALQELLGEYIQWLKDGGPSSGRPPPS,HPV,Papillomaviridae
YKFACPECPKRFMRSDHLSKHITLHELLGEERR,HPV,Papillomaviridae
IPESSELTLQELLGEERR,HPV,Papillomaviridae
FKCRRWQWRMKKLGAPSITCVRRAFA,HPV,Papillomaviridae
GRRRRSVQWCAVSQPEATKCFQWQRNMRKVRGPPVSCIKRDSPIQCIQA,HPV,Papillomaviridae
KQRQNKPPSKPNNDFHF,RSV,Paramyxoviridae
KPPSKPNNDFHFEVFNFVP,RSV,Paramyxoviridae
KQRQNKPPSKPNNDFHFEVFN,RSV,Paramyxoviridae
CSICSNNPTCWAICKRIPNKKPGKK,RSV,Paramyxoviridae
VPCSICSNNPTCWAICKRIPNKKPGKK,RSV,Paramyxoviridae
PDAVYLHRIDLGPPISLERLDVGTNLGNAIAKLED,MV,Paramyxoviridae
DAVYLHRIDLGPPISLERLDVGTNLQNAIAKLEDA,MV,Paramyxoviridae
AVYLHRIDLGPPISLERLDVGTNLQNAIAKLEDAK,MV,Paramyxoviridae
YTPNDITLNNSVALDPIDISIELNKAKSDLEESKE,HPIV 3,Paramyxoviridae
TPNDITLNNSVALDPIDISIELNKAKSDLEESKEW,HPIV 3,Paramyxoviridae
PNDITLNNSVALDPIDISIELNKAKSDLEESKEWI,HPIV 3,Paramyxoviridae
NDITLNNSVALDPIDISIELNKAKSDLEESKEWIR,HPIV 3,Paramyxoviridae
DITLNNSVALDPIDISIELNKAKSDLEESKEWIRR,HPIV 3,Paramyxoviridae
NFYDPLVFPSDEFDASISQVNEKINQSLAFIRKSD,RSV,Paramyxoviridae
INFYDPLVFPSDEFDASISQVNEKINQSLAFIRKS,RSV,Paramyxoviridae
IINFYDPLVFPSDEFDASISQVNEKINQSLAFIRK,RSV,Paramyxoviridae
YLHRIDLGPPISLERLDVGTNLGNAIAKLEDAKEL,MV,Paramyxoviridae
VYLHRIDLGPPISLERLDVGTNLQNAIAKLEDAKE,MV,Paramyxoviridae
FHFEVFNFVPCSICSNNPTCWAICKRIPNKKPGKK,RSV,Paramyxoviridae
ILMAFSIDSPDSLEN,RSV,Paramyxoviridae
TLNNSVALDPIDISIELNKAKSDLEESKEWIRRSN,HPIV 3,Paramyxoviridae
ILMCFSINSPNSLQN,RSV,Paramyxoviridae
ITLNNSVALDPIDISIELNKAKSDLEESKEWIRRS,HPIV 3,Paramyxoviridae
ATHTICDRNHTW,MV,Paramyxoviridae
CSIELSDIPLSVDFNTMID,RSV,Paramyxoviridae
TDVILMAFSIDSPDSLENI,RSV,Paramyxoviridae
TDVILMCFSI,RSV,Paramyxoviridae
TDVILMCFSIDSP,RSV,Paramyxoviridae
CFSIDSPDSLENI,RSV,Paramyxoviridae
ILMCFSIDS,RSV,Paramyxoviridae
ILMCFSID,RSV,Paramyxoviridae
ILMCFSIDSP,RSV,Paramyxoviridae
ALDKAEESNSKADKVNVKLT,NDV,Paramyxoviridae
PLVFPSDEFDASISQVNEKINQSLAFIRKSDELLH,RSV,Paramyxoviridae
KPNNDFHFEVFNFVPCSICSNNPTCWAICKRI,RSV,Paramyxoviridae
FYDPLVFPSDEFDASISQVNEKINQSLAFIRKSDE,RSV,Paramyxoviridae
VFPSDEFDASISQVNEKINQSLAFIRKSDELLHNV,RSV,Paramyxoviridae
TDVILMCFSIDSPDSLEAI,RSV,Paramyxoviridae
FLQDSKAELEKARKILSEVG,SeV,Paramyxoviridae
VILMCFSIDSPDSLENI,RSV,Paramyxoviridae
TDVILMCFSIDSADSLENI,RSV,Paramyxoviridae
ISLERLDVGTNLGNAIAKLEDAKELLESSDQILRS,MV,Paramyxoviridae
EFDASISQVNEKINQSLAFIRKSDELLHNVNAGKS,RSV,Paramyxoviridae
ILMCFSIDSPDSL,RSV,Paramyxoviridae
SLERLDVGTNLGNAIAKLEDAKELLESSDQILRSM,MV,Paramyxoviridae
KPPSKPNNDFHFEVFNFVPCSICSNNPTCWAICKRI,RSV,Paramyxoviridae
TDVALMCFSIDSPDSLENI,RSV,Paramyxoviridae
GPPISLERLDVGTNLGNAIAKLEDAKELLESSDQI,MV,Paramyxoviridae
VALDPIDISIELNKAKSDLEESKEWIRR,HeV,Paramyxoviridae
TDVILMCFSIDSPDSLANI,RSV,Paramyxoviridae
FNVALDQVFESIENSQALVDQSNRILSSAE,hMPV,Paramyxoviridae
FNVALDQVFESIENSQALVDQSNRILSSAEKGN,hMPV,Paramyxoviridae
NVALDQVFESIENSQALVDQSNRILSSA,hMPV,Paramyxoviridae
DPLVFPSDEFDASISQVNEKINQSLAFIRKSDELL,RSV,Paramyxoviridae
FPSDEFDASISQVNEKINQSLAFIRKSDELLHNVN,RSV,Paramyxoviridae
DASISQVNEKINQSLAFIRKSDELLHNVNAGKSTT,RSV,Paramyxoviridae
TDVILMCFSIDSPDSLENI,RSV,Paramyxoviridae
ILMCFSIDSPDSLENI,RSV,Paramyxoviridae
KPPSKPNNDFHFEVFNF,RSV,Paramyxoviridae
TDVILMCFAIDSPDSLENI,RSV,Paramyxoviridae
TDAILMCFSIDSPDSLENI,RSV,Paramyxoviridae
LGPPISLERLDVGTNLGNAIAKLEDAKELLESSDQ,MV,Paramyxoviridae
ILMCFSIDSPDS,RSV,Paramyxoviridae
TDVILMCASIDSPDSLENI,RSV,Paramyxoviridae
NNSVALDPIDISIELNKAKSDLEESKEWIRRSNQK,HPIV 3,Paramyxoviridae
YDPLVFPSDEFDASISQVNEKINQSLAFIRKSDEL,RSV,Paramyxoviridae
PSDEFDASISQVNEKINQSLAFIRKSDELLHNVNA,RSV,Paramyxoviridae
SDEFDASISQVNEKINQSLAFIRKSDELLHNVNAG,RSV,Paramyxoviridae
ALDKAEESNSKLDKVNVKLT,NDV,Paramyxoviridae
DLGPPISLERLDVGTNLGNAIAKLEDAKELLESSD,MV,Paramyxoviridae
TDVIAMCFSIDSPDSLENI,RSV,Paramyxoviridae
DLSNQINSINKSLKSAEDWIADSNFFANQARTAK,HPIV 2,Paramyxoviridae
IDLGPPISLERLDVGTNLGNAIAKLEDAKELLESS,MV,Paramyxoviridae
TDVILMCFSIDSPDSLENA,RSV,Paramyxoviridae
ILMCFSIDSPD,RSV,Paramyxoviridae
TDVILMCFSIASPDSLENI,RSV,Paramyxoviridae
TDVILMCFSADSPDSLENI,RSV,Paramyxoviridae
ILMCFSIDSPDSLE,RSV,Paramyxoviridae
SISNALNKLEESNRNLDKVNVKLT,NDV,Paramyxoviridae
LESEVTAIKNALKKTNEAVSTLGNGVRVLATAVRE,hMPV,Paramyxoviridae
PISLERLDVGTNLGNAIAKLEDAKELLESSDQILR,MV,Paramyxoviridae
TDVILMCFSIDSPASLENI,RSV,Paramyxoviridae
ADVILMCFSIDSPDSLENI,RSV,Paramyxoviridae
TDVILMCFSIDSPDSAENI,RSV,Paramyxoviridae
TDVILMCFSIDAPDSLENI,RSV,Paramyxoviridae
HRIDLGPPISLERLDVGTNLGNAIAKLEDAKELLE,MV,Paramyxoviridae
ELNKAKSDLEESKEWIRRSNQKLDSIGNWHQSSTT,HPIV 3,Paramyxoviridae
SVALDPIDISIELNKAKSDLEESKEWIRRSNQKLD,HPIV 3,Paramyxoviridae
DISIELNKAKSDLEESKEWIRRSNQKLDSIGNWHQ,HPIV 3,Paramyxoviridae
ISIELNKAKSDLEESKEWIRRSNQKLDSIGNWHQS,HPIV 3,Paramyxoviridae
IELNKAKSDLEESKEWIRRSNQKLDSIGNWHQSST,HPIV 3,Paramyxoviridae
NILRLKESITATIEAVHEVTDGLS,NDV,Paramyxoviridae
ALDKLEESNSKLDKVNVKLT,NDV,Paramyxoviridae
RIDLGPPISLERLDVGTNLGNAIAKLEDAKELLES,MV,Paramyxoviridae
TDVILACFSIDSPDSLENI,RSV,Paramyxoviridae
TAVILMCFSIDSPDSLENI,RSV,Paramyxoviridae
DVILMCFSIDSPDSLENI,RSV,Paramyxoviridae
ILMCFSIDSPDSLEN,RSV,Paramyxoviridae
PPISLERLDVGTNLGNAIAKLEDAKELLESSDQIL,MV,Paramyxoviridae
FLDSKAELEKARKILSEVGRWY,SeV,Paramyxoviridae
LNNSVALDPIDISIELNKAKSDLEESKEWIRRSNQ,HPIV 3,Paramyxoviridae
VALDPIDISIELNKAKSDLEESKEWIRRSNQKLDS,HPIV 3,Paramyxoviridae
SIELNKAKSDLEESKEWIRRSNQKLDSIGNWHQSS,HPIV 3,Paramyxoviridae
CTLTTKLYC,NDV,Paramyxoviridae
VANDPIDISIELNKAKSDLEESKEWIRRSNQKLDSI,HPIV 3,Paramyxoviridae
VANDPIDISIELNKAKSDLEESKEWIRRSNQKLDSD,HPIV 3,Paramyxoviridae
VALDPIDISIELNKAKSDLEESKEWIRRSNQKLDSD,HPIV 3,Paramyxoviridae
PPATHTIADRNHTPFSDV,MV,Paramyxoviridae
ASLRVRIKK,RSV,Paramyxoviridae
NSVALDPIDISIELNKAKSDLEESKEWIRRSNQKL,HPIV 3,Paramyxoviridae
DPIDISIELNKAKSDLEESKEWIRRSNQKLDSIGN,HPIV 3,Paramyxoviridae
ALDPIDISIELNKAKSDLEESKEWIRRSNQKLDSI,HPIV 3,Paramyxoviridae
PIDISIELNKAKSDLEESKEWIRRSNQKLDSIGNW,HPIV 3,Paramyxoviridae
LHRIDLGPPISLERLDVGTNLGNAIAKLEDAKELL,HPIV 3,Paramyxoviridae
FDASISQVNEKINQSLAFIRKSDELLHNVNAGKST,RSV,Paramyxoviridae
VYTDKVDISSQISSMNQSLQQSKDYIKEAQKILDTV,HeV,Paramyxoviridae
LDPIDISIELNKAKSDLEESKEWIRRSNQKLDSIG,HPIV 3,Paramyxoviridae
KQNAANILRLKESIAATNEAVHEV,NDV,Paramyxoviridae
ISLERLDVGTNLGNAIAKLEDAKELLESSDQILRSM,MV,Paramyxoviridae
IDISIELNKAKSDLEESKEWIRRSNQKLDSIGNWH,MV,Paramyxoviridae
KVDISSQISSMNQSLQQSKDYIKEAQRLLDTVNPSL,NiV,Paramyxoviridae
VALDPIDISIELNKAKSDLEESKEWIRRSNQKLDSI,HeV,Paramyxoviridae
NFYDPLVFPSDEFDASISQVNEKINQSLASIRKSDELLHNVNAGK,RSV,Paramyxoviridae
AVSKVLHLEGEVNKISALLSTNKAVVSLSNGVSVLTSKVLDLDNYIDKQLLPIVNK,RSV,Paramyxoviridae
CCFLRIQNDSIIRLGDLQPLSQRVSTDWQ,BKV,Polyomaviridae
AALYKKKIIKKLLES,VACV,Poxviridae
KNGRKLCLDLQAALY,VACV,Poxviridae
ACWAAGIKQEF,HIV,Retroviridae
ACWGAGIKQEF,HIV,Retroviridae
ACWWAGIKAEF,HIV,Retroviridae
ACWWAGIKQAF,HIV,Retroviridae
ACWWAGIRQEF,HIV,Retroviridae
TAYALLKLAGRW,HIV,Retroviridae
TAYFLAKLAGRW,HIV,Retroviridae
TAYFLLKAAGRW,HIV,Retroviridae
TAYFLLKLAGRA,HIV,Retroviridae
TAYFLLKLAGRL,HIV,Retroviridae
AAWWAGIKQEF,HIV,Retroviridae
ATGQETAYFLLKLAGKA,HIV,Retroviridae
ACWWAGIKQEA,HIV,Retroviridae
NQIIEQLIKKEKVY,HIV,Retroviridae
QKEGLHYTCSSHFPYSQYQF,HIV,Retroviridae
IKKTYEEIKKTYEEIKKTYEEIKKTYEEIKKTYEE,HIV,Retroviridae
LFYLVPGPGH,HIV,Retroviridae
YQLLIRPIYKNI,HIV,Retroviridae
FIHFRIGCQHSRIGI,HIV,Retroviridae
LSELDDRADALQAGASQFETSAAKLKRKYWWKN,HIV,Retroviridae
TAAFLLKLAGRW,HIV,Retroviridae
HFPRIWLHSLGQHIY,HIV,Retroviridae
TASFLLKLAGRW,HIV,Retroviridae
YQALIRMIYKNI,HIV,Retroviridae
TYGDTWAGVEAIIRI,HIV,Retroviridae
AEAASQVTNTATIM,HIV,Retroviridae
RSQKEGLHYTCSSHFPYSQYQFWK,HIV,Retroviridae
AEASQVTNTATIM,HIV,Retroviridae
YQLLIRMI,HIV,Retroviridae
ESELVSQIIEQLIKK,HIV,Retroviridae
IKKEKVYLAWVPAHKGIGN,HIV,Retroviridae
IQAQPDQSESELVNQIIEQL,HIV,Retroviridae
TAYFLLKLAARW,HIV,Retroviridae
IKKTYEEIKKTYEEIKKTYEEIKKTYEEIERDWEMV,HIV,Retroviridae
TAYFALKLAGRW,HIV,Retroviridae
TAYFLLALAGRW,HIV,Retroviridae
AEAMSQVANTATIM,HIV,Retroviridae
KWLDAFYKDVAKELEKAF,HIV,Retroviridae
KAFEEVLAKKFYDKALWD,HIV,Retroviridae
NKPFVFLM,HIV,Retroviridae
AAAMSQVTN,HIV,Retroviridae
AAYFLLKLAGRW,HIV,Retroviridae
AEAIPMSIPPEVKFNKPFVF,HIV,Retroviridae
LAAIPMSIPPEVKFNKPFVF,HIV,Retroviridae
LEAIPMSIPPEVKFNKPAVF,HIV,Retroviridae
LEAIPMSIPPEVKFNKPFAF,HIV,Retroviridae
LEAIPMSIPPEVKFNKPFVA,HIV,Retroviridae
ACWWAAIKQEF,HIV,Retroviridae
RMIYKNILFYLVPGPGHGAEPERRNIKYL,HIV,Retroviridae
YQLLIRAIYKNI,HIV,Retroviridae
INLKAIAALAKKLL,HIV,Retroviridae
GIFDKLAKEISIW,HIV,Retroviridae
GLWEKIDKFASII,HIV,Retroviridae
KRIVQRIKDFLR,HIV,Retroviridae
ACWWAGIAQEF,HIV,Retroviridae
FRPALIVRTKGTRL,HIV,Retroviridae
RLFDKIRQVIRKF,HIV,Retroviridae
VDKPDYRPRPRPPNM,HIV,Retroviridae
WEDAVRWI,FIV,Retroviridae
WEDWVRAI,FIV,Retroviridae
RPRLSHKGPMPF,HIV,Retroviridae
AEPERRNIKYL,HIV,Retroviridae
KGRGKQGGKVRAKAKTRSS,HIV,Retroviridae
GRFKRFRKKFKKLFK,HIV,Retroviridae
ILGPVLGLVSDTLDDVLGIL,HIV,Retroviridae
GLKKLLGKLLKKLGKLLLK,HIV,Retroviridae
GNNRPVYIPQPRPPHPRI,HIV,Retroviridae
ACGWAGIKQEF,HIV,Retroviridae
GKPRPYSPRPTSHPRPIRV,HIV,Retroviridae
YQLLARMIYKNI,HIV,Retroviridae
TRSSRAGLQFPVGRVHRLLRK,HIV,Retroviridae
KRIVQRIKDFLRNLVPRTES,HIV,Retroviridae
YQLLIRMIAKNI,HIV,Retroviridae
RQRVEELSKFSKKGAAARRRK,HIV,Retroviridae
INNYTSLIGSLIEESQNQQEKNEQELLE,HIV,Retroviridae
RPKHPIKHQGLPQEVLNENLLRF,HIV,Retroviridae
GLNTLKKVFQGLHEAIKLINNHVQ,HIV,Retroviridae
LLGDLLRKSKEKIGKEFKRIVQR,HIV,Retroviridae
IWLTALKFLGKHAAKHLAKQQLSKL,HIV,Retroviridae
YQLLIRMAYKNI,HIV,Retroviridae
SPAIFQSSMTKILEPFRKQN,HIV,Retroviridae
GAWKNFWSSLRKGFYDGEAGRAIRR,HIV,Retroviridae
YQLLIAMIYKNI,HIV,Retroviridae
NLVSGLIEARKYLEQLHRKLKNRKV,HIV,Retroviridae
ACAWAGIKQEF,HIV,Retroviridae
QQLLFIHFRIGCQHS,HIV,Retroviridae
SWKSMAKKLKEYMEKLKQRA,HIV,Retroviridae
GLRSKIWLWVLLMIWQESNKFKKM,HIV,Retroviridae
AGERIVDIIA,HIV,Retroviridae
GWLKKIESIIDAF,HIV,Retroviridae
YTSLIHSLIEESQNQQEKNEQELLELDKWASLANAA,HIV,Retroviridae
CSSHFPYSQYQFWK,HIV,Retroviridae
IEESQNQQEKNEQELLELDKWASLWNWFNITNWLWL,HIV,Retroviridae
LEAIAMSIPPEVKFNKPFVF,HIV,Retroviridae
LEAIPMSAPPEVKFNKPFVF,HIV,Retroviridae
TAYFLLKLAGRW,HIV,Retroviridae
GIIDIAKKLFESW,HIV,Retroviridae
DWLKAFYDKVAEKLKEAF,HIV,Retroviridae
QRPRLSHKGPMPF,HIV,Retroviridae
LEAIPMSIPPEVKFAKPFVF,HIV,Retroviridae
FLFPLITSFLSKVL,HIV,Retroviridae
LEAIPMSIAPEVKFNKPFVF,HIV,Retroviridae
ILPWKWPWWPWPP,HIV,Retroviridae
LEAIPMSIPPEVKFNKPFVF,HIV,Retroviridae
YQLAIRMIYKNI,HIV,Retroviridae
LEAIPASIPPEVKFNKPFVF,HIV,Retroviridae
LEAIPMSIPPEVKFNKAFVF,HIV,Retroviridae
WQCLTLTHRGFVLLTITVLR,HIV,Retroviridae
WNSLKIDNLDV,HIV,Retroviridae
GLFDIIKKIAESW,HIV,Retroviridae
GIWSDLAEIIKKF,HIV,Retroviridae
LQDSGLEVNIVTDSQYALGI,HIV,Retroviridae
YQLLIRMIYANI,HIV,Retroviridae
YQLLIRMIYKNA,HIV,Retroviridae
LEAIPMSIPPAVKFNKPFVF,HIV,Retroviridae
LEAIPMSIPPEVKFNAPFVF,HIV,Retroviridae
SKEKIGKEFKRIVQRIKDFLR,HIV,Retroviridae
GWFDIIKKIASEL,HIV,Retroviridae
LEAIPMSIPPEAKFNKPFVF,HIV,Retroviridae
FLFAFRIFKRVFKKFRKLFKRAF,FIV,Retroviridae
GFLDIIEKIAKSW,HIV,Retroviridae
AEAMSQVTNTATIM,HIV,Retroviridae
QLLIRMIYKNILFYLVPGPGHGAEPERRNIKYL,HIV,Retroviridae
FAIAIKAIKKAIKKIKKAIKKAI,FIV,Retroviridae
CFLNITNSHVSILQEAPPLENAV,HTLV 1,Retroviridae
YALLIRMIYKNI,HIV,Retroviridae
GKKYRRFRWKFKFGKWFWFG,HIV,Retroviridae
KRKRAVKRVGRRLKKKLARKIARLGVAF,FIV,Retroviridae
GIKEWKRIVQRIKDFLRNLV,HIV,Retroviridae
VFQFLGRIIHHVGNFVHGFSHVF,HIV,Retroviridae
FALALKALKKALKKLKKALKKAL,FIV,Retroviridae
SGIVQQQNNLLRAIEAQQHLLQLTVWGIKQLQARIL,HIV,Retroviridae
IYWNVSGW,HIV,Retroviridae
ELVNQIIEQLIKKEKVYLAW,HIV,Retroviridae
PDIVIYQYMDDLYVGSDLEI,HIV,Retroviridae
ETWETWWTEYWQATWIPEWE,HIV,Retroviridae
LNITNSHVSILQERPPLENRVL,HTLV 1,Retroviridae
APKEWMEWDREINNYTSLIHSLIKQGI,HIV,Retroviridae
FAVGLRAIKRALKKLRRGVRKVAKDL,FIV,Retroviridae
TTWEAWDRAIAEYAARIEALIRALQELQEKLEAILREL,HIV,Retroviridae
SDHSESIQKKFQLMKEHVNKIGVDS,ASLV-A,Retroviridae
AEAMSQVTN,HIV,Retroviridae
YQLLIRMIY,HIV,Retroviridae
YQLLIRMIYKNI,HIV,Retroviridae
KILEPFRKQNPDIVIYQYMD,HIV,Retroviridae
LEAIPMSIPPEVAFNKPFVF,HIV,Retroviridae
AEDWVRWI,FIV,Retroviridae
LEAIPMSIPPEVKANKPFVF,HIV,Retroviridae
GLRRLLGRLLRRLGRLLLR,HIV,Retroviridae
TAYFLLILAGRW,HIV,Retroviridae
GAKKGAKKGKKGAKKGAKGAGAKGAGAFKKKK,FIV,Retroviridae
ITFEDLLDYYGP,HIV,Retroviridae
QETAYFLLKLAGRWP,HIV,Retroviridae
LEAIPMSIPPEVAFAKPFVF,HIV,Retroviridae
FKRIVQRIKDFLR,HIV,Retroviridae
KRKRAVKRVGRRLKKLARKIARLGVAKLAGLRAVKLF,FIV,Retroviridae
AVKRVGRRLKKLARKIARLGVAF,FIV,Retroviridae
GRFKRFRKPFKKLFKKIS,HIV,Retroviridae
FAKKFAKKFKKFAKKFAKFAFAF,FIV,Retroviridae
HVDKKVADKVLLLKQLRIMRLLTRL,HIV,Retroviridae
GCKKYRRFRWKFKGKFWFWG,HIV,Retroviridae
FKVKAKVKAKVKAKVKAKKKK,FIV,Retroviridae
CRFPNITNSHVPILQERPPLENRVLTGWGL,HTLV 1,Retroviridae
KWKLFKKIEKVGQNIRDGIIKAGPAVAVVGQATQIAK,HIV,Retroviridae
ILGPVLGLVSRTLRRVLGIL,HIV,Retroviridae
FFHHIFRGIVHVGKTIHRLVTG,HIV,Retroviridae
WIHAEIKNSLKIDNLDVNRCIEALD,HIV,Retroviridae
AGERIVDIIATDIQ,HIV,Retroviridae
TRQARRNRRRWRERQR,HIV,Retroviridae
APKEWMAWAREIAAYAKLIAALI,HIV,Retroviridae
RINNIPWSEAMM,HIV,Retroviridae
GIKEFKREFQRIKDFLRNLV,HIV,Retroviridae
LLGDLLRKSKEKIGKEFKRIVQRIKDFLRNLVPRTES,HIV,Retroviridae
REINNYTSLIHSLIEESQNQQEKNEQELLELDKWAS,HIV,Retroviridae
LEAIPMSIPPEFLFGKPFVF,HIV,Retroviridae
FRFKIKFRLKFRFKARFKFRAKFRA,FIV,Retroviridae
INNYTSLIHSLIEESQNQQEKNEQELLE,HIV,Retroviridae
GLRSRIWLWVLLMIWQESNRFKRM,HIV,Retroviridae
GIGAVLKVLTTGLPALISWIKRKRQQ,HIV,Retroviridae
GIKEFKRIVQRIKDFLRNLV,HIV,Retroviridae
LEAIPMCIPPECAFNKPFVF,HIV,Retroviridae
WMEWDREINNYTSLIHSLIEEWQNQQEKNEQELL,HIV,Retroviridae
APKEWMAWAREIAAYAKLIAALIKQGI,HIV,Retroviridae
GFKRIVQRIKDFLRNLV,HIV,Retroviridae
FLAAARIAKRVAKKARKLAKRAARKRK,FIV,Retroviridae
LEAIPCSIPPCVFFNKPFVF,HIV,Retroviridae
GIKQFKRIVQRIKDFLRNLV,HIV,Retroviridae
TWAGVEAIIRILQQL,HIV,Retroviridae
YTSLIHSLIEEKQNQQEKNEQELLELDKWASLWNWF,HIV,Retroviridae
LEAIPMSIPPEVFFNKPFVF,HIV,Retroviridae
SLEQIWNNMTWMEWDREINNYTSLIHSLIEESQNQQ,HIV,Retroviridae
IWNNMTWMEWDREINNYTSLIHSLIEESQNQQEKNE,HIV,Retroviridae
FWNWLSAWIKKTYEEIKKTYEEIKKTYEEIERDWEMV,HIV,Retroviridae
FKLRAKIKVRLRAKIKL,FIV,Retroviridae
YTSLIHSLIEEPQNQQEKNEQELLELDKWASLWNWF,HIV,Retroviridae
INNYTSLIHSLIEESQNQQEKNEQELLELDKWASLW,HIV,Retroviridae
LEAIPCSIPPCFLFGKPFVF,HIV,Retroviridae
YTSLIHSLIEERQNQQEKNEQELLELDKWASLWNWF,HIV,Retroviridae
TRQARRNRRRWRERQRAAAAC,HIV,Retroviridae
GRFKRFRKKFKKLFKKIS,HIV,Retroviridae
RQLLSGIVQQQNNLLRAIEAQQHLLQK,HIV,Retroviridae
YTSLIHSLIEEEQNQQEKNEQELLELDKWASLWNWF,HIV,Retroviridae
LEAIPCSIPPCVFFGKPFVF,HIV,Retroviridae
LEAIPCSIPPCFAFNKPFVF,HIV,Retroviridae
YTSLIHSLIQQSQNQQQKNQQQLLQLDKWASLWNWF,HIV,Retroviridae
SQNQQEKNEQELLELDKWASLWNWFNITNWLWLIKI,HIV,Retroviridae
EESQNQQEKNEQELLELDKWASLWNWFNITNWLWLI,HIV,Retroviridae
ESQNQQEKNEQELLELDKWASLWNWFNITNWLWLIK,HIV,Retroviridae
NQQEKNEQELLELDKWASLWNWFNITNWLWLIKIFI,HIV,Retroviridae
QNQQEKNEQELLELDKWASLWNWFNITNWLWLIKIF,HIV,Retroviridae
VEAIIRILQQLLFIH,HIV,Retroviridae
YTSLIHSLIEEDQNQQEKNEQELLELDKWASLWNWF,HIV,Retroviridae
YTSLIHSLIEEHQNQQEKNEQELLELDKWASLWNWF,HIV,Retroviridae
CFLNITNSHVSILQERPPLENRV,HTLV 1,Retroviridae
CCFLNITNSHVSILQERPPLENRVLTGWGL,HTLV 1,Retroviridae
LEAIPCSIPPCVAFNKPFVF,HIV,Retroviridae
QKWEDWVRWIGN,FIV,Retroviridae
FNLSDHSESIQKKFQLMKEHVNKIG,ASLV-A,Retroviridae
WADWVRWI,FIV,Retroviridae
TTWEAWDRAIAEYAARIEALIRAAQELQEKLEAALREL,HIV,Retroviridae
WEDWVRWA,FIV,Retroviridae
SLIEESQNQQEKNEQELLELDKWASLWNWFNITNWL,HIV,Retroviridae
YTSLIHSLIEESQNQQEKNEQELLELDKPASLWNWF,HIV,Retroviridae
WEAWVRWI,FIV,Retroviridae
DQAEHLKTAVQMAVFIHNYKA,HIV,Retroviridae
LVQPRGPRSGPGPWQGGRRKFRRQRPRLSHKGPMPF,HIV,Retroviridae
NKSLEQIWNNMTWMEWDREINNYTSLIHSLIEESQN,HIV,Retroviridae
WEDWARWI,FIV,Retroviridae
KSLEQIWNNMTWMEWDREINNYTSLIHSLIEESQNQ,HIV,Retroviridae
INNYTSLIHSLIEESQNQQEKNEQELLELDKWASL,HIV,Retroviridae
WEDWVRWI,FIV,Retroviridae
IRKAHCNISRAKWND,HIV,Retroviridae
IRKAHCNISRADWND,HIV,Retroviridae
LEQIWNNMTWMEWDREINNYTSLIHSLIEESQNQQE,HIV,Retroviridae
LIEESQNQQEKNEQELLELDKWASLWNWFNITNWLW,HIV,Retroviridae
WMEWDREINNYTSLIHSLIEEPQNQQEKNEQELL,HIV,Retroviridae
VQQQNNLLRAIEAQQHLLQLTVWGIKQL,HIV,Retroviridae
HSLIEESQNQQEKNEQELLELDKWASLWNWFNITNW,HIV,Retroviridae
QHLLQLTVWGIKQLQARILAVERYLKDQ,HIV,Retroviridae
YTSLIHSLIEEQQNQQEKNEQELLELDKWASLWNWF,HIV,Retroviridae
TTWEAWDRAIAEYAARIEALIRALQELQEKNEAILREL,HIV,Retroviridae
WEDWVRWIGNIP,FIV,Retroviridae
QARQLLSQIVQQQNNLLRAIEAQQHLLQ,HIV,Retroviridae
IHSLIEESQNQQEKNEQELLELDKWASLWNWFNITN,HIV,Retroviridae
YTSLIHSLIEEWQNQQEKNEQELLELDKWASLWNWF,HIV,Retroviridae
MTLTVQARQLLSQIVQQQNNLLRAIEAQ,HIV,Retroviridae
NNYTSLIHSLIEESQNQQEKNEQELLELDKWASLWN,HIV,Retroviridae
YGGIKKEIEAIKKEQEAIKKKIEAIEKEIEA,HIV,Retroviridae
YTSLIHSLIEEYQNQQEKNEQELLELDKWASLWNWF,HIV,Retroviridae
AVGIGAMFLGFLGAAGSTMGAAS,HIV,Retroviridae
DREINNYTSLIHSLIEESQNQQEKNEQELLELDKWA,HIV,Retroviridae
WDREINNYTSLIHSLIEESQNQQEKNEQELLELDKW,HIV,Retroviridae
MTWMAWDRAIANYAALIHALIEAAQNQQEKNEAALLEL,HIV,Retroviridae
QLQKWEDWVRWI,FIV,Retroviridae
VWGIKQLQARILAVERYLKDQQLLGIWG,HIV,Retroviridae
YTSLIHSLIEENQNQQEKNEQELLELDKWASLWNWF,HIV,Retroviridae
YTSLIHSLIEESQNQQEKNEQELLELDKWASLWNSF,HIV,Retroviridae
RQLLSQIVQQQNNLLRAIEAQQHLLQLT,HIV,Retroviridae
NNMTWMEWDREINNYTSLIHSLIEESQNQQEKNEQE,HIV,Retroviridae
YTSLIHSLIEESQNQQEKNQQELLQLDKWASLWNWF,HIV,Retroviridae
TTWEAWDRAIAEYAARIEALIRALQELQEKNEAALREL,HIV,Retroviridae
QLQKWEDWVRWIGNIPQYLKG,FIV,Retroviridae
TTWEAWDRAIAEYAARIEALIRAAQEQQEKLEAVLREL,HIV,Retroviridae
EWDREINNYTSLIHSLIEESQNQQEKNEQELLELDK,HIV,Retroviridae
YTSLIHSLIEESQNQQEKNEQELLELDKWASLWNAF,HIV,Retroviridae
TTWEAWDRAIAEYAARIEALIRAAQEQQEKLEAALREL,HIV,Retroviridae
TWMEWDREINNYTSLIHSLIEESQNQQEKNEQELLE,HIV,Retroviridae
TTWEAWDRAIAEYAARIEALIRALQEQQEKNEAILREL,HIV,Retroviridae
MEWDREINNYTSLIHSLIEESQNQQEKNEQELLELD,HIV,Retroviridae
MTWMEWDREINNYTSLIHSLIEESQNQQEKNEQELL,HIV,Retroviridae
YTSLIHSLIEEFQNQQEKNEQELLELDKWASLWNWF,HIV,Retroviridae
YTSLIHSLIEESQNQQEKLEQELLELDKWASLWNWF,HIV,Retroviridae
TTWEAWDRAIAEYAARIEALIRALQEQQEKNEAALREL,HIV,Retroviridae
MTWMEWDREINNYTSLIHSLIEESQNQQEKNEQELLEL,HIV,Retroviridae
YTSLIHSLIEESQNQQEKNEQELLELNKWASLWNWF,HIV,Retroviridae
MTWEAWDRAIAEYAARIEALIRAAQEQQEKNEAALREL,HIV,Retroviridae
YTSLIHSLIQESQNQQEKNEQELLELDKWASLWNWF,HIV,Retroviridae
TTWEAWDRAIAEYAARIEALIRAAQELQEKNEAALREL,HIV,Retroviridae
TTWEAWDRAIAEYAARIEALIRAAQEQQEKNEAILREL,HIV,Retroviridae
YTSLIHSLIEQSQNQQEKNEQELLELDKWASLWNWF,HIV,Retroviridae
TTWEAWDRAIAEYAARIEALIRAAQEQQEKNEAALREL,HIV,Retroviridae
TTWEEWDREINEYTSRIESLIRESQEQQEKNEQELREL,HIV,Retroviridae
NYTSLIHSLIEESQNQQEKNEQELLELDKWASLWNW,HIV,Retroviridae
YTSLIHSLIEESQNQQEKNEQELLELDKWASPWNWF,HIV,Retroviridae
WMEWDREINNYTSLIHSLIEETQNQQEKNEQELL,HIV,Retroviridae
LIHSLIEESQNQQEKNEQELLELDKWASLWNWFNIT,HIV,Retroviridae
YTSLIHSLIEESQNQQEKNEQELLQLDKWASLWNWF,HIV,Retroviridae
TTWEAWDRAIAEYAARIEALIRASQEQQEKNEAELREL,HIV,Retroviridae
WMEWDREINNYTSLIHSLIEEAQNQQEKNEQELL,HIV,Retroviridae
WMEWDREINNYTSLIHSLIEELQNQQEKNEQELL,HIV,Retroviridae
WMEWDREINNYTSLIHSLIEESQNQQEKNEQELLEL,HIV,Retroviridae
WEEWDKKIEEYTKKIEELIKKSEEQQKN,HIV,Retroviridae
NMTWMEWDREINNYTSLIHSLIEESQNQQEKNEQEL,HIV,Retroviridae
QIWNNMTWMEWDREINNYTSLIHSLIEESQNQQEKN,HIV,Retroviridae
SLIHSLIEESQNQQEKNEQELLELDKWASLWNWFNI,HIV,Retroviridae
YTSLIHSLIEEGQNQQEKNEQELLELDKWASLWNWF,HIV,Retroviridae
YTSLIQSLIEESQNQQEKNEQQLLELDKWASLWNWF,HIV,Retroviridae
KKKKFVKKVAKKVKKVAKKVAKVAVAV,FIV,Retroviridae
KRKRFAKKFLRFLRKVIRFLKRFIRRF,FIV,Retroviridae
FAVAVKAVAVKAVAVKAVKKAVKKVKKAVKKAVKKKK,FIV,Retroviridae