Sequence,Abbreviation,Target,Target_domain,Target_seq,pIC50,MIC,Family,PCA0,PCA1,PCA2,PCA3,PCA4,PCA5,PCA6,PCA7,PCA8,PCA9,PCA10,PCA11,PCA12,PCA13,PCA14,PCA15,PCA16,PCA17,PCA18,PCA19,PCA20,PCA21,PCA22,PCA23,PCA24,PCA25,PCA26,PCA27,PCA28,PCA29,PCA30,PCA31,PCA32,PCA33,PCA34
VSTALPQWRIYSYAGDNI,HCV,Virus entry,"HCV glycoproteins: E1, E2",YQVRNSSGLYHVTNDCPNSSVVYEAADAILHTPGCVPCVREGNASRCWVAVTPTVATRDGKLPTTQLRRHIDLLVGSATLCSALYVGDLCGSVFLVGQLFTFSPRHHWTTQDCNCSIYPGHITGHRMAWNMMMNWSPTAALVVAQLLRIPQAIMDMIAGAHWGVLAGIKYFSMVGNWAKVLVVLLLFAGVDAETHVTGGNAGRTTAGLVGLLTPGAKQNIQLINTNGSWHINSTALNCNESLNTGWLAGLFYQHKFNSSGCPERLASCRRLTDFAQGWGPISYANGSGLDERPYCWHYPPRPCGIVPAKSVCGPVYCFTPSPVVVGTTDRSGAPTYSWGANDTDVFVLNNTRPPLGNWFGCTWMNSTGFTKVCGAPPCVIGGVGNNTLLCPTDCFRKYPEATYSRCGSGPRITPRCMVDYPYRLWHYPCTINYTIFKVRMYVGGVEHRLEAACNWTRGERCDLEDRDRSELSPLLLSTTQWQVLPCSFTTLPALSTGLIHLHQNIVDVQYLYGVGSSIASWAIKWEYVVLLFLLLADARVCSCLWMMLLISQAEA,10.59663473,25.0,Falviviridae,0.857480565939462,0.638323359233987,-0.37895174069477594,0.5011485016260689,-1.048249787117429,-0.41469963117023984,0.350910636774591,-0.5367530209729724,-0.8276623202366846,1.2624029627978632,-2.880126645694108,-0.010295950351659318,0.9384956082865382,0.25995787494466016,0.2275846951575213,0.5206642975697463,0.45221548899546965,0.6267424794390531,-0.8775373267597701,0.30021818988326,0.2664413120312454,-0.16046677494987763,-0.10525491209411127,-0.13069838357392816,0.1782956694939731,0.17619023462451464,-0.03938085725368554,-0.037722800717932575,0.035689711353014075,0.054662350535184534,-0.019234414354387813,0.011750340367745415,-0.0061090343543317984,-0.0022196381334216486,-0.0012880071344270497
ALPQWRIYSYAGDNIVTA,HCV,Virus entry,"HCV glycoproteins: E1, E2",YQVRNSSGLYHVTNDCPNSSVVYEAADAILHTPGCVPCVREGNASRCWVAVTPTVATRDGKLPTTQLRRHIDLLVGSATLCSALYVGDLCGSVFLVGQLFTFSPRHHWTTQDCNCSIYPGHITGHRMAWNMMMNWSPTAALVVAQLLRIPQAIMDMIAGAHWGVLAGIKYFSMVGNWAKVLVVLLLFAGVDAETHVTGGNAGRTTAGLVGLLTPGAKQNIQLINTNGSWHINSTALNCNESLNTGWLAGLFYQHKFNSSGCPERLASCRRLTDFAQGWGPISYANGSGLDERPYCWHYPPRPCGIVPAKSVCGPVYCFTPSPVVVGTTDRSGAPTYSWGANDTDVFVLNNTRPPLGNWFGCTWMNSTGFTKVCGAPPCVIGGVGNNTLLCPTDCFRKYPEATYSRCGSGPRITPRCMVDYPYRLWHYPCTINYTIFKVRMYVGGVEHRLEAACNWTRGERCDLEDRDRSELSPLLLSTTQWQVLPCSFTTLPALSTGLIHLHQNIVDVQYLYGVGSSIASWAIKWEYVVLLFLLLADARVCSCLWMMLLISQAEA,10.59663473,25.0,Falviviridae,1.2406897707696296,0.7909501914945365,-0.42702845416893676,0.5737590301218963,-0.9575586586646039,-0.3891948473705665,0.2975872878613514,-0.5175890984854294,-0.7969883783657981,1.1880925134472253,-2.678232228433136,-0.033642686602909394,0.9852251285110073,0.20542578689584617,0.23590937211613572,0.2420889655780809,0.22115184986253542,0.45723762746925145,-0.5899649727033892,0.15201296003674805,0.21188643481186772,-0.11092603221864131,-0.03068028874517508,-0.028385776676706418,0.0003386764064650807,0.055965987961237904,0.038837015105971186,-0.010913127098386195,-0.009544162194608413,-0.044873953696776145,0.04664668979238511,0.01919220241393366,-0.0007876129860192024,-0.0017317783720366962,-0.0010008564763595129
AGALMFAWLLLGLQGIFN,HCV,Virus entry,"HCV glycoproteins: E1, E2",YQVRNSSGLYHVTNDCPNSSVVYEAADAILHTPGCVPCVREGNASRCWVAVTPTVATRDGKLPTTQLRRHIDLLVGSATLCSALYVGDLCGSVFLVGQLFTFSPRHHWTTQDCNCSIYPGHITGHRMAWNMMMNWSPTAALVVAQLLRIPQAIMDMIAGAHWGVLAGIKYFSMVGNWAKVLVVLLLFAGVDAETHVTGGNAGRTTAGLVGLLTPGAKQNIQLINTNGSWHINSTALNCNESLNTGWLAGLFYQHKFNSSGCPERLASCRRLTDFAQGWGPISYANGSGLDERPYCWHYPPRPCGIVPAKSVCGPVYCFTPSPVVVGTTDRSGAPTYSWGANDTDVFVLNNTRPPLGNWFGCTWMNSTGFTKVCGAPPCVIGGVGNNTLLCPTDCFRKYPEATYSRCGSGPRITPRCMVDYPYRLWHYPCTINYTIFKVRMYVGGVEHRLEAACNWTRGERCDLEDRDRSELSPLLLSTTQWQVLPCSFTTLPALSTGLIHLHQNIVDVQYLYGVGSSIASWAIKWEYVVLLFLLLADARVCSCLWMMLLISQAEA,10.59663473,25.0,Falviviridae,4.579515811722079,1.920398279811448,-0.48058551803528904,0.6660274269555911,0.18225431306041281,-0.06198866590201218,-0.20409589070130923,-0.11342519065646077,-0.30408102848075474,0.06455604662213475,-0.8488170214014777,0.1454576753513917,0.42052855842939973,-0.045311918757428675,-0.04334179131392618,-0.42220841476594856,-0.35972842902179936,-0.4385427015111709,0.6035432230975545,-0.18451454087691313,-0.11355590412850612,0.16386011643765247,-0.05535075110579114,0.03303206030174738,0.12822701586455543,0.05707014396988488,-0.15713309904205833,0.002764697850852559,0.048663678061213786,0.14199170071475467,-0.09010505591097073,-0.03291054494608992,-0.0012115512701309865,0.002277984092657903,0.0015095510090167396
MASAGMQILGVVLTLLGW,HCV,Virus entry,"HCV glycoproteins: E1, E2",YQVRNSSGLYHVTNDCPNSSVVYEAADAILHTPGCVPCVREGNASRCWVAVTPTVATRDGKLPTTQLRRHIDLLVGSATLCSALYVGDLCGSVFLVGQLFTFSPRHHWTTQDCNCSIYPGHITGHRMAWNMMMNWSPTAALVVAQLLRIPQAIMDMIAGAHWGVLAGIKYFSMVGNWAKVLVVLLLFAGVDAETHVTGGNAGRTTAGLVGLLTPGAKQNIQLINTNGSWHINSTALNCNESLNTGWLAGLFYQHKFNSSGCPERLASCRRLTDFAQGWGPISYANGSGLDERPYCWHYPPRPCGIVPAKSVCGPVYCFTPSPVVVGTTDRSGAPTYSWGANDTDVFVLNNTRPPLGNWFGCTWMNSTGFTKVCGAPPCVIGGVGNNTLLCPTDCFRKYPEATYSRCGSGPRITPRCMVDYPYRLWHYPCTINYTIFKVRMYVGGVEHRLEAACNWTRGERCDLEDRDRSELSPLLLSTTQWQVLPCSFTTLPALSTGLIHLHQNIVDVQYLYGVGSSIASWAIKWEYVVLLFLLLADARVCSCLWMMLLISQAEA,10.59663473,25.0,Falviviridae,5.429577914381371,1.5865398653050622,-0.6978079745794167,0.5763766558000377,0.4888311171667544,0.7482353551166946,0.17618416631103304,0.6129069767061571,0.7358325756886108,-0.7455642748410023,1.777065127377101,-0.08365466667156789,-1.0511263376427957,0.004841280658110751,-0.01210204057343771,0.4683186846144874,0.28643707409902147,-0.05030010714152945,-0.23747907842005955,-0.0540701274726778,-0.02610323610211424,-0.26404611224535324,0.14632994707051947,0.05722745128706549,-0.3064901473290261,-0.1425494793203741,0.2142138034571913,0.026616497057184812,-0.05529077896144649,-0.1815653919769454,0.045886384992697864,0.02055640596953412,0.001606260816495293,-0.0002707603855671137,-0.0010576610341699825
MANSGLQLLGFSMALLGW,HCV,Virus entry,"HCV glycoproteins: E1, E2",YQVRNSSGLYHVTNDCPNSSVVYEAADAILHTPGCVPCVREGNASRCWVAVTPTVATRDGKLPTTQLRRHIDLLVGSATLCSALYVGDLCGSVFLVGQLFTFSPRHHWTTQDCNCSIYPGHITGHRMAWNMMMNWSPTAALVVAQLLRIPQAIMDMIAGAHWGVLAGIKYFSMVGNWAKVLVVLLLFAGVDAETHVTGGNAGRTTAGLVGLLTPGAKQNIQLINTNGSWHINSTALNCNESLNTGWLAGLFYQHKFNSSGCPERLASCRRLTDFAQGWGPISYANGSGLDERPYCWHYPPRPCGIVPAKSVCGPVYCFTPSPVVVGTTDRSGAPTYSWGANDTDVFVLNNTRPPLGNWFGCTWMNSTGFTKVCGAPPCVIGGVGNNTLLCPTDCFRKYPEATYSRCGSGPRITPRCMVDYPYRLWHYPCTINYTIFKVRMYVGGVEHRLEAACNWTRGERCDLEDRDRSELSPLLLSTTQWQVLPCSFTTLPALSTGLIHLHQNIVDVQYLYGVGSSIASWAIKWEYVVLLFLLLADARVCSCLWMMLLISQAEA,10.59663473,25.0,Falviviridae,3.7598997338408946,1.4520675058438772,-0.4032121091701668,0.5833765470642212,-0.20746078923118969,0.1500221906847033,0.07775236668762135,0.06149430428734261,-0.24395298211144534,0.17757486429860336,-0.7443405361318833,-0.24668709966407287,0.6162623402937196,-0.09786877349480888,0.11565967939705364,0.18260179651516362,0.0029427337538396937,-0.10839990787791946,0.11635723274075276,-0.22950190551030963,0.013524921512553715,0.7199385316260963,-0.1522820101660162,-0.01348066691758207,0.1899585240399934,-0.46637557206120606,0.05477272114104152,0.013248841584638515,-0.08361885429122112,0.06909524939987248,-0.23311032396217726,-0.08846390639449084,-0.0011933439318540459,0.008516573861585613,0.0018956852002550413
MASTGLELLGMTLAVLGW,HCV,Virus entry,"HCV glycoproteins: E1, E2",YQVRNSSGLYHVTNDCPNSSVVYEAADAILHTPGCVPCVREGNASRCWVAVTPTVATRDGKLPTTQLRRHIDLLVGSATLCSALYVGDLCGSVFLVGQLFTFSPRHHWTTQDCNCSIYPGHITGHRMAWNMMMNWSPTAALVVAQLLRIPQAIMDMIAGAHWGVLAGIKYFSMVGNWAKVLVVLLLFAGVDAETHVTGGNAGRTTAGLVGLLTPGAKQNIQLINTNGSWHINSTALNCNESLNTGWLAGLFYQHKFNSSGCPERLASCRRLTDFAQGWGPISYANGSGLDERPYCWHYPPRPCGIVPAKSVCGPVYCFTPSPVVVGTTDRSGAPTYSWGANDTDVFVLNNTRPPLGNWFGCTWMNSTGFTKVCGAPPCVIGGVGNNTLLCPTDCFRKYPEATYSRCGSGPRITPRCMVDYPYRLWHYPCTINYTIFKVRMYVGGVEHRLEAACNWTRGERCDLEDRDRSELSPLLLSTTQWQVLPCSFTTLPALSTGLIHLHQNIVDVQYLYGVGSSIASWAIKWEYVVLLFLLLADARVCSCLWMMLLISQAEA,10.59663473,25.0,Falviviridae,4.957314577833462,1.4371821109197318,-0.566912278109361,0.4548113751354061,0.2868347300548867,0.74275353402926,0.24558048780038733,0.6317755277417075,0.6951695023469935,-0.6634327968421432,1.698932579581244,-0.1846754163910494,-1.054598199009184,0.03394740143601656,-0.013630424323600178,0.9747360653571129,0.6756677536047333,0.3596850080668319,-0.778684306741286,0.18082313012337003,0.08701137206472329,-0.05143308771313459,-0.01748627182703003,-0.10997231510170806,0.022706466993498396,-0.15513773405674705,0.15547182183001207,-0.007594728456793241,-0.03585551426167905,-0.04682570649413072,-0.09203328826128832,-0.011218179094101615,-0.004861500311981055,0.0011973606881753188,-0.0011128922038852673
GWIGAIVSTALPQWRIYS,HCV,Virus entry,"HCV glycoproteins: E1, E2",YQVRNSSGLYHVTNDCPNSSVVYEAADAILHTPGCVPCVREGNASRCWVAVTPTVATRDGKLPTTQLRRHIDLLVGSATLCSALYVGDLCGSVFLVGQLFTFSPRHHWTTQDCNCSIYPGHITGHRMAWNMMMNWSPTAALVVAQLLRIPQAIMDMIAGAHWGVLAGIKYFSMVGNWAKVLVVLLLFAGVDAETHVTGGNAGRTTAGLVGLLTPGAKQNIQLINTNGSWHINSTALNCNESLNTGWLAGLFYQHKFNSSGCPERLASCRRLTDFAQGWGPISYANGSGLDERPYCWHYPPRPCGIVPAKSVCGPVYCFTPSPVVVGTTDRSGAPTYSWGANDTDVFVLNNTRPPLGNWFGCTWMNSTGFTKVCGAPPCVIGGVGNNTLLCPTDCFRKYPEATYSRCGSGPRITPRCMVDYPYRLWHYPCTINYTIFKVRMYVGGVEHRLEAACNWTRGERCDLEDRDRSELSPLLLSTTQWQVLPCSFTTLPALSTGLIHLHQNIVDVQYLYGVGSSIASWAIKWEYVVLLFLLLADARVCSCLWMMLLISQAEA,10.74745762,21.5,Falviviridae,2.496058575379329,0.35828617590532685,-0.7824547444861303,0.5750377709343253,-0.06497581757533102,0.36197392552608953,0.5287605425494281,0.110503217397672,0.039090928502725636,0.2753691882675345,-1.5126184961917284,0.20121319638866103,0.0508984197004048,0.1969977642136267,0.2206397410037971,0.3728385201557763,0.19217840792950794,-0.8079251336107007,0.25215858896548154,-0.3896774181118867,-0.06472125829839451,-0.7040079801218735,0.1543020302439699,0.05682827205814397,-0.29534985153481425,0.20370204165474723,-0.021961838972359402,-0.0053804028769580846,0.07189068307528537,0.0061712620694547755,-0.09204774568215868,0.0008810049380540074,-0.010141925601216944,0.00019428109928983385,-0.0006431199126900129
AFLGWIGAIVSTALPQWR,HCV,Virus entry,"HCV glycoproteins: E1, E2",YQVRNSSGLYHVTNDCPNSSVVYEAADAILHTPGCVPCVREGNASRCWVAVTPTVATRDGKLPTTQLRRHIDLLVGSATLCSALYVGDLCGSVFLVGQLFTFSPRHHWTTQDCNCSIYPGHITGHRMAWNMMMNWSPTAALVVAQLLRIPQAIMDMIAGAHWGVLAGIKYFSMVGNWAKVLVVLLLFAGVDAETHVTGGNAGRTTAGLVGLLTPGAKQNIQLINTNGSWHINSTALNCNESLNTGWLAGLFYQHKFNSSGCPERLASCRRLTDFAQGWGPISYANGSGLDERPYCWHYPPRPCGIVPAKSVCGPVYCFTPSPVVVGTTDRSGAPTYSWGANDTDVFVLNNTRPPLGNWFGCTWMNSTGFTKVCGAPPCVIGGVGNNTLLCPTDCFRKYPEATYSRCGSGPRITPRCMVDYPYRLWHYPCTINYTIFKVRMYVGGVEHRLEAACNWTRGERCDLEDRDRSELSPLLLSTTQWQVLPCSFTTLPALSTGLIHLHQNIVDVQYLYGVGSSIASWAIKWEYVVLLFLLLADARVCSCLWMMLLISQAEA,11.28978191,12.5,Falviviridae,3.157688599073818,0.8361603375354668,-0.7797852097116965,0.7184232645340256,-0.012435903244477515,0.23516587228978364,0.31893883814658075,0.009606140624152226,-0.10949138150040442,0.28490555779429116,-1.4181357064068447,0.12484490922776831,0.4092313527179959,0.06522772537245553,0.21776781633993902,-0.2664494386593686,-0.315468347933074,-0.9723000783723056,0.7754895592965836,-0.602004680608831,-0.14232053877735834,-0.3900981171274463,0.22503608506957928,0.22635470290727075,-0.5018332795239594,-0.06168401852915612,0.09199484919875195,0.042086726216195594,-0.01977147761884985,-0.1400246779914192,0.017685302836091165,0.003669818711601983,0.0010388590485510896,0.001794061035754794,0.00033320765196963407
FILAFLGWIGAIVSTALP,HCV,Virus entry,"HCV glycoproteins: E1, E2",YQVRNSSGLYHVTNDCPNSSVVYEAADAILHTPGCVPCVREGNASRCWVAVTPTVATRDGKLPTTQLRRHIDLLVGSATLCSALYVGDLCGSVFLVGQLFTFSPRHHWTTQDCNCSIYPGHITGHRMAWNMMMNWSPTAALVVAQLLRIPQAIMDMIAGAHWGVLAGIKYFSMVGNWAKVLVVLLLFAGVDAETHVTGGNAGRTTAGLVGLLTPGAKQNIQLINTNGSWHINSTALNCNESLNTGWLAGLFYQHKFNSSGCPERLASCRRLTDFAQGWGPISYANGSGLDERPYCWHYPPRPCGIVPAKSVCGPVYCFTPSPVVVGTTDRSGAPTYSWGANDTDVFVLNNTRPPLGNWFGCTWMNSTGFTKVCGAPPCVIGGVGNNTLLCPTDCFRKYPEATYSRCGSGPRITPRCMVDYPYRLWHYPCTINYTIFKVRMYVGGVEHRLEAACNWTRGERCDLEDRDRSELSPLLLSTTQWQVLPCSFTTLPALSTGLIHLHQNIVDVQYLYGVGSSIASWAIKWEYVVLLFLLLADARVCSCLWMMLLISQAEA,11.62945928,8.9,Falviviridae,5.571323394662576,2.4523334490640063,-0.4083957441470317,0.6482362215266346,0.3783994825302177,-0.060248237316174694,-0.4088721179814401,-0.043910100937760925,-0.16947995093589574,-0.22303057658228678,0.0555429341174071,0.14639830939185935,0.05779489438723334,-0.07850159488009605,-0.17678970712229916,-0.4244243600722217,-0.3124337505946115,-0.10049117186097767,0.38205114013803937,0.055109923518827764,-0.09123686205096124,0.2295440938438195,-0.10197691613300454,-0.022308225362805877,0.2580319932148007,0.12331209168136704,-0.18502588900989272,-0.005178794736043542,0.06113091600346828,0.16664306334776813,-0.04805563397649993,-0.020177794069263275,0.0002901352568890417,0.0004905869368835179,0.0012579607990409454
MANAGLQLLGFILAFL,HCV,Virus entry,"HCV glycoproteins: E1, E2",YQVRNSSGLYHVTNDCPNSSVVYEAADAILHTPGCVPCVREGNASRCWVAVTPTVATRDGKLPTTQLRRHIDLLVGSATLCSALYVGDLCGSVFLVGQLFTFSPRHHWTTQDCNCSIYPGHITGHRMAWNMMMNWSPTAALVVAQLLRIPQAIMDMIAGAHWGVLAGIKYFSMVGNWAKVLVVLLLFAGVDAETHVTGGNAGRTTAGLVGLLTPGAKQNIQLINTNGSWHINSTALNCNESLNTGWLAGLFYQHKFNSSGCPERLASCRRLTDFAQGWGPISYANGSGLDERPYCWHYPPRPCGIVPAKSVCGPVYCFTPSPVVVGTTDRSGAPTYSWGANDTDVFVLNNTRPPLGNWFGCTWMNSTGFTKVCGAPPCVIGGVGNNTLLCPTDCFRKYPEATYSRCGSGPRITPRCMVDYPYRLWHYPCTINYTIFKVRMYVGGVEHRLEAACNWTRGERCDLEDRDRSELSPLLLSTTQWQVLPCSFTTLPALSTGLIHLHQNIVDVQYLYGVGSSIASWAIKWEYVVLLFLLLADARVCSCLWMMLLISQAEA,11.78736231,7.6,Falviviridae,5.145161420242915,2.8873477699652437,-0.3275433715397755,0.7700204598023823,-0.07668799238112273,-0.544623421592639,-0.5952949701123899,-0.474441908864303,-0.6113011275042783,0.31364503722583986,-0.3524860974809954,0.07380695314666404,0.4773462279273392,-0.05848054465084292,-0.16210260785952266,-0.9437991575390144,-0.5873269419063767,0.5899009289629048,0.08031304565107936,0.30907877424864133,0.03445102369505953,0.234692061210185,0.001597882138227849,0.10518664152001418,0.00016370095914660813,0.07334012782476593,-0.0028054290217709287,0.03119386975726125,-0.03163958068564519,-0.10861526240087296,0.2960997721385363,0.05983836152376096,0.01597998821309066,-0.005009610279769742,8.503586946891001e-05
MANAGLQLLGFILAFLGWIGAIVS,HCV,Virus entry,"HCV glycoproteins: E1, E2",YQVRNSSGLYHVTNDCPNSSVVYEAADAILHTPGCVPCVREGNASRCWVAVTPTVATRDGKLPTTQLRRHIDLLVGSATLCSALYVGDLCGSVFLVGQLFTFSPRHHWTTQDCNCSIYPGHITGHRMAWNMMMNWSPTAALVVAQLLRIPQAIMDMIAGAHWGVLAGIKYFSMVGNWAKVLVVLLLFAGVDAETHVTGGNAGRTTAGLVGLLTPGAKQNIQLINTNGSWHINSTALNCNESLNTGWLAGLFYQHKFNSSGCPERLASCRRLTDFAQGWGPISYANGSGLDERPYCWHYPPRPCGIVPAKSVCGPVYCFTPSPVVVGTTDRSGAPTYSWGANDTDVFVLNNTRPPLGNWFGCTWMNSTGFTKVCGAPPCVIGGVGNNTLLCPTDCFRKYPEATYSRCGSGPRITPRCMVDYPYRLWHYPCTINYTIFKVRMYVGGVEHRLEAACNWTRGERCDLEDRDRSELSPLLLSTTQWQVLPCSFTTLPALSTGLIHLHQNIVDVQYLYGVGSSIASWAIKWEYVVLLFLLLADARVCSCLWMMLLISQAEA,12.18627002,5.1,Falviviridae,5.129371112972838,2.259266935495808,-0.423509716430837,0.6468577635085865,0.08377627194790449,0.04961139836543816,-0.228842883443557,0.03685071000030201,-0.05514508200373981,-0.12989525313854558,0.5237716862583487,-0.10170351177683348,-0.05575286602817532,-0.06696257166608587,-0.07446483783304167,-0.15498069563783384,-0.11003184498396325,0.3786366676130981,-0.14581364942870836,0.14284785938811512,0.03428188769498478,0.296949903628595,-0.022875346332883607,0.03407763591325018,0.011379588403493086,-0.16731521462364726,0.09190341522381884,0.02336364774953896,-0.06286657327710682,-0.08400903209519028,0.08232976322017997,0.007867747948693188,0.007721789331200028,-1.5949571770881542e-05,0.0001567689016195697
LLGFILAFLGWIGAIVST,HCV,Virus entry,"HCV glycoproteins: E1, E2",YQVRNSSGLYHVTNDCPNSSVVYEAADAILHTPGCVPCVREGNASRCWVAVTPTVATRDGKLPTTQLRRHIDLLVGSATLCSALYVGDLCGSVFLVGQLFTFSPRHHWTTQDCNCSIYPGHITGHRMAWNMMMNWSPTAALVVAQLLRIPQAIMDMIAGAHWGVLAGIKYFSMVGNWAKVLVVLLLFAGVDAETHVTGGNAGRTTAGLVGLLTPGAKQNIQLINTNGSWHINSTALNCNESLNTGWLAGLFYQHKFNSSGCPERLASCRRLTDFAQGWGPISYANGSGLDERPYCWHYPPRPCGIVPAKSVCGPVYCFTPSPVVVGTTDRSGAPTYSWGANDTDVFVLNNTRPPLGNWFGCTWMNSTGFTKVCGAPPCVIGGVGNNTLLCPTDCFRKYPEATYSRCGSGPRITPRCMVDYPYRLWHYPCTINYTIFKVRMYVGGVEHRLEAACNWTRGERCDLEDRDRSELSPLLLSTTQWQVLPCSFTTLPALSTGLIHLHQNIVDVQYLYGVGSSIASWAIKWEYVVLLFLLLADARVCSCLWMMLLISQAEA,12.35689554,4.3,Falviviridae,5.910595411836053,2.2026757196438917,-0.5309387018324278,0.5260838072071548,0.7165102920845248,0.2684158523222104,-0.2519406334711702,0.25548437707809507,0.3572033278875366,-0.6652481605229185,1.0184652383464265,0.34743116571356464,-0.9715964569165374,0.07628852615637169,-0.26599762161545515,0.16069478843127352,0.18896778309711484,-0.011805585076876566,-0.11187170514842944,0.31736124699842977,-0.06910724880369723,-0.493721182835228,-0.0486901579405429,-0.1494072979717746,0.27588482282694315,0.5746121386683387,-0.2789676429662671,-0.046514606900476346,0.18225409893929376,0.23667276638134427,-0.03566391908064073,0.022743239577196334,-0.009303617314323972,-0.005006158104157973,-0.0006730196490161064
MANAGLQLLGFILAFLGWIGAI,HCV,Virus entry,"HCV glycoproteins: E1, E2",YQVRNSSGLYHVTNDCPNSSVVYEAADAILHTPGCVPCVREGNASRCWVAVTPTVATRDGKLPTTQLRRHIDLLVGSATLCSALYVGDLCGSVFLVGQLFTFSPRHHWTTQDCNCSIYPGHITGHRMAWNMMMNWSPTAALVVAQLLRIPQAIMDMIAGAHWGVLAGIKYFSMVGNWAKVLVVLLLFAGVDAETHVTGGNAGRTTAGLVGLLTPGAKQNIQLINTNGSWHINSTALNCNESLNTGWLAGLFYQHKFNSSGCPERLASCRRLTDFAQGWGPISYANGSGLDERPYCWHYPPRPCGIVPAKSVCGPVYCFTPSPVVVGTTDRSGAPTYSWGANDTDVFVLNNTRPPLGNWFGCTWMNSTGFTKVCGAPPCVIGGVGNNTLLCPTDCFRKYPEATYSRCGSGPRITPRCMVDYPYRLWHYPCTINYTIFKVRMYVGGVEHRLEAACNWTRGERCDLEDRDRSELSPLLLSTTQWQVLPCSFTTLPALSTGLIHLHQNIVDVQYLYGVGSSIASWAIKWEYVVLLFLLLADARVCSCLWMMLLISQAEA,12.429216199999999,4.0,Falviviridae,5.185429528264561,2.2125168003414024,-0.47117636411873337,0.6745054566110028,0.19393484940912742,0.05343571180724663,-0.23854966554568943,0.0249167336392069,-0.07458494379793293,-0.14801378392554848,0.2713418488450256,-0.014322760985912009,0.026394546461179183,-0.07366426464948166,-0.07246024974218562,-0.318377281247752,-0.25306010903450116,0.046599917447000004,0.18647981418905749,-0.004459918320569,-0.03744337358121611,0.22198566143055096,0.001095465477750921,0.06644131113521767,-0.020897658814886567,-0.10919088665419803,0.03464414703199646,0.024729965498613678,-0.035616031494973215,-0.0450453309755036,0.05432905167282477,0.0008017577287483664,0.006329343315172751,0.0005173042454618166,0.0005843573168492992
GAIVSTALPQWRIYSYAG,HCV,Virus entry,"HCV glycoproteins: E1, E2",YQVRNSSGLYHVTNDCPNSSVVYEAADAILHTPGCVPCVREGNASRCWVAVTPTVATRDGKLPTTQLRRHIDLLVGSATLCSALYVGDLCGSVFLVGQLFTFSPRHHWTTQDCNCSIYPGHITGHRMAWNMMMNWSPTAALVVAQLLRIPQAIMDMIAGAHWGVLAGIKYFSMVGNWAKVLVVLLLFAGVDAETHVTGGNAGRTTAGLVGLLTPGAKQNIQLINTNGSWHINSTALNCNESLNTGWLAGLFYQHKFNSSGCPERLASCRRLTDFAQGWGPISYANGSGLDERPYCWHYPPRPCGIVPAKSVCGPVYCFTPSPVVVGTTDRSGAPTYSWGANDTDVFVLNNTRPPLGNWFGCTWMNSTGFTKVCGAPPCVIGGVGNNTLLCPTDCFRKYPEATYSRCGSGPRITPRCMVDYPYRLWHYPCTINYTIFKVRMYVGGVEHRLEAACNWTRGERCDLEDRDRSELSPLLLSTTQWQVLPCSFTTLPALSTGLIHLHQNIVDVQYLYGVGSSIASWAIKWEYVVLLFLLLADARVCSCLWMMLLISQAEA,10.64582498,23.8,Falviviridae,2.379602992854363,0.6510292164001401,-0.5829508487425793,0.541988099488082,-0.47466768574820134,0.25398429249668136,0.47317512432512787,0.06562424560435212,-0.08664883404427379,0.43612872184814233,-1.0367940573954428,-0.15967391404770462,0.2229694073053194,0.12606869305241336,0.24205604204959816,0.6142915030119888,0.3919425253160355,0.08802657898353532,-0.46497806239293166,-0.09507833788742602,0.12215946665505259,-0.09693267217511055,0.04310898950563131,0.009972762734219445,-0.17552100625867617,-0.20065662561587252,0.18107569722145767,0.008513801997032581,-0.06351783488354178,-0.11912758011012907,-0.04698952427077989,-0.00771773794137909,-0.002384902629889326,0.0019307499019084397,-0.0008104030459497848
CAGKRKSG,DENV 2,Replication,NS2B-NS3 protease,SWPLNEAIMAVGMVSILASSLLKNDIPMTGPLVAGGLLTVCYVLTGRSADLELERAADVKWEDQAEISGSSPILSITISEDGSMSIKNEEEEQTLTILIRTGLLVISGLFPVSIPITAAAWYLWEVKKQRAGVLWDVPSPPPVGKAELEDGAYRIKQKGILGYSQIGAGVYKEGTFHTMWHVTRGAVLMHKGKRIEPSWADVKKDLISYGGGWKLEGEWKEGEEVQVLALEPGKNPRAVQTKPGLFKTNAGTIGAVSLDFSPGTSGSPIIDKKGKVVGLYGNGVVTRSGAYVSAIAQTEKSIEDNPEIEDDIFRKRKLTIMDLHPGAGKTKRYLPAIVREAIKRGLRTLILAPTRVVAAEMEEALRGLPIRYQTPAIRAEHTGREIVDLMCHATFTMRLLSPVRVPNYNLIIMDEAHFTDPASIAARGYISTRVEMGEAAGIFMTATPPGSRDPFPQSNAPIMDEEREIPERSWSSGHEWVTDFKGKTVWFVPSIKAGNDIAACLRKNGKKVIQLSRKTFDSEYVKTRTNDWDFVVTTDISEMGANFKAERVIDPRRCMKPVILTDGEERVILAGPMPVTHSSAAQRRGRIGRNPKNENDQYIYMGEPLENDEDCAHWKEAKMLLDNINTPEGIIPSMFEPEREKVDAIDGEYRLRGEARKTFVDLMRRGDLPVWLAYRVAAEGINYADRRWCFDGIKNNQILEENVEVEIWTKEGERKKLKPRWLDAKIYSDPLALKEFKEFAAGRK,11.91340303,6.7,Falviviridae,-2.3419744884404006,3.4786998676754366,0.32628425660487786,-1.7774522995472697,3.1269677781185377,-3.553387310732023,-2.6397871629807046,-1.695948184987609,-0.31148764329095013,-0.10368535359166459,-1.2835849524315857,1.8252501075979441,-1.4668250488140313,0.07483588616720993,-0.5432178851050271,0.2665189789268906,-0.11437554258438007,-0.8560278175223649,0.19348868851520862,-0.02877062544575659,0.3447920662483243,0.017077307421400102,-0.06212478004828145,-0.7690663732463908,0.1894927916710586,-0.2011652319045205,0.03978277481221729,-0.1304523564323893,-0.1430838791258014,-0.10841767698170374,0.016953819982408545,0.04019333679287281,0.0003404097641836213,0.0005223382775172453,-0.003374561622446663
GELGRLVYLLDGPGYDPI,HCV,Replication,NS3/4A complex,APITAYAQQTRGLLGCIITSLTGRDKNQVEGEVQIVSTATQTFLATCINGVCWTVYHGAGTRTIASPKGPVIQTYTNVDQDLVGWPAPQGSRSLTPCTCGSSDLYLVTRHADVIPVRRRGDSRGSLLSPRPISYLKGSSGGPLLCPTGHAVGLFRAAVCTRGVAKAVDFIPVENLETTMRSPVFTDNSSPPAVPQSFQVAHLHAPTGSGKSTKVPAAYAAKGYKVLVLNPSVAATLGFGAYMSKAHGVDPNIRTGVRTITTGSPITYSTYGKFLADAGCSGGAYDIIICDECHSTDATSISGIGTVLDQAETAGARLVVLATATPPGSVTVSHPNIEEVALSTTGEIPFYGKAIPLEVIKGGRHLIFCHSKKKCDELAAKLVALGINAVAYYRGLDVSVIPTSGDVVVVSTDALMTGFTGDFDSVIDCNTCVTQTVDFSLDPTFTIETTTLPQDAVSRTQRRGRTGRGKPGIYRFVAPGERPSGMFDSSVLCECYDAGCAWYELTPAETTVRLRAYMNTPGLPVCQDHLGFWEGVFTGLTHIDAHFLSQTKQSGENFPYLVAYQATVCARAQAPPPSWDQMRKCLIRLKPTLHGPTPLLYRLGAVQNEVTLTHPITKYIMTCMSADLEVVTSTWVLVGGVLAALAAYCLSTGCVVIVGRIVLSGKPAIIPDREVLYQEFDEMEEC,15.894952100000001,0.125,Falviviridae,-1.178611582954401,-1.4535652597771387,-2.125006975569625,-0.0571647698681766,-0.5671556636696619,-0.6771680154412418,1.2808064431315995,-0.8213599920373831,-0.24914941602174026,-0.44741133819833545,0.25790453185836393,-0.23966678457348115,0.2835782447387809,-0.407375154141555,-0.40189435865438033,0.23460291019229,-0.19460973553978916,-0.009422391231362627,0.2285966820873044,0.12999810532520692,0.10592256958223124,0.19734925683781682,0.30118635133066074,-0.164732128160954,0.220176869067029,0.14071536559297487,0.1244727829160327,0.18164878039732424,0.4121314762014335,-0.2865851542487808,-0.06586270460112305,0.0033666734058172146,0.04305387501585833,-0.006954301239466662,0.0018803796660433706
GELGRLVYLLDGPGYDPIHCD,HCV,Replication,NS3/4A complex,APITAYAQQTRGLLGCIITSLTGRDKNQVEGEVQIVSTATQTFLATCINGVCWTVYHGAGTRTIASPKGPVIQTYTNVDQDLVGWPAPQGSRSLTPCTCGSSDLYLVTRHADVIPVRRRGDSRGSLLSPRPISYLKGSSGGPLLCPTGHAVGLFRAAVCTRGVAKAVDFIPVENLETTMRSPVFTDNSSPPAVPQSFQVAHLHAPTGSGKSTKVPAAYAAKGYKVLVLNPSVAATLGFGAYMSKAHGVDPNIRTGVRTITTGSPITYSTYGKFLADAGCSGGAYDIIICDECHSTDATSISGIGTVLDQAETAGARLVVLATATPPGSVTVSHPNIEEVALSTTGEIPFYGKAIPLEVIKGGRHLIFCHSKKKCDELAAKLVALGINAVAYYRGLDVSVIPTSGDVVVVSTDALMTGFTGDFDSVIDCNTCVTQTVDFSLDPTFTIETTTLPQDAVSRTQRRGRTGRGKPGIYRFVAPGERPSGMFDSSVLCECYDAGCAWYELTPAETTVRLRAYMNTPGLPVCQDHLGFWEGVFTGLTHIDAHFLSQTKQSGENFPYLVAYQATVCARAQAPPPSWDQMRKCLIRLKPTLHGPTPLLYRLGAVQNEVTLTHPITKYIMTCMSADLEVVTSTWVLVGGVLAALAAYCLSTGCVVIVGRIVLSGKPAIIPDREVLYQEFDEMEEC,15.90298427,0.124,Falviviridae,-0.9526637317268214,-1.3772389488628118,-1.5414503708876455,0.07020654629018928,-0.5631784003761758,-0.8448468736040871,1.137827833503638,-0.6465640365307533,-0.6082289829524363,-0.5691137432797109,0.1647343524174263,-0.6283524165734826,-0.22938356092846796,-0.20571751662810994,-0.23427603508367628,-0.08717588505098742,-0.25152636745037094,-0.19137286234681733,-0.1833232760738741,0.07510443949088005,0.05189683638466999,-0.07968676453213974,-0.15066647326974947,0.11035946458425783,-0.0952751414959845,-0.017620887792608047,0.02030356835131731,-0.13106856909229717,-0.18636794386984276,0.14700251868381603,0.030422538943641105,0.011685056929178594,-0.029537779246897163,0.005070083397529886,0.0003352687861193787
GELGRPVYVLGDPGYYATHCIYATTNDALIFSV,HCV,Replication,NS3/4A complex,APITAYAQQTRGLLGCIITSLTGRDKNQVEGEVQIVSTATQTFLATCINGVCWTVYHGAGTRTIASPKGPVIQTYTNVDQDLVGWPAPQGSRSLTPCTCGSSDLYLVTRHADVIPVRRRGDSRGSLLSPRPISYLKGSSGGPLLCPTGHAVGLFRAAVCTRGVAKAVDFIPVENLETTMRSPVFTDNSSPPAVPQSFQVAHLHAPTGSGKSTKVPAAYAAKGYKVLVLNPSVAATLGFGAYMSKAHGVDPNIRTGVRTITTGSPITYSTYGKFLADAGCSGGAYDIIICDECHSTDATSISGIGTVLDQAETAGARLVVLATATPPGSVTVSHPNIEEVALSTTGEIPFYGKAIPLEVIKGGRHLIFCHSKKKCDELAAKLVALGINAVAYYRGLDVSVIPTSGDVVVVSTDALMTGFTGDFDSVIDCNTCVTQTVDFSLDPTFTIETTTLPQDAVSRTQRRGRTGRGKPGIYRFVAPGERPSGMFDSSVLCECYDAGCAWYELTPAETTVRLRAYMNTPGLPVCQDHLGFWEGVFTGLTHIDAHFLSQTKQSGENFPYLVAYQATVCARAQAPPPSWDQMRKCLIRLKPTLHGPTPLLYRLGAVQNEVTLTHPITKYIMTCMSADLEVVTSTWVLVGGVLAALAAYCLSTGCVVIVGRIVLSGKPAIIPDREVLYQEFDEMEEC,17.4651693,0.026000000000000002,Falviviridae,-1.0181800553423828,-1.3772205508579536,-1.6337312458378825,0.0047862291707605024,-0.6202260371769235,-0.8689416966448769,1.1014628768982113,-0.7887380744051636,-0.2994506161718465,-0.17460536252106926,0.127234485314073,-0.8125460532252209,-0.18604202579438223,-0.4060820350402063,-0.32790584455413746,0.03890043440048902,-0.3001184928440497,-0.16820215833649896,-0.03101803907422166,0.1878408328862456,-0.042654057732847826,-0.027394037864676528,-0.05058175017766998,0.013495298411569408,0.0392466554947195,0.022579246975224745,0.030695404088691224,0.0437437991768187,-0.006944372483531476,-0.033941235478789696,-0.03937827157237851,-0.014772557754231037,0.020320263413308184,-0.028754943145422932,0.02046466512242059
RQIKINFQNRRMKNKKGELDELVYLLDGPGYDPIHS,HCV,Replication,NS3/4A complex,APITAYAQQTRGLLGCIITSLTGRDKNQVEGEVQIVSTATQTFLATCINGVCWTVYHGAGTRTIASPKGPVIQTYTNVDQDLVGWPAPQGSRSLTPCTCGSSDLYLVTRHADVIPVRRRGDSRGSLLSPRPISYLKGSSGGPLLCPTGHAVGLFRAAVCTRGVAKAVDFIPVENLETTMRSPVFTDNSSPPAVPQSFQVAHLHAPTGSGKSTKVPAAYAAKGYKVLVLNPSVAATLGFGAYMSKAHGVDPNIRTGVRTITTGSPITYSTYGKFLADAGCSGGAYDIIICDECHSTDATSISGIGTVLDQAETAGARLVVLATATPPGSVTVSHPNIEEVALSTTGEIPFYGKAIPLEVIKGGRHLIFCHSKKKCDELAAKLVALGINAVAYYRGLDVSVIPTSGDVVVVSTDALMTGFTGDFDSVIDCNTCVTQTVDFSLDPTFTIETTTLPQDAVSRTQRRGRTGRGKPGIYRFVAPGERPSGMFDSSVLCECYDAGCAWYELTPAETTVRLRAYMNTPGLPVCQDHLGFWEGVFTGLTHIDAHFLSQTKQSGENFPYLVAYQATVCARAQAPPPSWDQMRKCLIRLKPTLHGPTPLLYRLGAVQNEVTLTHPITKYIMTCMSADLEVVTSTWVLVGGVLAALAAYCLSTGCVVIVGRIVLSGKPAIIPDREVLYQEFDEMEEC,17.54521201,0.024,Falviviridae,-0.7821417554253304,-1.0815010707122883,0.7185978329486244,-0.2436340780537204,-0.5741527026036629,0.5107293416801912,1.1647126138945973,0.05910124281027838,-1.0892782513909343,-1.3641036228116523,0.2750581243883535,0.583515510846011,-0.19869826723818115,0.23586558519497194,-0.251598248241743,-0.12688121517745374,-0.12051252160513684,0.4401702164185948,-0.11425883823939963,-0.7859661112439456,1.1788099017426552,0.1378164389017416,0.41082926181670887,-0.1660746234370811,-0.1686660944703835,-0.07598346428636171,-0.22335167462229605,0.19797658345844227,0.055427111183046204,0.07640776711539515,0.02742537402180024,0.03928534014289942,-0.07536707966985486,-0.051586321090015055,5.582066940791293e-05
GELDELVYLLDGPGYDPIHS,HCV,Replication,NS3/4A complex,APITAYAQQTRGLLGCIITSLTGRDKNQVEGEVQIVSTATQTFLATCINGVCWTVYHGAGTRTIASPKGPVIQTYTNVDQDLVGWPAPQGSRSLTPCTCGSSDLYLVTRHADVIPVRRRGDSRGSLLSPRPISYLKGSSGGPLLCPTGHAVGLFRAAVCTRGVAKAVDFIPVENLETTMRSPVFTDNSSPPAVPQSFQVAHLHAPTGSGKSTKVPAAYAAKGYKVLVLNPSVAATLGFGAYMSKAHGVDPNIRTGVRTITTGSPITYSTYGKFLADAGCSGGAYDIIICDECHSTDATSISGIGTVLDQAETAGARLVVLATATPPGSVTVSHPNIEEVALSTTGEIPFYGKAIPLEVIKGGRHLIFCHSKKKCDELAAKLVALGINAVAYYRGLDVSVIPTSGDVVVVSTDALMTGFTGDFDSVIDCNTCVTQTVDFSLDPTFTIETTTLPQDAVSRTQRRGRTGRGKPGIYRFVAPGERPSGMFDSSVLCECYDAGCAWYELTPAETTVRLRAYMNTPGLPVCQDHLGFWEGVFTGLTHIDAHFLSQTKQSGENFPYLVAYQATVCARAQAPPPSWDQMRKCLIRLKPTLHGPTPLLYRLGAVQNEVTLTHPITKYIMTCMSADLEVVTSTWVLVGGVLAALAAYCLSTGCVVIVGRIVLSGKPAIIPDREVLYQEFDEMEEC,17.58777162,0.023,Falviviridae,-1.0928103537604792,-1.5181770874848644,-2.3617486962771848,0.17225791886730374,-0.41216926574439483,-0.7833365411844005,1.426874850891982,-0.5677537540372526,-0.923923481631012,-1.2776271495195668,0.3860337136573177,0.009976970955816677,0.2260748133802683,-0.09149570791769819,-0.2970179106606219,0.007218644404418326,-0.16441778459602008,-0.12332972947512434,-0.059328498796663943,-0.1262396033172032,0.4567822232429699,0.16614770614797797,0.26231461173054227,0.12332459258331771,0.02297685443312695,0.1564510064658647,0.2628048404943774,-0.30598437661179617,0.0921680439182497,0.08319707206709936,0.03809291670007611,0.020994253055446135,-0.02008431744001776,0.09968403172759599,-0.018982831897669177
GELGRLVYLLDGPGYDPIHCSLAYGDASTLVVF,HCV,Replication,NS3/4A complex,APITAYAQQTRGLLGCIITSLTGRDKNQVEGEVQIVSTATQTFLATCINGVCWTVYHGAGTRTIASPKGPVIQTYTNVDQDLVGWPAPQGSRSLTPCTCGSSDLYLVTRHADVIPVRRRGDSRGSLLSPRPISYLKGSSGGPLLCPTGHAVGLFRAAVCTRGVAKAVDFIPVENLETTMRSPVFTDNSSPPAVPQSFQVAHLHAPTGSGKSTKVPAAYAAKGYKVLVLNPSVAATLGFGAYMSKAHGVDPNIRTGVRTITTGSPITYSTYGKFLADAGCSGGAYDIIICDECHSTDATSISGIGTVLDQAETAGARLVVLATATPPGSVTVSHPNIEEVALSTTGEIPFYGKAIPLEVIKGGRHLIFCHSKKKCDELAAKLVALGINAVAYYRGLDVSVIPTSGDVVVVSTDALMTGFTGDFDSVIDCNTCVTQTVDFSLDPTFTIETTTLPQDAVSRTQRRGRTGRGKPGIYRFVAPGERPSGMFDSSVLCECYDAGCAWYELTPAETTVRLRAYMNTPGLPVCQDHLGFWEGVFTGLTHIDAHFLSQTKQSGENFPYLVAYQATVCARAQAPPPSWDQMRKCLIRLKPTLHGPTPLLYRLGAVQNEVTLTHPITKYIMTCMSADLEVVTSTWVLVGGVLAALAAYCLSTGCVVIVGRIVLSGKPAIIPDREVLYQEFDEMEEC,17.6787434,0.021,Falviviridae,-1.1064938376856304,-1.4419137772589665,-2.074646383160994,0.01859986722351264,-0.5745792540024228,-0.9192506558022061,1.1882973413664404,-0.8512196174955288,-0.2574564984678541,-0.2584102013819828,0.17508000181568595,-0.5857432816493264,0.026967462567989726,-0.3859853488913379,-0.3181474853963824,0.12193563263188606,-0.20078404089817267,-0.11577348180973995,0.05559329507104032,0.24835223180099156,-0.18188289573831837,0.004632168371539133,-0.07300042157132941,-0.090308387613429,0.05503947787850778,0.021153423557415518,-0.02086804136171994,0.13649555510043676,0.12390305614738255,-0.12840377479486975,-0.016871896704313487,0.0021310174277981817,0.0149504722428285,-0.006414649665659735,-0.009199689866684188
GELGRLVYLLDGPGYDPIHCDVVTRGGSHLFNF,HCV,Replication,NS3/4A complex,APITAYAQQTRGLLGCIITSLTGRDKNQVEGEVQIVSTATQTFLATCINGVCWTVYHGAGTRTIASPKGPVIQTYTNVDQDLVGWPAPQGSRSLTPCTCGSSDLYLVTRHADVIPVRRRGDSRGSLLSPRPISYLKGSSGGPLLCPTGHAVGLFRAAVCTRGVAKAVDFIPVENLETTMRSPVFTDNSSPPAVPQSFQVAHLHAPTGSGKSTKVPAAYAAKGYKVLVLNPSVAATLGFGAYMSKAHGVDPNIRTGVRTITTGSPITYSTYGKFLADAGCSGGAYDIIICDECHSTDATSISGIGTVLDQAETAGARLVVLATATPPGSVTVSHPNIEEVALSTTGEIPFYGKAIPLEVIKGGRHLIFCHSKKKCDELAAKLVALGINAVAYYRGLDVSVIPTSGDVVVVSTDALMTGFTGDFDSVIDCNTCVTQTVDFSLDPTFTIETTTLPQDAVSRTQRRGRTGRGKPGIYRFVAPGERPSGMFDSSVLCECYDAGCAWYELTPAETTVRLRAYMNTPGLPVCQDHLGFWEGVFTGLTHIDAHFLSQTKQSGENFPYLVAYQATVCARAQAPPPSWDQMRKCLIRLKPTLHGPTPLLYRLGAVQNEVTLTHPITKYIMTCMSADLEVVTSTWVLVGGVLAALAAYCLSTGCVVIVGRIVLSGKPAIIPDREVLYQEFDEMEEC,18.32537056,0.011000000000000001,Falviviridae,-0.9213746454809241,-1.2903468110407854,-0.998049235389012,-0.047548520276096816,-0.6317816993057767,-0.656310893153994,1.0417131708930536,-0.6297229018815284,-0.4332275092161197,-0.3038981390679731,0.09653076306453323,-0.6582054617591293,-0.3159793405017544,-0.2397301520219391,-0.24109739305429762,-0.05599224240644152,-0.24410249696807781,-0.07901472633048641,-0.133961024452434,0.07057737235212203,-0.004816783419425652,-0.1121485613896373,-0.1950676629665061,-0.019361647241357624,-0.10234056073294698,-0.08648321012454226,-0.1397660140756943,0.09957472089865742,-0.14386413063959638,0.05885052421025111,0.00997298114016498,0.00987085608734117,-0.025719429950527825,-0.04851506301245002,0.004295027343783278
HCSLAYGDASTLVVF,HCV,Replication,NS3/4A complex,APITAYAQQTRGLLGCIITSLTGRDKNQVEGEVQIVSTATQTFLATCINGVCWTVYHGAGTRTIASPKGPVIQTYTNVDQDLVGWPAPQGSRSLTPCTCGSSDLYLVTRHADVIPVRRRGDSRGSLLSPRPISYLKGSSGGPLLCPTGHAVGLFRAAVCTRGVAKAVDFIPVENLETTMRSPVFTDNSSPPAVPQSFQVAHLHAPTGSGKSTKVPAAYAAKGYKVLVLNPSVAATLGFGAYMSKAHGVDPNIRTGVRTITTGSPITYSTYGKFLADAGCSGGAYDIIICDECHSTDATSISGIGTVLDQAETAGARLVVLATATPPGSVTVSHPNIEEVALSTTGEIPFYGKAIPLEVIKGGRHLIFCHSKKKCDELAAKLVALGINAVAYYRGLDVSVIPTSGDVVVVSTDALMTGFTGDFDSVIDCNTCVTQTVDFSLDPTFTIETTTLPQDAVSRTQRRGRTGRGKPGIYRFVAPGERPSGMFDSSVLCECYDAGCAWYELTPAETTVRLRAYMNTPGLPVCQDHLGFWEGVFTGLTHIDAHFLSQTKQSGENFPYLVAYQATVCARAQAPPPSWDQMRKCLIRLKPTLHGPTPLLYRLGAVQNEVTLTHPITKYIMTCMSADLEVVTSTWVLVGGVLAALAAYCLSTGCVVIVGRIVLSGKPAIIPDREVLYQEFDEMEEC,20.72326584,0.001,Falviviridae,-1.019952543363105,-1.42793199823716,-2.0142136722706367,0.1095174317335382,-0.5834875624017356,-1.2097498242353633,1.077286419248249,-0.8870511680453034,-0.2674249974031901,-0.03160883720235789,0.075690565764471,-1.0010350781403419,-0.28096547603696026,-0.3603175825910773,-0.21765123748678425,-0.013265100440598875,-0.20819320732823343,-0.24339479050379184,-0.15201076934847665,0.390377183571933,-0.527249454122978,-0.22662833778799454,-0.5220245490537183,-0.0009998989563986527,-0.14312539154771792,-0.12232090688525593,-0.19527703049502468,0.08231168474417191,-0.2219710479174788,0.061413880549823656,0.04191707277185744,0.000648230254175182,-0.018773611084807226,-0.005767067777091846,-0.0224957733059569
HCIYATTNDALIFSV,HCV,Replication,NS3/4A complex,APITAYAQQTRGLLGCIITSLTGRDKNQVEGEVQIVSTATQTFLATCINGVCWTVYHGAGTRTIASPKGPVIQTYTNVDQDLVGWPAPQGSRSLTPCTCGSSDLYLVTRHADVIPVRRRGDSRGSLLSPRPISYLKGSSGGPLLCPTGHAVGLFRAAVCTRGVAKAVDFIPVENLETTMRSPVFTDNSSPPAVPQSFQVAHLHAPTGSGKSTKVPAAYAAKGYKVLVLNPSVAATLGFGAYMSKAHGVDPNIRTGVRTITTGSPITYSTYGKFLADAGCSGGAYDIIICDECHSTDATSISGIGTVLDQAETAGARLVVLATATPPGSVTVSHPNIEEVALSTTGEIPFYGKAIPLEVIKGGRHLIFCHSKKKCDELAAKLVALGINAVAYYRGLDVSVIPTSGDVVVVSTDALMTGFTGDFDSVIDCNTCVTQTVDFSLDPTFTIETTTLPQDAVSRTQRRGRTGRGKPGIYRFVAPGERPSGMFDSSVLCECYDAGCAWYELTPAETTVRLRAYMNTPGLPVCQDHLGFWEGVFTGLTHIDAHFLSQTKQSGENFPYLVAYQATVCARAQAPPPSWDQMRKCLIRLKPTLHGPTPLLYRLGAVQNEVTLTHPITKYIMTCMSADLEVVTSTWVLVGGVLAALAAYCLSTGCVVIVGRIVLSGKPAIIPDREVLYQEFDEMEEC,20.72326584,0.001,Falviviridae,-1.0019875779604581,-1.3866852567726524,-1.6056139678301924,0.1754988278856777,-0.5161319003943227,-0.9352276716868498,1.1789158251449519,-0.6088835780419697,-0.5457629926493052,-0.26852065221316906,0.18090538476577211,-0.8314530747440574,-0.36704604188606743,-0.3319945955395785,-0.37637775696463444,-2.5865084768615847e-05,-0.2602664152965836,-0.03818047896009605,-0.13486170988276508,-0.056674463245059564,0.18673559650328478,-0.08207708378385893,-0.1403542421739745,0.0017866076652559568,-0.13477361740776758,-0.057580153526354864,-0.18936578407498814,0.0921285073061172,-0.12899540433327375,0.0616696897040201,-0.017049721697179516,-0.07231541223736536,0.028905107105673403,0.03664705568652485,0.007308085206359626
GELGRIPSDTYDLAVGALHCPFYLVSGLVYLDG,HCV,Replication,NS3/4A complex,APITAYAQQTRGLLGCIITSLTGRDKNQVEGEVQIVSTATQTFLATCINGVCWTVYHGAGTRTIASPKGPVIQTYTNVDQDLVGWPAPQGSRSLTPCTCGSSDLYLVTRHADVIPVRRRGDSRGSLLSPRPISYLKGSSGGPLLCPTGHAVGLFRAAVCTRGVAKAVDFIPVENLETTMRSPVFTDNSSPPAVPQSFQVAHLHAPTGSGKSTKVPAAYAAKGYKVLVLNPSVAATLGFGAYMSKAHGVDPNIRTGVRTITTGSPITYSTYGKFLADAGCSGGAYDIIICDECHSTDATSISGIGTVLDQAETAGARLVVLATATPPGSVTVSHPNIEEVALSTTGEIPFYGKAIPLEVIKGGRHLIFCHSKKKCDELAAKLVALGINAVAYYRGLDVSVIPTSGDVVVVSTDALMTGFTGDFDSVIDCNTCVTQTVDFSLDPTFTIETTTLPQDAVSRTQRRGRTGRGKPGIYRFVAPGERPSGMFDSSVLCECYDAGCAWYELTPAETTVRLRAYMNTPGLPVCQDHLGFWEGVFTGLTHIDAHFLSQTKQSGENFPYLVAYQATVCARAQAPPPSWDQMRKCLIRLKPTLHGPTPLLYRLGAVQNEVTLTHPITKYIMTCMSADLEVVTSTWVLVGGVLAALAAYCLSTGCVVIVGRIVLSGKPAIIPDREVLYQEFDEMEEC,20.72326584,0.001,Falviviridae,-1.1064938376856308,-1.4419137772589672,-2.0746463831609954,0.018599867223512683,-0.5745792540024232,-0.9192506558022059,1.1882973413664406,-0.851219617495529,-0.2574564984678539,-0.2584102013819828,0.17508000181568617,-0.5857432816493263,0.026967462567989594,-0.3859853488913376,-0.31814748539638243,0.12193563263188605,-0.20078404089817237,-0.11577348180973995,0.05559329507104042,0.24835223180099153,-0.1818828957383184,0.004632168371538848,-0.07300042157132977,-0.09030838761342919,0.0550394778785076,0.021153423557415344,-0.020868041361720154,0.13649555510043662,0.12390305614738258,-0.1284037747948697,-0.016871896704313438,0.00213101742779808,0.014950472242828595,-0.006414649665659958,-0.009199689866684327
GELDELVYLLDGPGYDPIHCDVVTRGGSRLFNF,HCV,Replication,NS3/4A complex,APITAYAQQTRGLLGCIITSLTGRDKNQVEGEVQIVSTATQTFLATCINGVCWTVYHGAGTRTIASPKGPVIQTYTNVDQDLVGWPAPQGSRSLTPCTCGSSDLYLVTRHADVIPVRRRGDSRGSLLSPRPISYLKGSSGGPLLCPTGHAVGLFRAAVCTRGVAKAVDFIPVENLETTMRSPVFTDNSSPPAVPQSFQVAHLHAPTGSGKSTKVPAAYAAKGYKVLVLNPSVAATLGFGAYMSKAHGVDPNIRTGVRTITTGSPITYSTYGKFLADAGCSGGAYDIIICDECHSTDATSISGIGTVLDQAETAGARLVVLATATPPGSVTVSHPNIEEVALSTTGEIPFYGKAIPLEVIKGGRHLIFCHSKKKCDELAAKLVALGINAVAYYRGLDVSVIPTSGDVVVVSTDALMTGFTGDFDSVIDCNTCVTQTVDFSLDPTFTIETTTLPQDAVSRTQRRGRTGRGKPGIYRFVAPGERPSGMFDSSVLCECYDAGCAWYELTPAETTVRLRAYMNTPGLPVCQDHLGFWEGVFTGLTHIDAHFLSQTKQSGENFPYLVAYQATVCARAQAPPPSWDQMRKCLIRLKPTLHGPTPLLYRLGAVQNEVTLTHPITKYIMTCMSADLEVVTSTWVLVGGVLAALAAYCLSTGCVVIVGRIVLSGKPAIIPDREVLYQEFDEMEEC,20.72326584,0.001,Falviviridae,-0.9448222358252963,-1.3605881150361168,-1.4056431847201158,0.005033877626918959,-0.5917855214223071,-0.6693573169837187,1.1527417819448613,-0.6126614153751045,-0.6574546675730654,-0.7391155488729295,0.1998738835210131,-0.5188932491117093,-0.13874948412804045,-0.22544458583494556,-0.2799787002146746,-0.08088875113196829,-0.33091483785511033,-0.22308344005613387,-0.12792324321131177,-0.006985627497980516,0.3391594203226676,0.05484960070592334,0.16595990770070643,0.18817221462666314,0.045286516495293,0.10795723394419089,0.26874891407220436,-0.26943258406472587,-0.07688406556879314,0.12522137228106858,-0.015165967541307763,0.016803539811968388,-0.012924628001287292,-0.008767321626080196,0.03133486822537709
ACFPWGKEYCGGK,HCV,RdRp,RNA-dependent RNA polymerase (NS5B),SMSYSWTGALVTPCAAEEQKLPINALSNSLLRHHNLVYSTTSRSACQRKKKVTFDRLQVLDSHYQDVLKEVKAAASKVKANLLSVEEACSLAPPHSAKSKFGYGAKDVRCHARKAVAHINSVWKDLLEDSVTPIDTTIMAKNEVFCVQPEKGGRKPARLIVFPDLGVRVCEKMALYDVVSKLPLAVMGSSYGFQYSPGQRVEFLVQAWKSKKTPMGLSYDTRCFDSTVTESDIRTEEAIYQCCDLDPQARVAIKSLTERLYVGGPLTNSRGENCGYRRCRASRVLTTSCGNTLTRYIKARAACRAAGLQDCTMLVCGDDLVVICESAGVQEDAASLRAFTEAMTRYSAPPGDPPQPEYDLELITSCSSNVSVAHDGAGKRVYYLTRDPTTPLARAAWETARHTPVNSWLGNIIMFAPTLWARMILMTHFFSVLIARDQLEQALNCEIYGACYSIEPLDLPPIIQRLHGLSAFSLHSYSPGEINRVAACLRKLGVPPLRAWRHRAWSVRARLLARGGKAAICGKYLFNWAVRTKLKLTPITAAGRLDLSGWFTAGYSGGDIYHSVSHARPRWFWFCLLLLAAGVGIYLLPNR,10.7244681,22.0,Falviviridae,-3.41497845138737,3.3270160000175344,-1.1693212927983505,0.15865142912163394,0.24852479298510233,0.9670326689369829,0.2642467066681801,1.9042818167817868,2.1703716717536357,-1.179375597529815,-0.6703363713830784,-0.40694512834299645,0.4197968493664145,0.05194935318731464,-0.24392894554752345,0.16963131516136642,0.1258456471558011,-0.21240484707841686,-0.09597925157587979,-0.5535428858207123,0.163498321441547,-0.35057736895236796,-0.43798533257662475,-0.2514059050833818,0.205611676687876,-0.15001244123267762,0.25222206012740217,0.15008543824170223,0.1571226812661844,0.18308177530180944,0.22201256181064938,-0.0980377504504967,0.07020972888774253,0.010048991664618269,0.011920214088871312
ACFPWGNTWCGGK,HCV,RdRp,RNA-dependent RNA polymerase (NS5B),SMSYSWTGALVTPCAAEEQKLPINALSNSLLRHHNLVYSTTSRSACQRKKKVTFDRLQVLDSHYQDVLKEVKAAASKVKANLLSVEEACSLAPPHSAKSKFGYGAKDVRCHARKAVAHINSVWKDLLEDSVTPIDTTIMAKNEVFCVQPEKGGRKPARLIVFPDLGVRVCEKMALYDVVSKLPLAVMGSSYGFQYSPGQRVEFLVQAWKSKKTPMGLSYDTRCFDSTVTESDIRTEEAIYQCCDLDPQARVAIKSLTERLYVGGPLTNSRGENCGYRRCRASRVLTTSCGNTLTRYIKARAACRAAGLQDCTMLVCGDDLVVICESAGVQEDAASLRAFTEAMTRYSAPPGDPPQPEYDLELITSCSSNVSVAHDGAGKRVYYLTRDPTTPLARAAWETARHTPVNSWLGNIIMFAPTLWARMILMTHFFSVLIARDQLEQALNCEIYGACYSIEPLDLPPIIQRLHGLSAFSLHSYSPGEINRVAACLRKLGVPPLRAWRHRAWSVRARLLARGGKAAICGKYLFNWAVRTKLKLTPITAAGRLDLSGWFTAGYSGGDIYHSVSHARPRWFWFCLLLLAAGVGIYLLPNR,11.2505612,13.0,Falviviridae,-3.493243447828234,3.4622889382183404,-1.2453568162489435,0.2697642613864818,0.11287612936137291,1.2270129544033312,0.4202057697087113,2.170988771225755,2.451573894209295,-1.3602589400792353,-1.0095619398450248,-0.36965854969527223,0.11989864447911598,0.18564203885058198,-0.6798657676904557,-0.16018431476670653,0.17300387598259487,-0.19638789181739758,-0.04827767239320523,-0.08710586124339889,-0.020558543485637217,0.2601040457312047,-0.05355325853752356,0.22288062772951142,0.1334268051762792,-0.008875833129234465,-0.012948416635280362,0.05080767764599164,-0.030975352357125067,-0.0060285531653546005,-0.005955540855961195,0.03447857042512972,-0.09368331792261594,0.0028727498113713928,-0.011734233771414228
ACFPWGNQWCGGK,HCV,RdRp,RNA-dependent RNA polymerase (NS5B),SMSYSWTGALVTPCAAEEQKLPINALSNSLLRHHNLVYSTTSRSACQRKKKVTFDRLQVLDSHYQDVLKEVKAAASKVKANLLSVEEACSLAPPHSAKSKFGYGAKDVRCHARKAVAHINSVWKDLLEDSVTPIDTTIMAKNEVFCVQPEKGGRKPARLIVFPDLGVRVCEKMALYDVVSKLPLAVMGSSYGFQYSPGQRVEFLVQAWKSKKTPMGLSYDTRCFDSTVTESDIRTEEAIYQCCDLDPQARVAIKSLTERLYVGGPLTNSRGENCGYRRCRASRVLTTSCGNTLTRYIKARAACRAAGLQDCTMLVCGDDLVVICESAGVQEDAASLRAFTEAMTRYSAPPGDPPQPEYDLELITSCSSNVSVAHDGAGKRVYYLTRDPTTPLARAAWETARHTPVNSWLGNIIMFAPTLWARMILMTHFFSVLIARDQLEQALNCEIYGACYSIEPLDLPPIIQRLHGLSAFSLHSYSPGEINRVAACLRKLGVPPLRAWRHRAWSVRARLLARGGKAAICGKYLFNWAVRTKLKLTPITAAGRLDLSGWFTAGYSGGDIYHSVSHARPRWFWFCLLLLAAGVGIYLLPNR,12.02375109,6.0,Falviviridae,-3.2972289540940443,3.027310996619197,-1.1327351116101816,0.22378316002018062,0.3749486438044599,1.1158072384353468,0.48458092533443453,2.22293545073347,2.465567763333283,-1.2147841505202746,-0.9947622242900932,-0.689749901678248,0.5725442628154602,0.26368784285220037,-0.7163221166055268,-0.3099038041270561,0.2611682015697627,-0.1868623931592803,-0.11014385696751658,0.30238941277248577,-0.07484171500109521,0.24823715390946374,0.21707608150301813,0.07969984161504962,-0.04191858690564977,0.11751858544499776,-0.3023354106153059,-0.19099260216667538,-0.12153851598746386,-0.16802631246241204,-0.0878079052735395,0.09353622326554044,0.03806475916952539,-0.016953632913742807,0.0011487778582141598
GICRCICGRGICRCICGRIGGRVPGVGVPGVGHHHHHH,DENV 2,Replication,NS2B-NS3 protease,SWPLNEAIMAVGMVSILASSLLKNDIPMTGPLVAGGLLTVCYVLTGRSADLELERAADVKWEDQAEISGSSPILSITISEDGSMSIKNEEEEQTLTILIRTGLLVISGLFPVSIPITAAAWYLWEVKKQRAGVLWDVPSPPPVGKAELEDGAYRIKQKGILGYSQIGAGVYKEGTFHTMWHVTRGAVLMHKGKRIEPSWADVKKDLISYGGGWKLEGEWKEGEEVQVLALEPGKNPRAVQTKPGLFKTNAGTIGAVSLDFSPGTSGSPIIDKKGKVVGLYGNGVVTRSGAYVSAIAQTEKSIEDNPEIEDDIFRKRKLTIMDLHPGAGKTKRYLPAIVREAIKRGLRTLILAPTRVVAAEMEEALRGLPIRYQTPAIRAEHTGREIVDLMCHATFTMRLLSPVRVPNYNLIIMDEAHFTDPASIAARGYISTRVEMGEAAGIFMTATPPGSRDPFPQSNAPIMDEEREIPERSWSSGHEWVTDFKGKTVWFVPSIKAGNDIAACLRKNGKKVIQLSRKTFDSEYVKTRTNDWDFVVTTDISEMGANFKAERVIDPRRCMKPVILTDGEERVILAGPMPVTHSSAAQRRGRIGRNPKNENDQYIYMGEPLENDEDCAHWKEAKMLLDNINTPEGIIPSMFEPEREKVDAIDGEYRLRGEARKTFVDLMRRGDLPVWLAYRVAAEGINYADRRWCFDGIKNNQILEENVEVEIWTKEGERKKLKPRWLDAKIYSDPLALKEFKEFAAGRK,10.75211964,21.4,Falviviridae,-4.754559356489483,5.977601877411112,-0.04717874197066338,-0.401449764588557,0.0767773956862278,-3.0424716502388445,-1.708841510063401,-1.3117347368502619,-0.07308265393830594,0.0090621477195609,-0.9049494039153073,1.1074665952941773,-1.797173070691866,0.41979227593763574,-0.4744041933207049,-0.3849203392020453,0.17380138686800742,0.8252532790487531,-0.19910982081536677,0.22065888075460913,-0.3061341849101438,0.016469265947849792,0.20506022314469338,0.7789956453641831,-0.2393024729308906,0.09273481694079096,0.07737381503748313,0.15176201013435558,0.08158166435576265,0.03654181178650739,-0.06577011526440449,-0.07817890221169498,0.01395267734145655,0.004333012231622673,0.00406142810658984
VRLGSISVIGIVRGKK,HCV,NS2/3 protease,NS2/3,LDTEVAASCGGVVLVGLMALTLSPYYKRYISWCMWWLQYFLTRVEAQLHVWVPPLNVRGGRDAVILLTCVVHPALVFDITKLLLAIFGPLWILQASLLKVPYFVRVQGLLRICALARKIAGGHYVQMAIIKLGALTGTCVYNHLAPLRDWAHNGLRDLAVAVEPVVFSRMETKLITWGADTAACGDIINGLPVSARRGQEILLGPADGMVSKGWRLLAPITAYAQQTRGLLGCIITSLTGRDKNQVEGEVQIVSTATQTFLATCINGVCWTVYHGAGTRTIASPKGPVIQTYTNVDQDLVGWPAPQGSRSLTPCTCGSSDLYLVTRHADVIPVRRRGDSRGSLLSPRPISYLKGSSGGPLLCPTGHAVGLFRAAVCTRGVAKAVDFIPVENLETTMRSPVFTDNSSPPAVPQSFQVAHLHAPTGSGKSTKVPAAYAAKGYKVLVLNPSVAATLGFGAYMSKAHGVDPNIRTGVRTITTGSPITYSTYGKFLADAGCSGGAYDIIICDECHSTDATSISGIGTVLDQAETAGARLVVLATATPPGSVTVSHPNIEEVALSTTGEIPFYGKAIPLEVIKGGRHLIFCHSKKKCDELAAKLVALGINAVAYYRGLDVSVIPTSGDVVVVSTDALMTGFTGDFDSVIDCNTCVTQTVDFSLDPTFTIETTTLPQDAVSRTQRRGRTGRGKPGIYRFVAPGERPSGMFDSSVLCECYDAGCAWYELTPAETTVRLRAYMNTPGLPVCQDHLGFWEGVFTGLTHIDAHFLSQTKQSGENFPYLVAYQATVCARAQAPPPSWDQMRKCLIRLKPTLHGPTPLLYRLGAVQNEVTLTHPITKYIMTCMSADLEVVT,8.895529632,137.0,Falviviridae,-0.22215656662412486,-0.9519518988712964,-0.4531779376773334,-0.8646890678698136,-1.3829934853559283,0.12073556694923537,1.0100049697683746,-1.9840923392637273,2.6796239237573722,1.6795375158161194,0.8841090595862598,1.2589053041077145,0.41291572039160757,0.1357519670041181,0.00885708671305373,0.022213510439246655,0.003469978384409326,-0.017428484331886363,0.02832592784669385,-0.056216330119878415,0.12143384309360163,0.06731613970080069,0.1185822300479212,-0.008952999903825237,-0.028506229394326482,-0.03111636496892871,-0.07046308264705212,0.05626971930289192,0.04919430876860869,0.05159121324413297,0.04183646115558294,-0.07125908321271426,-0.038256506757715976,-0.002352442137694669,-0.005226736084498044
KGSVVIVGRIILSGRK,HCV,NS2/3 protease,NS2/3,LDTEVAASCGGVVLVGLMALTLSPYYKRYISWCMWWLQYFLTRVEAQLHVWVPPLNVRGGRDAVILLTCVVHPALVFDITKLLLAIFGPLWILQASLLKVPYFVRVQGLLRICALARKIAGGHYVQMAIIKLGALTGTCVYNHLAPLRDWAHNGLRDLAVAVEPVVFSRMETKLITWGADTAACGDIINGLPVSARRGQEILLGPADGMVSKGWRLLAPITAYAQQTRGLLGCIITSLTGRDKNQVEGEVQIVSTATQTFLATCINGVCWTVYHGAGTRTIASPKGPVIQTYTNVDQDLVGWPAPQGSRSLTPCTCGSSDLYLVTRHADVIPVRRRGDSRGSLLSPRPISYLKGSSGGPLLCPTGHAVGLFRAAVCTRGVAKAVDFIPVENLETTMRSPVFTDNSSPPAVPQSFQVAHLHAPTGSGKSTKVPAAYAAKGYKVLVLNPSVAATLGFGAYMSKAHGVDPNIRTGVRTITTGSPITYSTYGKFLADAGCSGGAYDIIICDECHSTDATSISGIGTVLDQAETAGARLVVLATATPPGSVTVSHPNIEEVALSTTGEIPFYGKAIPLEVIKGGRHLIFCHSKKKCDELAAKLVALGINAVAYYRGLDVSVIPTSGDVVVVSTDALMTGFTGDFDSVIDCNTCVTQTVDFSLDPTFTIETTTLPQDAVSRTQRRGRTGRGKPGIYRFVAPGERPSGMFDSSVLCECYDAGCAWYELTPAETTVRLRAYMNTPGLPVCQDHLGFWEGVFTGLTHIDAHFLSQTKQSGENFPYLVAYQATVCARAQAPPPSWDQMRKCLIRLKPTLHGPTPLLYRLGAVQNEVTLTHPITKYIMTCMSADLEVVT,12.07504438,5.7,Falviviridae,-0.22215656662412497,-0.9519518988712968,-0.4531779376773336,-0.8646890678698137,-1.3829934853559283,0.12073556694923585,1.010004969768374,-1.9840923392637266,2.6796239237573722,1.6795375158161194,0.8841090595862603,1.2589053041077143,0.41291572039160734,0.1357519670041182,0.008857086713053821,0.022213510439246884,0.003469978384409165,-0.017428484331886266,0.028325927846693577,-0.05621633011987851,0.12143384309360168,0.0673161397008008,0.11858223004792107,-0.00895299990382529,-0.028506229394326534,-0.031116364968928615,-0.07046308264705205,0.056269719302892166,0.04919430876860882,0.05159121324413295,0.04183646115558282,-0.07125908321271422,-0.038256506757716,-0.0023524421376948023,-0.005226736084497819
RGGSVVIVGRIILSGRK,HCV,NS2/3 protease,NS2/3,LDTEVAASCGGVVLVGLMALTLSPYYKRYISWCMWWLQYFLTRVEAQLHVWVPPLNVRGGRDAVILLTCVVHPALVFDITKLLLAIFGPLWILQASLLKVPYFVRVQGLLRICALARKIAGGHYVQMAIIKLGALTGTCVYNHLAPLRDWAHNGLRDLAVAVEPVVFSRMETKLITWGADTAACGDIINGLPVSARRGQEILLGPADGMVSKGWRLLAPITAYAQQTRGLLGCIITSLTGRDKNQVEGEVQIVSTATQTFLATCINGVCWTVYHGAGTRTIASPKGPVIQTYTNVDQDLVGWPAPQGSRSLTPCTCGSSDLYLVTRHADVIPVRRRGDSRGSLLSPRPISYLKGSSGGPLLCPTGHAVGLFRAAVCTRGVAKAVDFIPVENLETTMRSPVFTDNSSPPAVPQSFQVAHLHAPTGSGKSTKVPAAYAAKGYKVLVLNPSVAATLGFGAYMSKAHGVDPNIRTGVRTITTGSPITYSTYGKFLADAGCSGGAYDIIICDECHSTDATSISGIGTVLDQAETAGARLVVLATATPPGSVTVSHPNIEEVALSTTGEIPFYGKAIPLEVIKGGRHLIFCHSKKKCDELAAKLVALGINAVAYYRGLDVSVIPTSGDVVVVSTDALMTGFTGDFDSVIDCNTCVTQTVDFSLDPTFTIETTTLPQDAVSRTQRRGRTGRGKPGIYRFVAPGERPSGMFDSSVLCECYDAGCAWYELTPAETTVRLRAYMNTPGLPVCQDHLGFWEGVFTGLTHIDAHFLSQTKQSGENFPYLVAYQATVCARAQAPPPSWDQMRKCLIRLKPTLHGPTPLLYRLGAVQNEVTLTHPITKYIMTCMSADLEVVT,12.59173513,3.4,Falviviridae,-0.27027813142870816,-0.9446184731246748,-0.44416694425219644,-0.9455631556537305,-1.39205805563608,0.1934020383281913,0.9771591296020321,-2.0045805391021068,2.739363145532001,1.7267614280417931,0.9193790179116793,1.2030299172271746,0.3277215063422144,0.0946867322873625,0.2020511187524583,0.15132616836433727,-0.14238845955990195,-0.07137875504887223,0.00045015253505163445,0.03365257290411758,-0.002192338656652,0.08932086268410176,-0.09307762470310381,0.05495885982185901,-0.030109952515934072,0.06035488931631008,0.05405294720436803,-0.14438085442196028,-0.16716061292552262,0.0635797834358096,-0.046488865966797216,0.14864600270620126,0.07474673844544191,0.00484046581585502,0.01049599288616467
RGGRLCYCRRRFCVCVGR,DENV 2,Replication,NS2B-NS3pro,SWPLNEAIMAVGMVSILASSLLKNDIPMTGPLVAGGLLTVCYVLTGRSADLELERAADVKWEDQAEISGSSPILSITISEDGSMSIKNEEEEQTLTILIRTGLLVISGLFPVSIPITAAAWYLWEVKKQRAGVLWDVPSPPPVGKAELEDGAYRIKQKGILGYSQIGAGVYKEGTFHTMWHVTRGAVLMHKGKRIEPSWADVKKDLISYGGGWKLEGEWKEGEEVQVLALEPGKNPRAVQTKPGLFKTNAGTIGAVSLDFSPGTSGSPIIDKKGKVVGLYGNGVVTRSGAYVSAIAQTEKSIEDNPEIEDDIFRKRKLTIMDLHPGAGKTKRYLPAIVREAIKRGLRTLILAPTRVVAAEMEEALRGLPIRYQTPAIRAEHTGREIVDLMCHATFTMRLLSPVRVPNYNLIIMDEAHFTDPASIAARGYISTRVEMGEAAGIFMTATPPGSRDPFPQSNAPIMDEEREIPERSWSSGHEWVTDFKGKTVWFVPSIKAGNDIAACLRKNGKKVIQLSRKTFDSEYVKTRTNDWDFVVTTDISEMGANFKAERVIDPRRCMKPVILTDGEERVILAGPMPVTHSSAAQRRGRIGRNPKNENDQYIYMGEPLENDEDCAHWKEAKMLLDNINTPEGIIPSMFEPEREKVDAIDGEYRLRGEARKTFVDLMRRGDLPVWLAYRVAAEGINYADRRWCFDGIKNNQILEENVEVEIWTKEGERKKLKPRWLDAKIYSDPLALKEFKEFAAGRK,11.35592172,11.7,Falviviridae,-3.6680899911202403,8.46414650496713,1.138050873638934,0.5716757868547397,-0.1310925871114156,-3.7903643299642322,-1.599024326155534,-0.1631939922136218,-0.436120100930198,0.14931558596277372,2.9159128858521766,-1.1896718292762825,2.268325872343606,-0.06419245477461348,0.8548213609804154,-0.47803018906726047,-0.21265488806715346,0.27853505720840194,-0.13480168182523214,-0.25253967095657975,0.07852311652028415,-0.42373051127052486,0.006240654234789037,-0.20033036360111162,-0.09012558837166805,-0.03289539965795007,0.02531154598952592,-0.035940129321731365,0.018645198400881188,-0.007258124614639794,-0.10655380698572743,0.022238885767438064,-0.019375285934612182,-0.00045586816925268257,-0.0017461616125433205
MAILGDTAWDFGSLGGVFTSIGKALHQVFGAIY,DENV 2,Virucidal,dengue virus envelope (E) glycoprotein.,MRCIGISNRDFVEGVSGGSWVDIVLEHGSCVTTMAKNKPTLDFELIETEAKQPATLRKYCIEAKLTNTTTDSRCPTQGEPSLNEEQDKRFVCKHSMVDRGWGNGCGLFGKGGIVTCAMFTCKKNMKGKVVQPENLEYTIVITPHSGEEHAVGNDTGKHGKEIKITPQSSITEAELTGYGTVTMECSPRTGLDFNEMVLLQMENKAWLVHRQWFLDLPLPWLPGADTQGSNWIQKETLVTFKNPHAKKQDVVVLGSQEGAMHTALTGATEIQMSSGNLLFTGHLKCRLRMDKLQLKGMSYSMCTGKFKVVKEIAETQHGTIVIRVQYEGDGSPCKIPFEIMDLEKRHVLGRLITVNPIVTEKDSPVNIEAEPPFGDSYIIIGVEPGQLKLNWFKKGSSIGQMIETTMRGAKRMAILGDTAWDFGSLGGVFTSIGKALHQVFGAIYGAAFSGVSWIMKILIGVIITWIGMNSRSTSLSVSLVLVGVVTLYLGVMVQA,12.56274759,3.5,Falviviridae,-0.39018639822586165,-0.743554187305415,-1.6710947928097,-1.4524607206116091,-1.0819342676977741,-0.8127075659454055,0.9872385229294655,-0.6224771193664284,0.5519659941469216,-0.25142326731105313,-0.7522585493895798,-1.053221701229652,-1.037957701710444,-1.0746939827476873,0.9062205328669715,-0.6356911577046507,1.6193041452441737,1.2370816335330654,0.9875332948460048,-0.6410432628089702,-0.3994918371345492,0.14268393684711067,-0.08133549716473695,-0.3782132003521969,-0.15182876443285756,0.043845164517797665,-0.008880393595713732,-0.2490003253747858,0.05171672947881516,0.0036827750025363467,0.018707274003938946,0.007925426370048526,-0.007922640255502947,-0.005452229583668369,0.0007192574613628922
RQMRAWGQDYQHGGMGYSC,DENV 2,Virus entry,dengue 2 virus (DENV-2) envelope (E) protein.,MRCIGISNRDFVEGVSGGSWVDIVLEHGSCVTTMAKNKPTLDFELIETEAKQPATLRKYCIEAKLTNTTTDSRCPTQGEPSLNEEQDKRFVCKHSMVDRGWGNGCGLFGKGGIVTCAMFTCKKNMKGKVVQPENLEYTIVITPHSGEEHAVGNDTGKHGKEIKITPQSSITEAELTGYGTVTMECSPRTGLDFNEMVLLQMENKAWLVHRQWFLDLPLPWLPGADTQGSNWIQKETLVTFKNPHAKKQDVVVLGSQEGAMHTALTGATEIQMSSGNLLFTGHLKCRLRMDKLQLKGMSYSMCTGKFKVVKEIAETQHGTIVIRVQYEGDGSPCKIPFEIMDLEKRHVLGRLITVNPIVTEKDSPVNIEAEPPFGDSYIIIGVEPGQLKLNWFKKGSSIGQMIETTMRGAKRMAILGDTAWDFGSLGGVFTSIGKALHQVFGAIYGAAFSGVSWIMKILIGVIITWIGMNSRSTSLSVSLVLVGVVTLYLGVMVQA,10.23199162,36.0,Falviviridae,-1.3950815946500037,-0.5603133950280774,2.141484726809491,2.3424218766969584,0.04024311398338511,-2.2915617331396017,0.8449002715220638,0.45738822363475634,1.021137772610288,-0.46873575170741977,-0.4452183618257946,-1.1751135351164932,-1.374369246864506,0.9794487580840082,2.738427489279136,0.30549134678969925,-0.5088443635853968,-0.7995536755653305,-0.35032766807079224,0.1650518044284042,0.021774635927441534,0.5082919160749196,0.08969834481504878,0.028791203617778434,-0.007765964986036429,0.08807410416221542,-0.1197850599902693,0.039263118029433074,0.12265664744113734,0.03640760118180717,0.06995604075801481,0.01169815464309305,0.004102524721394164,-0.0005313274471183557,-0.00024851406402910924
RWMVWRHWFHRLRLPYNPGKNKQNQQWP,DENV 2,Virus entry,dengue 2 virus (DENV-2) envelope (E) protein.,MRCIGISNRDFVEGVSGGSWVDIVLEHGSCVTTMAKNKPTLDFELIETEAKQPATLRKYCIEAKLTNTTTDSRCPTQGEPSLNEEQDKRFVCKHSMVDRGWGNGCGLFGKGGIVTCAMFTCKKNMKGKVVQPENLEYTIVITPHSGEEHAVGNDTGKHGKEIKITPQSSITEAELTGYGTVTMECSPRTGLDFNEMVLLQMENKAWLVHRQWFLDLPLPWLPGADTQGSNWIQKETLVTFKNPHAKKQDVVVLGSQEGAMHTALTGATEIQMSSGNLLFTGHLKCRLRMDKLQLKGMSYSMCTGKFKVVKEIAETQHGTIVIRVQYEGDGSPCKIPFEIMDLEKRHVLGRLITVNPIVTEKDSPVNIEAEPPFGDSYIIIGVEPGQLKLNWFKKGSSIGQMIETTMRGAKRMAILGDTAWDFGSLGGVFTSIGKALHQVFGAIYGAAFSGVSWIMKILIGVIITWIGMNSRSTSLSVSLVLVGVVTLYLGVMVQA,11.73606902,8.0,Falviviridae,-1.9628777463255196,-1.1501640834653122,5.8581557106222295,7.498699618274691,2.7744230425009375,-0.7275816006703905,3.4198806758025566,1.2781252681655844,-0.5152944773153819,1.1191903766938418,0.3176023784174391,1.1582708003843705,-0.002527190878668866,0.003241062298819386,-0.9979219967616628,-0.2627341683249313,0.031569734813430325,0.17630262681926956,-0.1474330520480875,-0.05102504697194079,-0.4136570513777935,0.23376897714422565,-0.2583104983439122,-0.2883009972402746,-0.4332116999511159,0.012841804303992862,0.11191181257192523,-0.09627859000706894,0.16384923136884094,0.07796548735351187,-0.020739952374751593,0.013666929844371945,0.0025982067043076947,-0.002750369463854985,0.0005666548083150541
FWFTLIKTQAKQPARYRRFC,DENV 2,Antibody dependent enhancement effect,DENV surface E glycoprotein,MRCIGISNRDFVEGVSGGSWVDIVLEHGSCVTTMAKNKPTLDFELIETEAKQPATLRKYCIEAKLTNTTTDSRCPTQGEPSLNEEQDKRFVCKHSMVDRGWGNGCGLFGKGGIVTCAMFTCKKNMKGKVVQPENLEYTIVITPHSGEEHAVGNDTGKHGKEIKITPQSSITEAELTGYGTVTMECSPRTGLDFNEMVLLQMENKAWLVHRQWFLDLPLPWLPGADTQGSNWIQKETLVTFKNPHAKKQDVVVLGSQEGAMHTALTGATEIQMSSGNLLFTGHLKCRLRMDKLQLKGMSYSMCTGKFKVVKEIAETQHGTIVIRVQYEGDGSPCKIPFEIMDLEKRHVLGRLITVNPIVTEKDSPVNIEAEPPFGDSYIIIGVEPGQLKLNWFKKGSSIGQMIETTMRGAKRMAILGDTAWDFGSLGGVFTSIGKALHQVFGAIYGAAFSGVSWIMKILIGVIITWIGMNSRSTSLSVSLVLVGVVTLYLGVMVQA,12.71689827,3.0,Falviviridae,-1.489114159244744,-0.8509315703711464,3.4912607489992182,4.4689593546743716,1.0825403905622253,-0.8743945316246399,2.413522072162922,0.5709890838256408,0.038435744757457466,0.8051733581905771,0.20411733789937597,-0.007815864410238188,-0.33055562923972087,-0.3910077779805395,0.28826350737916645,0.009449929143054979,0.4608681586513024,0.24389271586905975,0.8291961345623838,0.14757667584521825,0.4114218979888738,-0.5097866223100375,0.300134581597572,0.31600508452941156,0.801318374360717,-0.05730244477447536,-0.027257246970433666,0.08359861638519257,-0.3198364937633761,-0.14890600474840626,0.016899982667915935,-0.026234952546577067,0.0009406409417215221,0.008501640494350772,-0.0015644179525430455
AAQRRGRVGRNPNQVGD,HCV,Replication,NS3 helicase,APITAYAQQTRGLLGCIITSLTGRDKNQVEGEVQIVSTATQTFLATCINGVCWTVYHGAGTRTIASPKGPVIQTYTNVDQDLVGWPAPQGSRSLTPCTCGSSDLYLVTRHADVIPVRRRGDSRGSLLSPRPISYLKGSSGGPLLCPTGHAVGLFRAAVCTRGVAKAVDFIPVENLETTMRSPVFTDNSSPPAVPQSFQVAHLHAPTGSGKSTKVPAAYAAKGYKVLVLNPSVAATLGFGAYMSKAHGVDPNIRTGVRTITTGSPITYSTYGKFLADAGCSGGAYDIIICDECHSTDATSISGIGTVLDQAETAGARLVVLATATPPGSVTVSHPNIEEVALSTTGEIPFYGKAIPLEVIKGGRHLIFCHSKKKCDELAAKLVALGINAVAYYRGLDVSVIPTSGDVVVVSTDALMTGFTGDFDSVIDCNTCVTQTVDFSLDPTFTIETTTLPQDAVSRTQRRGRTGRGKPGIYRFVAPGERPSGMFDSSVLCECYDAGCAWYELTPAETTVRLRAYMNTPGLPVCQDHLGFWEGVFTGLTHIDAHFLSQTKQSGENFPYLVAYQATVCARAQAPPPSWDQMRKCLIRLKPTLHGPTPLLYRLGAVQNEVTLTHPITKYIMTCMSADLEVVT,7.724200676000001,442.0,Falviviridae,-0.5229861779941927,-1.278009088580678,1.0753399483089057,-1.211531214736398,-0.1826899968709302,0.7269148040085526,0.6359400549558023,-0.34419994871496506,-0.7128498838928371,-1.9299107402739872,0.1517571151337494,1.510201496624707,0.6114296575168432,0.6255935228522259,0.4446899748858807,-0.11958779910758889,0.3252893050808756,0.11843931006444237,0.021162717971849064,0.1836748761979262,-0.3607021000266274,-0.05949951333149885,-0.1390104208712815,-0.056884989486476634,0.00034112574461347067,-0.0639335319889752,-0.15481022341092543,0.1336787731514919,-0.0250085854492911,-0.07736958367946802,-0.002438705230489433,0.01560489305327805,-0.01985442794909452,0.034100587350841705,0.011219219650169067
RNPSQVGD,WNV,Replication,NS3 helicase,GGVLWDTPSPKEYKKGDTTTGVYRIMTRGLLGSYQAGAGVMVEGVFHTLWHTTKGAALMSGEGRLDPYWGSVKEDRLCYGGPWKLQHKWNGHDEVQMIVVEPGKNVKNVQTKPGVFKTPEGEIGAVTLDYPTGTSGSPIVDKNGDVIGLYGNGVIMPNGSYISAIVQGERMEEPAPAGFEPEMLRKKQITVLDLHPGAGKTRKILPQIIKEAINKRLRTAVLAPTRVVAAEMSEALRGLPIRYQTSAVHREHSGNEIVDVMCHATLTHRLMSPHRVPNYNLFIMDEAHFTDPASIAARGYIATKVELGEAAAIFMTATPPGTSDPFPESNAPISDMQTEIPDRAWNTGYEWITEYVGKTVWFVPSVKMGNEIALCLQRAGKKVIQLNRKSYETEYPKCKNDDWDFVITTDISEMGANFKASRVIDSRKSVKPTIIEEGDGRVILGEPSAITAASAAQRRGRIGRNPSQVGDEYCYGGHTNEDDSNFAHWTEARIMLDNINMPNGLVAQLYQPEREKVYTMDGEYRLRGEERKNFLEFLRTADLPVWLAYKVAAAGISYHDRKWCFDGPRTNTILEDNNEVEVITKLGERKILRPRWADARVYSDHQALKSFKDFASGKR,7.867475569,383.0,Falviviridae,1.4132816037905935,-5.573750097311847,-0.2116862986260426,-2.73038247666275,6.710868992089504,0.36553872216969036,-0.27406175682741135,0.5993128740056997,1.6876155503460908,0.34208462685607083,-0.4189639508431704,-0.5592102933874996,-0.010805843568115233,0.1576607539880681,0.3489358078578157,-1.3641406011318926,-0.8846964624425669,0.5986894711422458,-0.5629781116885116,0.07939407338244847,0.17202961420581717,-0.2920676495517382,-0.020210391965536385,-0.1162966518464081,-0.03867534453286933,0.0649907421162344,-0.019451174723123493,-0.14279124700972096,0.010941859828335357,-0.1891978099351825,-0.07617220814069971,-0.08999350263702563,-0.017773257806808416,0.008277820953509001,0.002266470415627849
RVGRNPNQVGD,HCV,Replication,NS3 helicase,APITAYAQQTRGLLGCIITSLTGRDKNQVEGEVQIVSTATQTFLATCINGVCWTVYHGAGTRTIASPKGPVIQTYTNVDQDLVGWPAPQGSRSLTPCTCGSSDLYLVTRHADVIPVRRRGDSRGSLLSPRPISYLKGSSGGPLLCPTGHAVGLFRAAVCTRGVAKAVDFIPVENLETTMRSPVFTDNSSPPAVPQSFQVAHLHAPTGSGKSTKVPAAYAAKGYKVLVLNPSVAATLGFGAYMSKAHGVDPNIRTGVRTITTGSPITYSTYGKFLADAGCSGGAYDIIICDECHSTDATSISGIGTVLDQAETAGARLVVLATATPPGSVTVSHPNIEEVALSTTGEIPFYGKAIPLEVIKGGRHLIFCHSKKKCDELAAKLVALGINAVAYYRGLDVSVIPTSGDVVVVSTDALMTGFTGDFDSVIDCNTCVTQTVDFSLDPTFTIETTTLPQDAVSRTQRRGRTGRGKPGIYRFVAPGERPSGMFDSSVLCECYDAGCAWYELTPAETTVRLRAYMNTPGLPVCQDHLGFWEGVFTGLTHIDAHFLSQTKQSGENFPYLVAYQATVCARAQAPPPSWDQMRKCLIRLKPTLHGPTPLLYRLGAVQNEVTLTHPITKYIMTCMSADLEVVT,7.891254761,374.0,Falviviridae,-0.5685796793341461,-1.5061851685365613,0.2587432745822707,-0.9208784997259086,-0.01403125370812176,0.5417356898929259,0.8799517665923443,-0.2469260256525517,-0.931089381128331,-2.2300319199523173,0.3016685796661737,1.4784421120519435,0.6373982019602333,0.6512344244081616,0.44191957193647163,-0.2758008482551262,0.17634188207121598,0.03542043674010298,-0.05080899461775047,0.010091445768801353,-0.020625605832065765,-0.027815783648377272,0.055728400721480525,0.10641824461042587,0.021011393214001823,0.0084462614801036,0.08479573307235132,-0.12773088360613,-0.08292336883409325,0.06535128922015553,-0.018994615827315584,-0.0492471810059136,0.0985710476024414,-0.04920597047545295,-0.01773422551635993
AAQRRGRIGRNPSQVGD,HCV,Replication,NS3 helicase,APITAYAQQTRGLLGCIITSLTGRDKNQVEGEVQIVSTATQTFLATCINGVCWTVYHGAGTRTIASPKGPVIQTYTNVDQDLVGWPAPQGSRSLTPCTCGSSDLYLVTRHADVIPVRRRGDSRGSLLSPRPISYLKGSSGGPLLCPTGHAVGLFRAAVCTRGVAKAVDFIPVENLETTMRSPVFTDNSSPPAVPQSFQVAHLHAPTGSGKSTKVPAAYAAKGYKVLVLNPSVAATLGFGAYMSKAHGVDPNIRTGVRTITTGSPITYSTYGKFLADAGCSGGAYDIIICDECHSTDATSISGIGTVLDQAETAGARLVVLATATPPGSVTVSHPNIEEVALSTTGEIPFYGKAIPLEVIKGGRHLIFCHSKKKCDELAAKLVALGINAVAYYRGLDVSVIPTSGDVVVVSTDALMTGFTGDFDSVIDCNTCVTQTVDFSLDPTFTIETTTLPQDAVSRTQRRGRTGRGKPGIYRFVAPGERPSGMFDSSVLCECYDAGCAWYELTPAETTVRLRAYMNTPGLPVCQDHLGFWEGVFTGLTHIDAHFLSQTKQSGENFPYLVAYQATVCARAQAPPPSWDQMRKCLIRLKPTLHGPTPLLYRLGAVQNEVTLTHPITKYIMTCMSADLEVVT,7.934977572,358.0,Falviviridae,-0.5912553410991417,-1.270353766952409,0.918080473892444,-1.184571961529183,-0.25105268824261395,0.6227093615938011,0.619738047842888,-0.44957069636225583,-0.5950814617453929,-1.7190891849010586,0.08956328665645794,1.3578877335381558,0.5945835405590661,0.5246923635500368,0.3981531977715675,-0.08592859825457615,0.2730128077547148,0.06291646505476316,0.06534082184661615,0.2779192034385644,-0.48293145190913334,-0.06257527315816824,-0.1566733527145325,-0.06976365925584038,0.06372498894497726,-0.07321401388893399,-0.06894719640235791,0.19732905135737827,0.037695897157847144,-0.1004625892578999,-0.012761686408578074,0.03970774508262496,-0.02886703878774562,0.02820180741825415,0.011230270335083939
RGRRGIYR,HCV,Replication,NS3 helicase,APITAYAQQTRGLLGCIITSLTGRDKNQVEGEVQIVSTATQTFLATCINGVCWTVYHGAGTRTIASPKGPVIQTYTNVDQDLVGWPAPQGSRSLTPCTCGSSDLYLVTRHADVIPVRRRGDSRGSLLSPRPISYLKGSSGGPLLCPTGHAVGLFRAAVCTRGVAKAVDFIPVENLETTMRSPVFTDNSSPPAVPQSFQVAHLHAPTGSGKSTKVPAAYAAKGYKVLVLNPSVAATLGFGAYMSKAHGVDPNIRTGVRTITTGSPITYSTYGKFLADAGCSGGAYDIIICDECHSTDATSISGIGTVLDQAETAGARLVVLATATPPGSVTVSHPNIEEVALSTTGEIPFYGKAIPLEVIKGGRHLIFCHSKKKCDELAAKLVALGINAVAYYRGLDVSVIPTSGDVVVVSTDALMTGFTGDFDSVIDCNTCVTQTVDFSLDPTFTIETTTLPQDAVSRTQRRGRTGRGKPGIYRFVAPGERPSGMFDSSVLCECYDAGCAWYELTPAETTVRLRAYMNTPGLPVCQDHLGFWEGVFTGLTHIDAHFLSQTKQSGENFPYLVAYQATVCARAQAPPPSWDQMRKCLIRLKPTLHGPTPLLYRLGAVQNEVTLTHPITKYIMTCMSADLEVVT,8.069307367,313.0,Falviviridae,0.043209027456337416,0.3889729958293078,6.018483477130743,-1.969831564040315,-1.416927464609911,1.4068006537335636,-0.6565757037838716,-0.19494161337047422,-0.0352869020680897,0.20530143347393726,-0.03983647030065004,-1.1725047292445847,-0.50454096007499,-0.40786330386431074,-0.46318817657128675,0.08667486112691804,-0.1462807941723423,0.210847180054185,-0.10506429173488581,-0.3809871961508031,0.5999136896427755,0.04232960759103535,0.1043461640125983,-0.029058581029162357,-0.244703174721165,0.018914984860729588,-0.3984318229217332,0.06900004729978491,-0.044483034484660705,0.017225087559867992,-0.029423700423056785,-0.008716551411842383,0.11061067780030803,0.03381324553964881,-0.008434886048368848
RIGRNPSQVGD,WNV,Replication,NS3 helicase,GGVLWDTPSPKEYKKGDTTTGVYRIMTRGLLGSYQAGAGVMVEGVFHTLWHTTKGAALMSGEGRLDPYWGSVKEDRLCYGGPWKLQHKWNGHDEVQMIVVEPGKNVKNVQTKPGVFKTPEGEIGAVTLDYPTGTSGSPIVDKNGDVIGLYGNGVIMPNGSYISAIVQGERMEEPAPAGFEPEMLRKKQITVLDLHPGAGKTRKILPQIIKEAINKRLRTAVLAPTRVVAAEMSEALRGLPIRYQTSAVHREHSGNEIVDVMCHATLTHRLMSPHRVPNYNLFIMDEAHFTDPASIAARGYIATKVELGEAAAIFMTATPPGTSDPFPESNAPISDMQTEIPDRAWNTGYEWITEYVGKTVWFVPSVKMGNEIALCLQRAGKKVIQLNRKSYETEYPKCKNDDWDFVITTDISEMGANFKASRVIDSRKSVKPTIIEEGDGRVILGEPSAITAASAAQRRGRIGRNPSQVGDEYCYGGHTNEDDSNFAHWTEARIMLDNINMPNGLVAQLYQPEREKVYTMDGEYRLRGEERKNFLEFLRTADLPVWLAYKVAAAGISYHDRKWCFDGPRTNTILEDNNEVEVITKLGERKILRPRWADARVYSDHQALKSFKDFASGKR,8.163021378,285.0,Falviviridae,0.49927384211958586,-3.7633583125950327,0.23173708754515887,-2.2837239265171707,4.931909103369295,-0.816188669057149,-0.7387957922173276,-0.03074093696529109,0.24551118837636185,0.22680680073656798,-0.3446072901126269,-0.5065238180109756,0.213718733892763,-0.11160637164945604,0.11458880639678598,0.057948382941770335,0.1305566980268117,0.33808617735829616,0.1378466338345032,-0.3217638589800451,-0.108411652614262,-0.0514001840998073,0.04100023978326005,0.2910538107798226,0.11062830927810464,-0.21986170995285736,0.28080323609815977,0.36926764833352527,0.054180963250933446,0.33067644437665883,-0.046324870847339994,0.16081061671889574,0.019536361959586333,0.0006920700304077032,-0.006742358559852436
RRGRVGRNPNQVGD,HCV,Replication,NS3 helicase,APITAYAQQTRGLLGCIITSLTGRDKNQVEGEVQIVSTATQTFLATCINGVCWTVYHGAGTRTIASPKGPVIQTYTNVDQDLVGWPAPQGSRSLTPCTCGSSDLYLVTRHADVIPVRRRGDSRGSLLSPRPISYLKGSSGGPLLCPTGHAVGLFRAAVCTRGVAKAVDFIPVENLETTMRSPVFTDNSSPPAVPQSFQVAHLHAPTGSGKSTKVPAAYAAKGYKVLVLNPSVAATLGFGAYMSKAHGVDPNIRTGVRTITTGSPITYSTYGKFLADAGCSGGAYDIIICDECHSTDATSISGIGTVLDQAETAGARLVVLATATPPGSVTVSHPNIEEVALSTTGEIPFYGKAIPLEVIKGGRHLIFCHSKKKCDELAAKLVALGINAVAYYRGLDVSVIPTSGDVVVVSTDALMTGFTGDFDSVIDCNTCVTQTVDFSLDPTFTIETTTLPQDAVSRTQRRGRTGRGKPGIYRFVAPGERPSGMFDSSVLCECYDAGCAWYELTPAETTVRLRAYMNTPGLPVCQDHLGFWEGVFTGLTHIDAHFLSQTKQSGENFPYLVAYQATVCARAQAPPPSWDQMRKCLIRLKPTLHGPTPLLYRLGAVQNEVTLTHPITKYIMTCMSADLEVVT,8.537395899,196.0,Falviviridae,-0.33753286169718716,-1.0184816647765198,1.9187844356775656,-1.3451973553360996,-0.31732834041334407,0.8760870978717852,0.42217065489555233,-0.2606820015749079,-0.7415071443053505,-1.8570927527205432,0.17094057768863502,1.1405997787670334,0.4687568608959621,0.5352512962127708,0.36312840029574134,-0.2139480102056162,0.2072192046116809,0.03730900962198314,-0.06592944860875717,0.03696536505524763,-0.08145014611606036,-0.06015103898395882,-0.05262723581656535,0.058640372092495494,-0.04350158754938479,-0.0027491550492148636,-0.04036110092868518,-0.1316218537292668,-0.13611032010386578,0.03651056617923398,0.019506351697067995,-0.047909250775900615,0.016580300335549192,-0.007089930594960048,-0.0011743962123390687
RRGRIGRNPSQVGD,WNV,Replication,NS3 helicase,GGVLWDTPSPKEYKKGDTTTGVYRIMTRGLLGSYQAGAGVMVEGVFHTLWHTTKGAALMSGEGRLDPYWGSVKEDRLCYGGPWKLQHKWNGHDEVQMIVVEPGKNVKNVQTKPGVFKTPEGEIGAVTLDYPTGTSGSPIVDKNGDVIGLYGNGVIMPNGSYISAIVQGERMEEPAPAGFEPEMLRKKQITVLDLHPGAGKTRKILPQIIKEAINKRLRTAVLAPTRVVAAEMSEALRGLPIRYQTSAVHREHSGNEIVDVMCHATLTHRLMSPHRVPNYNLFIMDEAHFTDPASIAARGYIATKVELGEAAAIFMTATPPGTSDPFPESNAPISDMQTEIPDRAWNTGYEWITEYVGKTVWFVPSVKMGNEIALCLQRAGKKVIQLNRKSYETEYPKCKNDDWDFVITTDISEMGANFKASRVIDSRKSVKPTIIEEGDGRVILGEPSAITAASAAQRRGRIGRNPSQVGDEYCYGGHTNEDDSNFAHWTEARIMLDNINMPNGLVAQLYQPEREKVYTMDGEYRLRGEERKNFLEFLRTADLPVWLAYKVAAAGISYHDRKWCFDGPRTNTILEDNNEVEVITKLGERKILRPRWADARVYSDHQALKSFKDFASGKR,8.765654551,156.0,Falviviridae,0.4357935077561383,-1.901778549523197,1.1834231070211942,-2.0119662201286483,4.997023238672604,-2.446920949278452,-1.2540070719997845,-0.21287753456206998,-0.40235631462054117,0.20151731313606505,0.8191094026098585,-0.640715368355646,1.4327183055401307,-0.14769953945866654,-0.4411146925009316,1.5901258113871344,1.074575074962941,-0.41399932411849094,0.2522921612978612,-0.02386783136197339,-0.04835829909497797,0.4076363654616971,0.004208091097712755,0.3410129389521274,-0.13938387766281707,0.23429911156447478,-0.24472767362638426,-0.1053258004284667,0.00033725869759649766,-0.050774005232391256,0.13657728639638717,-0.05872420877517529,-0.009683168883082746,-0.01229384570009238,0.00514098421986801
RTGRGRRGIYR,HCV,Replication,NS3 helicase,APITAYAQQTRGLLGCIITSLTGRDKNQVEGEVQIVSTATQTFLATCINGVCWTVYHGAGTRTIASPKGPVIQTYTNVDQDLVGWPAPQGSRSLTPCTCGSSDLYLVTRHADVIPVRRRGDSRGSLLSPRPISYLKGSSGGPLLCPTGHAVGLFRAAVCTRGVAKAVDFIPVENLETTMRSPVFTDNSSPPAVPQSFQVAHLHAPTGSGKSTKVPAAYAAKGYKVLVLNPSVAATLGFGAYMSKAHGVDPNIRTGVRTITTGSPITYSTYGKFLADAGCSGGAYDIIICDECHSTDATSISGIGTVLDQAETAGARLVVLATATPPGSVTVSHPNIEEVALSTTGEIPFYGKAIPLEVIKGGRHLIFCHSKKKCDELAAKLVALGINAVAYYRGLDVSVIPTSGDVVVVSTDALMTGFTGDFDSVIDCNTCVTQTVDFSLDPTFTIETTTLPQDAVSRTQRRGRTGRGKPGIYRFVAPGERPSGMFDSSVLCECYDAGCAWYELTPAETTVRLRAYMNTPGLPVCQDHLGFWEGVFTGLTHIDAHFLSQTKQSGENFPYLVAYQATVCARAQAPPPSWDQMRKCLIRLKPTLHGPTPLLYRLGAVQNEVTLTHPITKYIMTCMSADLEVVT,10.27165688,34.6,Falviviridae,-0.10698935465848128,0.20336683382454535,5.0779585693967,-1.9845114351264472,-1.4134904202145147,1.1138042169329692,-0.6454584368257766,-0.6085906839716331,0.16047735793270715,0.19680643202230613,-0.2542122396019056,-0.975563050880989,-0.2184662530620061,-0.4397425900545239,-0.2871155205242982,0.03995587827964164,-0.22368546951251614,-0.18067621952850063,0.041078320311681675,0.1449945356314071,-0.10011757119333904,-0.027422217363488266,-0.03290134952690839,0.018763312791160024,0.06376159030461144,0.028229386668986785,0.1835257085483901,-0.014090290113676162,0.06100280172323793,-0.007362597030144699,-0.005036056539359795,0.011206032805236705,-0.010148211985269296,-0.013654355846590438,-0.003441907434834911
RTQRRGRTGRGKPGIYR,HCV,Replication,NS3 helicase,APITAYAQQTRGLLGCIITSLTGRDKNQVEGEVQIVSTATQTFLATCINGVCWTVYHGAGTRTIASPKGPVIQTYTNVDQDLVGWPAPQGSRSLTPCTCGSSDLYLVTRHADVIPVRRRGDSRGSLLSPRPISYLKGSSGGPLLCPTGHAVGLFRAAVCTRGVAKAVDFIPVENLETTMRSPVFTDNSSPPAVPQSFQVAHLHAPTGSGKSTKVPAAYAAKGYKVLVLNPSVAATLGFGAYMSKAHGVDPNIRTGVRTITTGSPITYSTYGKFLADAGCSGGAYDIIICDECHSTDATSISGIGTVLDQAETAGARLVVLATATPPGSVTVSHPNIEEVALSTTGEIPFYGKAIPLEVIKGGRHLIFCHSKKKCDELAAKLVALGINAVAYYRGLDVSVIPTSGDVVVVSTDALMTGFTGDFDSVIDCNTCVTQTVDFSLDPTFTIETTTLPQDAVSRTQRRGRTGRGKPGIYRFVAPGERPSGMFDSSVLCECYDAGCAWYELTPAETTVRLRAYMNTPGLPVCQDHLGFWEGVFTGLTHIDAHFLSQTKQSGENFPYLVAYQATVCARAQAPPPSWDQMRKCLIRLKPTLHGPTPLLYRLGAVQNEVTLTHPITKYIMTCMSADLEVVT,10.51597683,27.1,Falviviridae,-0.23925120231427055,-0.19095483039299704,4.070767442943432,-1.7967122514974294,-1.0933619159011456,1.049161310507559,-0.2961820827411378,-0.5287434794424588,-0.043869509245047934,-0.314661795533139,-0.14710948324601114,-0.2637042272360316,0.002929102488185703,-0.15491856018745975,-0.10285542032276278,0.06317948529215324,-0.027549159869451657,-0.020636436356983343,0.0641862636700632,0.1482009128216203,-0.18847604121013384,-0.016357115000477183,-0.069881573197783,-0.06352710078199574,0.028438899170332797,-0.014940477934029544,-0.02502403667829403,0.14539336131463873,0.08499082266690326,-0.07797199377074843,-0.01816179293766747,0.03547770665759699,-0.016985738927707415,0.026228477405860488,0.005338509542212278
STQRRGRTGRGRRGIYR,HCV,Replication,NS3 helicase,APITAYAQQTRGLLGCIITSLTGRDKNQVEGEVQIVSTATQTFLATCINGVCWTVYHGAGTRTIASPKGPVIQTYTNVDQDLVGWPAPQGSRSLTPCTCGSSDLYLVTRHADVIPVRRRGDSRGSLLSPRPISYLKGSSGGPLLCPTGHAVGLFRAAVCTRGVAKAVDFIPVENLETTMRSPVFTDNSSPPAVPQSFQVAHLHAPTGSGKSTKVPAAYAAKGYKVLVLNPSVAATLGFGAYMSKAHGVDPNIRTGVRTITTGSPITYSTYGKFLADAGCSGGAYDIIICDECHSTDATSISGIGTVLDQAETAGARLVVLATATPPGSVTVSHPNIEEVALSTTGEIPFYGKAIPLEVIKGGRHLIFCHSKKKCDELAAKLVALGINAVAYYRGLDVSVIPTSGDVVVVSTDALMTGFTGDFDSVIDCNTCVTQTVDFSLDPTFTIETTTLPQDAVSRTQRRGRTGRGKPGIYRFVAPGERPSGMFDSSVLCECYDAGCAWYELTPAETTVRLRAYMNTPGLPVCQDHLGFWEGVFTGLTHIDAHFLSQTKQSGENFPYLVAYQATVCARAQAPPPSWDQMRKCLIRLKPTLHGPTPLLYRLGAVQNEVTLTHPITKYIMTCMSADLEVVT,10.62503421,24.3,Falviviridae,-0.119657009022151,-0.07947555976633572,4.374339553575771,-1.9537121829746391,-1.194081923266752,1.1013337011002382,-0.46988173125304544,-0.648061705275652,-0.017679157935467392,-0.36414328090088394,-0.20345258215379144,-0.428008661018985,0.09151550694793863,-0.2478311991086645,-0.05772760975664967,-0.050894996848178616,-0.19789503936146657,-0.3149976178488461,0.08621330778410997,0.24585772623284902,-0.20197428530864825,-0.0012941106997205367,0.04277966964471802,0.08968124852409774,0.18194751267620077,0.09253846505567864,0.4764507939719696,-0.21334774267243883,0.07885639922765315,0.024710996400462617,-0.003283398854204734,-0.035818903500330755,-0.015771851940266847,-0.051116682731583984,-0.012554403615230953
RRGRTGRGRRGIYR,HCV,Replication,NS3 helicase,APITAYAQQTRGLLGCIITSLTGRDKNQVEGEVQIVSTATQTFLATCINGVCWTVYHGAGTRTIASPKGPVIQTYTNVDQDLVGWPAPQGSRSLTPCTCGSSDLYLVTRHADVIPVRRRGDSRGSLLSPRPISYLKGSSGGPLLCPTGHAVGLFRAAVCTRGVAKAVDFIPVENLETTMRSPVFTDNSSPPAVPQSFQVAHLHAPTGSGKSTKVPAAYAAKGYKVLVLNPSVAATLGFGAYMSKAHGVDPNIRTGVRTITTGSPITYSTYGKFLADAGCSGGAYDIIICDECHSTDATSISGIGTVLDQAETAGARLVVLATATPPGSVTVSHPNIEEVALSTTGEIPFYGKAIPLEVIKGGRHLIFCHSKKKCDELAAKLVALGINAVAYYRGLDVSVIPTSGDVVVVSTDALMTGFTGDFDSVIDCNTCVTQTVDFSLDPTFTIETTTLPQDAVSRTQRRGRTGRGKPGIYRFVAPGERPSGMFDSSVLCECYDAGCAWYELTPAETTVRLRAYMNTPGLPVCQDHLGFWEGVFTGLTHIDAHFLSQTKQSGENFPYLVAYQATVCARAQAPPPSWDQMRKCLIRLKPTLHGPTPLLYRLGAVQNEVTLTHPITKYIMTCMSADLEVVT,15.42494847,0.2,Falviviridae,0.02514525054797711,0.3247377656500636,5.7053107387460456,-2.1809089474365217,-1.4169033998112235,1.3255695119746769,-0.7763659335043992,-0.5448470902541862,0.11615243638546494,0.049708809545233414,-0.265822923164856,-0.7875471349659846,-0.20370806805008332,-0.32194492943648256,-0.20968488663772084,0.03414656064313021,-0.10708800020410904,-0.13248122030334836,0.006267727407225677,0.14296064994729504,-0.14390811889991745,-0.059841808331545863,-0.12226489672601333,-0.010231360051213362,-0.009912146978191483,0.012794729027764922,0.03721245123106015,-0.042332815985196,-0.023025471808819316,-0.020621773017430556,0.030473791137604414,-0.0004102970671397046,-0.0688419750547948,0.020843480899145988,0.010055282280287736
KKKKYRNIRRPG,SARS-CoV,Virus entry,S protein,SDLDRCTTFDDVQAPNYTQHTSSMRGVYYPDEIFRSDTLYLTQDLFLPFYSNVTGFHTINHTFGNPVIPFKDGIYFAATEKSNVVRGWVFGSTMNNKSQSVIIINNSTNVVIRACNFELCDNPFFAVSKPMGTQTHTMIFDNAFNCTFEYISDAFSLDVSEKSGNFKHLREFVFKNKDGFLYVYKGYQPIDVVRDLPSGFNTLKPIFKLPLGINITNFRAILTAFSPAQDIWGTSAAAYFVGYLKPTTFMLKYDENGTITDAVDCSQNPLAELKCSVKSFEIDKGIYQTSNFRVVPSGDVVRFPNITNLCPFGEVFNATKFPSVYAWERKKISNCVADYSVLYNSTFFSTFKCYGVSATKLNDLCFSNVYADSFVVKGDDVRQIAPGQTGVIADYNYKLPDDFMGCVLAWNTRNIDATSTGNYNYKYRYLRHGKLRPFERDISNVPFSPDGKPCTPPALNCYWPLNDYGFYTTTGIGYQPYRVVVLSFELLNAPATVCGPKLSTDLIKNQCVNFNFNGLTGTGVLTPSSKRFQPFQQFGRDVSDFTDSVRDPKTSEILDISPCSFGGVSVITPGTNASSEVAVLYQDVNCTDVSTAIHADQLTPAWRIYSTGNNVFQTQAGCLIGAEHVDTSYECDIPIGAGICASYHTVSLLRSTSQKSIVAYTMSLGADSSIAYSNNTIAIPTNFSISITTEVMPVSMAKTSVDCNMYICGDSTECANLLLQYGSFCTQLNRALSGIAAEQDRNTREVFAQVKQMYKTPTLKYFGGFNFSQILPDPLKPTKRSFIEDLLFNKVTLADAGFMKQYGECLGDINARDLICAQKFNGLTVLPPLLTDDMIAAYTAALVSGTATAGWTFGAGAALQIPFAMQMAYRFNGIGVTQNVLYENQKQIANQFNKAISQIQESLTTTSTALGKLQDVVNQNAQALNTLVKQLSSNFGAISSVLNDILSRLDKVEAEVQIDRLITGRLQSLQTYVTQQLIRAAEIRASANLAATKMSECVLGQSKRVDFCGKGYHLMSFPQAAPHGVVFLHVTYVPSQERNFTTAPAICHEGKAYFPREGVFVFNGTSWFITQRNFFSPQIITTDNTFVSGNCDVVIGIINNTVYDPLQPELDSFKEELDKYFKNHTSPDVDLGDISGINASVVNIQKEIDRLNEVAKNLNESLIDLQELGKYEQYIKWPWYVWLGFIAGLIAIVMVTILLCCMTSCCSCLKGACSCGSCCKFDEDDSEPVLKGVKLHYT,10.29242008,33.889,Covid,0.48976359093970784,0.0001316207795588498,-0.20103041327176632,-6.347858417848414,-2.1982928303835743,-2.887527175344381,2.6364977001186083,5.7038787334581995,-1.46118322088883,2.3517534007242866,0.6234263917959189,1.1748444923578574,-0.4312095942038054,-0.1593974245054686,0.018682648269145712,-0.14061072369020536,-0.11020323131414855,-0.2241136972133115,-0.12745722175901913,-0.08302580278901348,-0.1271327877746474,0.00046080884037563653,-0.035974700369628826,0.09831046436361389,0.10972293608179369,-0.09342738074345415,-0.055995967470757836,-0.06429454066481693,0.06592712808236072,-0.017413317351094467,0.016832773708656837,0.007835161150179227,0.0023489464386310267,-0.000706552783205296,-2.0832954829701575e-05
PKEELDKYFKNHTSPDVDLGDISGINASVVNIQKEIDRLNEVAKNLNESLIDLQELGKYE,SARS-CoV,Fusion,Spike protein: HR2,SDLDRCTTFDDVQAPNYTQHTSSMRGVYYPDEIFRSDTLYLTQDLFLPFYSNVTGFHTINHTFGNPVIPFKDGIYFAATEKSNVVRGWVFGSTMNNKSQSVIIINNSTNVVIRACNFELCDNPFFAVSKPMGTQTHTMIFDNAFNCTFEYISDAFSLDVSEKSGNFKHLREFVFKNKDGFLYVYKGYQPIDVVRDLPSGFNTLKPIFKLPLGINITNFRAILTAFSPAQDIWGTSAAAYFVGYLKPTTFMLKYDENGTITDAVDCSQNPLAELKCSVKSFEIDKGIYQTSNFRVVPSGDVVRFPNITNLCPFGEVFNATKFPSVYAWERKKISNCVADYSVLYNSTFFSTFKCYGVSATKLNDLCFSNVYADSFVVKGDDVRQIAPGQTGVIADYNYKLPDDFMGCVLAWNTRNIDATSTGNYNYKYRYLRHGKLRPFERDISNVPFSPDGKPCTPPALNCYWPLNDYGFYTTTGIGYQPYRVVVLSFELLNAPATVCGPKLSTDLIKNQCVNFNFNGLTGTGVLTPSSKRFQPFQQFGRDVSDFTDSVRDPKTSEILDISPCSFGGVSVITPGTNASSEVAVLYQDVNCTDVSTAIHADQLTPAWRIYSTGNNVFQTQAGCLIGAEHVDTSYECDIPIGAGICASYHTVSLLRSTSQKSIVAYTMSLGADSSIAYSNNTIAIPTNFSISITTEVMPVSMAKTSVDCNMYICGDSTECANLLLQYGSFCTQLNRALSGIAAEQDRNTREVFAQVKQMYKTPTLKYFGGFNFSQILPDPLKPTKRSFIEDLLFNKVTLADAGFMKQYGECLGDINARDLICAQKFNGLTVLPPLLTDDMIAAYTAALVSGTATAGWTFGAGAALQIPFAMQMAYRFNGIGVTQNVLYENQKQIANQFNKAISQIQESLTTTSTALGKLQDVVNQNAQALNTLVKQLSSNFGAISSVLNDILSRLDKVEAEVQIDRLITGRLQSLQTYVTQQLIRAAEIRASANLAATKMSECVLGQSKRVDFCGKGYHLMSFPQAAPHGVVFLHVTYVPSQERNFTTAPAICHEGKAYFPREGVFVFNGTSWFITQRNFFSPQIITTDNTFVSGNCDVVIGIINNTVYDPLQPELDSFKEELDKYFKNHTSPDVDLGDISGINASVVNIQKEIDRLNEVAKNLNESLIDLQELGKYEQYIKWPWYVWLGFIAGLIAIVMVTILLCCMTSCCSCLKGACSCGSCCKFDEDDSEPVLKGVKLHYT,10.63745673,24.0,Covid,-0.8048312695497701,-2.654293378312141,-0.7979398661821931,0.9812118904686061,-1.295572528262083,-0.029484296371811165,-2.8012550945092287,1.9283617134269933,0.022467994320032478,0.2970316464597952,0.3482098898278498,0.7733548875412316,0.03781228899042287,-0.6866949345416604,0.34287744351793653,-0.2752265996434991,0.2832743754956563,-0.1471330511577289,0.24134033956497675,0.2790840687552381,0.6006825131233656,0.18376596522346741,-0.42912257861054653,-0.003475423671709484,-0.18701358163287699,0.3865955065636698,0.20903771311697103,0.18324466487377833,-0.11608356389643738,-0.04615595504075798,-0.049705190205115726,-0.009467056817367961,-0.0024638884507622847,0.0013847359983270857,-0.0011614699275562933
FGGASCCLYCRCHIDHPNPKGFCDLKGKY,SARS-CoV,Replication,nsp10/nsp16complex,ASQAWQPGVAMPNLYKMQRMLLEKCDLQNYGENAVIPKGIMMNVAKYTQLCQYLNTLTLAVPYNMRVIHFGAGSDKGVAPGTAVLRQWLPTGTLLVDSDLNDFVSDADSTLIGDCATVHTANKWDLIISDMYDPRTKHVTKENDSKEGFFTYLCGFIKQKLALGGSIAVKITEHSWNADLYKLMGHFSWWTAFVTNVNASSSEAFLIGANYLGKPKEQIDGYTMHANYIFWRNTNPIQLSSYSLFDMSKFPLKLRGTAVMSLKENQINDMIYSLLEKGRLIIRENNRVVVSSDILVNN,8.740336743,160.0,Covid,-2.743736569269135,2.408897697905531,-1.8179923328833987,-1.1379462931778939,1.591828723400122,3.1252774168962922,0.48553746668933356,0.938073984582822,-0.9229733584897336,1.177429461323286,0.12485163555306197,-0.6244885659181931,0.11048698500924015,0.3428688024289627,0.21173576867404242,-0.021079079502639632,0.2607324313117162,-0.03677099361952598,0.6149548270345077,1.5156414565872893,0.05266727870220995,0.029909576388547576,0.6920514560458577,-0.44434476764076014,-0.31621656859212227,-0.11499743792909914,0.07843435504785141,0.1009051064255291,-0.07338061256114828,0.22616703862579704,0.024709201220073862,-0.03702609344702836,0.004881392917057574,0.00704174118211748,0.0017264398493735246
GGASCCLYCRCH,SARS-CoV,Replication,nsp10/nsp16complex,ASQAWQPGVAMPNLYKMQRMLLEKCDLQNYGENAVIPKGIMMNVAKYTQLCQYLNTLTLAVPYNMRVIHFGAGSDKGVAPGTAVLRQWLPTGTLLVDSDLNDFVSDADSTLIGDCATVHTANKWDLIISDMYDPRTKHVTKENDSKEGFFTYLCGFIKQKLALGGSIAVKITEHSWNADLYKLMGHFSWWTAFVTNVNASSSEAFLIGANYLGKPKEQIDGYTMHANYIFWRNTNPIQLSSYSLFDMSKFPLKLRGTAVMSLKENQINDMIYSLLEKGRLIIRENNRVVVSSDILVNN,8.740336743,160.0,Covid,-4.788710880490795,5.776324024280437,-2.3486892786815683,-0.672065244542782,3.39522869770087,5.935760728405054,1.373913636866337,-0.8026518674409503,-1.8694165545881056,1.17780819994677,0.49178089343248027,0.8019688918313191,-0.5055011571197122,-1.1443678115764828,0.8832883278428976,0.7383322119144785,-0.744239067329328,0.1975723527048308,-0.008069968790661927,-0.4990773531522135,-0.045389843554699036,0.1292521431080993,-0.3533978846853654,0.19510712981313963,0.07584737567863353,0.15813040985972218,-0.06683918284801105,-0.06348141224255203,0.0038713329090459673,-0.08782996629801706,0.0013212091877773597,0.014511466655954815,-0.006509793629968928,-0.0040997266973890846,-0.0015783254569619084
NGIGVTQNVLYENQKQIANQFNKAISQIQESLTTTSTA,SARS-CoV,Virus entry,spike protein: HR2 region,SDLDRCTTFDDVQAPNYTQHTSSMRGVYYPDEIFRSDTLYLTQDLFLPFYSNVTGFHTINHTFGNPVIPFKDGIYFAATEKSNVVRGWVFGSTMNNKSQSVIIINNSTNVVIRACNFELCDNPFFAVSKPMGTQTHTMIFDNAFNCTFEYISDAFSLDVSEKSGNFKHLREFVFKNKDGFLYVYKGYQPIDVVRDLPSGFNTLKPIFKLPLGINITNFRAILTAFSPAQDIWGTSAAAYFVGYLKPTTFMLKYDENGTITDAVDCSQNPLAELKCSVKSFEIDKGIYQTSNFRVVPSGDVVRFPNITNLCPFGEVFNATKFPSVYAWERKKISNCVADYSVLYNSTFFSTFKCYGVSATKLNDLCFSNVYADSFVVKGDDVRQIAPGQTGVIADYNYKLPDDFMGCVLAWNTRNIDATSTGNYNYKYRYLRHGKLRPFERDISNVPFSPDGKPCTPPALNCYWPLNDYGFYTTTGIGYQPYRVVVLSFELLNAPATVCGPKLSTDLIKNQCVNFNFNGLTGTGVLTPSSKRFQPFQQFGRDVSDFTDSVRDPKTSEILDISPCSFGGVSVITPGTNASSEVAVLYQDVNCTDVSTAIHADQLTPAWRIYSTGNNVFQTQAGCLIGAEHVDTSYECDIPIGAGICASYHTVSLLRSTSQKSIVAYTMSLGADSSIAYSNNTIAIPTNFSISITTEVMPVSMAKTSVDCNMYICGDSTECANLLLQYGSFCTQLNRALSGIAAEQDRNTREVFAQVKQMYKTPTLKYFGGFNFSQILPDPLKPTKRSFIEDLLFNKVTLADAGFMKQYGECLGDINARDLICAQKFNGLTVLPPLLTDDMIAAYTAALVSGTATAGWTFGAGAALQIPFAMQMAYRFNGIGVTQNVLYENQKQIANQFNKAISQIQESLTTTSTALGKLQDVVNQNAQALNTLVKQLSSNFGAISSVLNDILSRLDKVEAEVQIDRLITGRLQSLQTYVTQQLIRAAEIRASANLAATKMSECVLGQSKRVDFCGKGYHLMSFPQAAPHGVVFLHVTYVPSQERNFTTAPAICHEGKAYFPREGVFVFNGTSWFITQRNFFSPQIITTDNTFVSGNCDVVIGIINNTVYDPLQPELDSFKEELDKYFKNHTSPDVDLGDISGINASVVNIQKEIDRLNEVAKNLNESLIDLQELGKYEQYIKWPWYVWLGFIAGLIAIVMVTILLCCMTSCCSCLKGACSCGSCCKFDEDDSEPVLKGVKLHYT,15.78162341,0.14,Covid,-0.9319024388401648,-2.7596036968601356,-0.5604603842162043,1.7643896582515814,-1.094134785319226,-0.07110576671794842,-2.926627510841189,1.353309017145447,0.26987570712863207,-0.2793377897919046,-0.08578055959706755,0.8056368556187828,0.18139312784276795,-1.337763479367653,0.2407853240395962,0.24104127390459335,-0.30781911877955814,0.13217288800475438,-0.14085596405240233,-0.022023860227968158,-0.20571973346083666,0.02502799440873806,0.19823353339208455,-0.06493687325915164,-0.03233548873541631,0.06353781598336458,-0.0068088810231092135,0.029427950948315535,-0.06260618967426651,0.029544185394812624,0.003499343487833485,-0.009518511346315208,-0.0013793592565060995,0.0009415636666012923,0.0001038632158507849
SNNTIAIPTNFSISITTEVM,SARS-CoV,S protein,S protein,SDLDRCTTFDDVQAPNYTQHTSSMRGVYYPDEIFRSDTLYLTQDLFLPFYSNVTGFHTINHTFGNPVIPFKDGIYFAATEKSNVVRGWVFGSTMNNKSQSVIIINNSTNVVIRACNFELCDNPFFAVSKPMGTQTHTMIFDNAFNCTFEYISDAFSLDVSEKSGNFKHLREFVFKNKDGFLYVYKGYQPIDVVRDLPSGFNTLKPIFKLPLGINITNFRAILTAFSPAQDIWGTSAAAYFVGYLKPTTFMLKYDENGTITDAVDCSQNPLAELKCSVKSFEIDKGIYQTSNFRVVPSGDVVRFPNITNLCPFGEVFNATKFPSVYAWERKKISNCVADYSVLYNSTFFSTFKCYGVSATKLNDLCFSNVYADSFVVKGDDVRQIAPGQTGVIADYNYKLPDDFMGCVLAWNTRNIDATSTGNYNYKYRYLRHGKLRPFERDISNVPFSPDGKPCTPPALNCYWPLNDYGFYTTTGIGYQPYRVVVLSFELLNAPATVCGPKLSTDLIKNQCVNFNFNGLTGTGVLTPSSKRFQPFQQFGRDVSDFTDSVRDPKTSEILDISPCSFGGVSVITPGTNASSEVAVLYQDVNCTDVSTAIHADQLTPAWRIYSTGNNVFQTQAGCLIGAEHVDTSYECDIPIGAGICASYHTVSLLRSTSQKSIVAYTMSLGADSSIAYSNNTIAIPTNFSISITTEVMPVSMAKTSVDCNMYICGDSTECANLLLQYGSFCTQLNRALSGIAAEQDRNTREVFAQVKQMYKTPTLKYFGGFNFSQILPDPLKPTKRSFIEDLLFNKVTLADAGFMKQYGECLGDINARDLICAQKFNGLTVLPPLLTDDMIAAYTAALVSGTATAGWTFGAGAALQIPFAMQMAYRFNGIGVTQNVLYENQKQIANQFNKAISQIQESLTTTSTALGKLQDVVNQNAQALNTLVKQLSSNFGAISSVLNDILSRLDKVEAEVQIDRLITGRLQSLQTYVTQQLIRAAEIRASANLAATKMSECVLGQSKRVDFCGKGYHLMSFPQAAPHGVVFLHVTYVPSQERNFTTAPAICHEGKAYFPREGVFVFNGTSWFITQRNFFSPQIITTDNTFVSGNCDVVIGIINNTVYDPLQPELDSFKEELDKYFKNHTSPDVDLGDISGINASVVNIQKEIDRLNEVAKNLNESLIDLQELGKYEQYIKWPWYVWLGFIAGLIAIVMVTILLCCMTSCCSCLKGACSCGSCCKFDEDDSEPVLKGVKLHYT,8.185012292,278.801,Covid,-1.190667642650289,-2.6120386506493083,-0.7607957717502117,2.2597626689872037,-0.7860433226008842,0.5947677230507399,-2.879698637403244,0.29396712015246923,0.2001392595318602,-0.22363662660332193,-0.021787364966591772,0.14055570416714835,0.029073047008877046,-0.008471224034842942,0.021605285289285906,0.48050082853386716,-0.42811990756486656,0.3902655771819736,0.22182506618383047,0.056054347624416676,-0.0901096149491236,-0.11565462888564525,0.04467581090934104,0.030544182092285228,-0.002424407899968637,-0.17135591710218692,-0.09319530352348207,-0.11978547857504634,0.06965809574664582,0.016054646381533894,0.007124763201964998,0.0053155224924183245,-0.0025865962965271982,-0.0018611492083848522,0.0001970491143440835
FKLPLGINITNFRAILTAFS,SARS-CoV,S protein,S protein,SDLDRCTTFDDVQAPNYTQHTSSMRGVYYPDEIFRSDTLYLTQDLFLPFYSNVTGFHTINHTFGNPVIPFKDGIYFAATEKSNVVRGWVFGSTMNNKSQSVIIINNSTNVVIRACNFELCDNPFFAVSKPMGTQTHTMIFDNAFNCTFEYISDAFSLDVSEKSGNFKHLREFVFKNKDGFLYVYKGYQPIDVVRDLPSGFNTLKPIFKLPLGINITNFRAILTAFSPAQDIWGTSAAAYFVGYLKPTTFMLKYDENGTITDAVDCSQNPLAELKCSVKSFEIDKGIYQTSNFRVVPSGDVVRFPNITNLCPFGEVFNATKFPSVYAWERKKISNCVADYSVLYNSTFFSTFKCYGVSATKLNDLCFSNVYADSFVVKGDDVRQIAPGQTGVIADYNYKLPDDFMGCVLAWNTRNIDATSTGNYNYKYRYLRHGKLRPFERDISNVPFSPDGKPCTPPALNCYWPLNDYGFYTTTGIGYQPYRVVVLSFELLNAPATVCGPKLSTDLIKNQCVNFNFNGLTGTGVLTPSSKRFQPFQQFGRDVSDFTDSVRDPKTSEILDISPCSFGGVSVITPGTNASSEVAVLYQDVNCTDVSTAIHADQLTPAWRIYSTGNNVFQTQAGCLIGAEHVDTSYECDIPIGAGICASYHTVSLLRSTSQKSIVAYTMSLGADSSIAYSNNTIAIPTNFSISITTEVMPVSMAKTSVDCNMYICGDSTECANLLLQYGSFCTQLNRALSGIAAEQDRNTREVFAQVKQMYKTPTLKYFGGFNFSQILPDPLKPTKRSFIEDLLFNKVTLADAGFMKQYGECLGDINARDLICAQKFNGLTVLPPLLTDDMIAAYTAALVSGTATAGWTFGAGAALQIPFAMQMAYRFNGIGVTQNVLYENQKQIANQFNKAISQIQESLTTTSTALGKLQDVVNQNAQALNTLVKQLSSNFGAISSVLNDILSRLDKVEAEVQIDRLITGRLQSLQTYVTQQLIRAAEIRASANLAATKMSECVLGQSKRVDFCGKGYHLMSFPQAAPHGVVFLHVTYVPSQERNFTTAPAICHEGKAYFPREGVFVFNGTSWFITQRNFFSPQIITTDNTFVSGNCDVVIGIINNTVYDPLQPELDSFKEELDKYFKNHTSPDVDLGDISGINASVVNIQKEIDRLNEVAKNLNESLIDLQELGKYEQYIKWPWYVWLGFIAGLIAIVMVTILLCCMTSCCSCLKGACSCGSCCKFDEDDSEPVLKGVKLHYT,8.230383999999999,266.434,Covid,-0.8934514065990561,-2.1251203415004487,-0.7048558486033989,0.3916615895650162,-1.2879554896975052,-0.2645020722263301,-1.4351322342237272,1.2112967827057206,0.12929082187938465,0.12240672437340332,0.00331054384436434,-0.3769063158315133,-0.1508938472357161,1.9311818550591673,-0.3174963597517736,1.3458886941112278,-1.2537656172312168,1.157572053007506,0.84561917862112,-0.17405675144808797,-0.25535860156254037,-0.12978776347353593,-0.05679595714638873,-0.07465001642266984,0.010236176663060712,-0.07374661839319495,-0.03277998926249484,-0.16011658118571293,0.004377103378944463,-0.010731938971388473,-0.003679332492883843,0.0023275793878191104,-0.0067622315668358825,-0.002027431130785059,-0.000723598398522759
VLYNSTFFSTFKCYGVSATK,SARS-CoV,S protein,S protein,SDLDRCTTFDDVQAPNYTQHTSSMRGVYYPDEIFRSDTLYLTQDLFLPFYSNVTGFHTINHTFGNPVIPFKDGIYFAATEKSNVVRGWVFGSTMNNKSQSVIIINNSTNVVIRACNFELCDNPFFAVSKPMGTQTHTMIFDNAFNCTFEYISDAFSLDVSEKSGNFKHLREFVFKNKDGFLYVYKGYQPIDVVRDLPSGFNTLKPIFKLPLGINITNFRAILTAFSPAQDIWGTSAAAYFVGYLKPTTFMLKYDENGTITDAVDCSQNPLAELKCSVKSFEIDKGIYQTSNFRVVPSGDVVRFPNITNLCPFGEVFNATKFPSVYAWERKKISNCVADYSVLYNSTFFSTFKCYGVSATKLNDLCFSNVYADSFVVKGDDVRQIAPGQTGVIADYNYKLPDDFMGCVLAWNTRNIDATSTGNYNYKYRYLRHGKLRPFERDISNVPFSPDGKPCTPPALNCYWPLNDYGFYTTTGIGYQPYRVVVLSFELLNAPATVCGPKLSTDLIKNQCVNFNFNGLTGTGVLTPSSKRFQPFQQFGRDVSDFTDSVRDPKTSEILDISPCSFGGVSVITPGTNASSEVAVLYQDVNCTDVSTAIHADQLTPAWRIYSTGNNVFQTQAGCLIGAEHVDTSYECDIPIGAGICASYHTVSLLRSTSQKSIVAYTMSLGADSSIAYSNNTIAIPTNFSISITTEVMPVSMAKTSVDCNMYICGDSTECANLLLQYGSFCTQLNRALSGIAAEQDRNTREVFAQVKQMYKTPTLKYFGGFNFSQILPDPLKPTKRSFIEDLLFNKVTLADAGFMKQYGECLGDINARDLICAQKFNGLTVLPPLLTDDMIAAYTAALVSGTATAGWTFGAGAALQIPFAMQMAYRFNGIGVTQNVLYENQKQIANQFNKAISQIQESLTTTSTALGKLQDVVNQNAQALNTLVKQLSSNFGAISSVLNDILSRLDKVEAEVQIDRLITGRLQSLQTYVTQQLIRAAEIRASANLAATKMSECVLGQSKRVDFCGKGYHLMSFPQAAPHGVVFLHVTYVPSQERNFTTAPAICHEGKAYFPREGVFVFNGTSWFITQRNFFSPQIITTDNTFVSGNCDVVIGIINNTVYDPLQPELDSFKEELDKYFKNHTSPDVDLGDISGINASVVNIQKEIDRLNEVAKNLNESLIDLQELGKYEQYIKWPWYVWLGFIAGLIAIVMVTILLCCMTSCCSCLKGACSCGSCCKFDEDDSEPVLKGVKLHYT,8.244623488,262.66700000000003,Covid,-1.2071234010024232,-0.8962786467118375,-0.9148737047927962,0.34417883729529647,-0.27450428497350954,1.2816669040342155,-0.7625313771311305,-0.5084038232733208,-1.162473086888666,1.2392332436247364,0.5933542299452351,-0.7586791517164484,-0.23919906362544996,1.1077123960214483,-0.4386083140649916,-0.4407475626089869,0.2924523207732727,-0.329577186865321,-0.6521687873169982,-0.8341477629923919,-0.8449220847278758,0.07629002046254092,0.49413235533955546,-0.15571064452109323,0.2946198337746996,0.013785341312016421,-0.05506533283635994,0.0076727468919863115,-0.07548491922708755,0.001974439456047169,0.047120683770648215,-0.0056827002047541335,0.005250425668601231,0.0023281339619761836,0.0006858520205379337
GIGVTQNVLYENQKQIANQF,SARS-CoV,S protein,S protein,SDLDRCTTFDDVQAPNYTQHTSSMRGVYYPDEIFRSDTLYLTQDLFLPFYSNVTGFHTINHTFGNPVIPFKDGIYFAATEKSNVVRGWVFGSTMNNKSQSVIIINNSTNVVIRACNFELCDNPFFAVSKPMGTQTHTMIFDNAFNCTFEYISDAFSLDVSEKSGNFKHLREFVFKNKDGFLYVYKGYQPIDVVRDLPSGFNTLKPIFKLPLGINITNFRAILTAFSPAQDIWGTSAAAYFVGYLKPTTFMLKYDENGTITDAVDCSQNPLAELKCSVKSFEIDKGIYQTSNFRVVPSGDVVRFPNITNLCPFGEVFNATKFPSVYAWERKKISNCVADYSVLYNSTFFSTFKCYGVSATKLNDLCFSNVYADSFVVKGDDVRQIAPGQTGVIADYNYKLPDDFMGCVLAWNTRNIDATSTGNYNYKYRYLRHGKLRPFERDISNVPFSPDGKPCTPPALNCYWPLNDYGFYTTTGIGYQPYRVVVLSFELLNAPATVCGPKLSTDLIKNQCVNFNFNGLTGTGVLTPSSKRFQPFQQFGRDVSDFTDSVRDPKTSEILDISPCSFGGVSVITPGTNASSEVAVLYQDVNCTDVSTAIHADQLTPAWRIYSTGNNVFQTQAGCLIGAEHVDTSYECDIPIGAGICASYHTVSLLRSTSQKSIVAYTMSLGADSSIAYSNNTIAIPTNFSISITTEVMPVSMAKTSVDCNMYICGDSTECANLLLQYGSFCTQLNRALSGIAAEQDRNTREVFAQVKQMYKTPTLKYFGGFNFSQILPDPLKPTKRSFIEDLLFNKVTLADAGFMKQYGECLGDINARDLICAQKFNGLTVLPPLLTDDMIAAYTAALVSGTATAGWTFGAGAALQIPFAMQMAYRFNGIGVTQNVLYENQKQIANQFNKAISQIQESLTTTSTALGKLQDVVNQNAQALNTLVKQLSSNFGAISSVLNDILSRLDKVEAEVQIDRLITGRLQSLQTYVTQQLIRAAEIRASANLAATKMSECVLGQSKRVDFCGKGYHLMSFPQAAPHGVVFLHVTYVPSQERNFTTAPAICHEGKAYFPREGVFVFNGTSWFITQRNFFSPQIITTDNTFVSGNCDVVIGIINNTVYDPLQPELDSFKEELDKYFKNHTSPDVDLGDISGINASVVNIQKEIDRLNEVAKNLNESLIDLQELGKYEQYIKWPWYVWLGFIAGLIAIVMVTILLCCMTSCCSCLKGACSCGSCCKFDEDDSEPVLKGVKLHYT,8.245110916,262.539,Covid,-0.8761266501690077,-2.5249593599406097,-0.6071738819354171,1.2165804645488882,-1.2070867833980152,-0.1180518417444082,-2.524861518606703,1.481177047803423,0.09513642111048799,0.001494095349488916,0.07388310789099745,0.5175975304176156,0.15589431537899842,-0.6951560924733375,0.10022245547902084,0.2140327530597689,-0.32993707655359955,0.166922280391029,-0.17263142106816834,-0.3696227675187931,-0.3843611824487839,0.19841013616762176,0.23789001395653822,-0.2417641067205801,-0.016441606903996174,0.41172665872489395,0.14960189122972722,0.18469270433944276,-0.24940370288601202,0.0060968342573941015,-0.00848432233523035,-0.025427124716694324,-0.0014822667141516292,0.004045530198261025,-0.0005973264488361638
PALNCYWPLNDYGFYTTSGI,SARS-CoV,S protein,S protein,SDLDRCTTFDDVQAPNYTQHTSSMRGVYYPDEIFRSDTLYLTQDLFLPFYSNVTGFHTINHTFGNPVIPFKDGIYFAATEKSNVVRGWVFGSTMNNKSQSVIIINNSTNVVIRACNFELCDNPFFAVSKPMGTQTHTMIFDNAFNCTFEYISDAFSLDVSEKSGNFKHLREFVFKNKDGFLYVYKGYQPIDVVRDLPSGFNTLKPIFKLPLGINITNFRAILTAFSPAQDIWGTSAAAYFVGYLKPTTFMLKYDENGTITDAVDCSQNPLAELKCSVKSFEIDKGIYQTSNFRVVPSGDVVRFPNITNLCPFGEVFNATKFPSVYAWERKKISNCVADYSVLYNSTFFSTFKCYGVSATKLNDLCFSNVYADSFVVKGDDVRQIAPGQTGVIADYNYKLPDDFMGCVLAWNTRNIDATSTGNYNYKYRYLRHGKLRPFERDISNVPFSPDGKPCTPPALNCYWPLNDYGFYTTTGIGYQPYRVVVLSFELLNAPATVCGPKLSTDLIKNQCVNFNFNGLTGTGVLTPSSKRFQPFQQFGRDVSDFTDSVRDPKTSEILDISPCSFGGVSVITPGTNASSEVAVLYQDVNCTDVSTAIHADQLTPAWRIYSTGNNVFQTQAGCLIGAEHVDTSYECDIPIGAGICASYHTVSLLRSTSQKSIVAYTMSLGADSSIAYSNNTIAIPTNFSISITTEVMPVSMAKTSVDCNMYICGDSTECANLLLQYGSFCTQLNRALSGIAAEQDRNTREVFAQVKQMYKTPTLKYFGGFNFSQILPDPLKPTKRSFIEDLLFNKVTLADAGFMKQYGECLGDINARDLICAQKFNGLTVLPPLLTDDMIAAYTAALVSGTATAGWTFGAGAALQIPFAMQMAYRFNGIGVTQNVLYENQKQIANQFNKAISQIQESLTTTSTALGKLQDVVNQNAQALNTLVKQLSSNFGAISSVLNDILSRLDKVEAEVQIDRLITGRLQSLQTYVTQQLIRAAEIRASANLAATKMSECVLGQSKRVDFCGKGYHLMSFPQAAPHGVVFLHVTYVPSQERNFTTAPAICHEGKAYFPREGVFVFNGTSWFITQRNFFSPQIITTDNTFVSGNCDVVIGIINNTVYDPLQPELDSFKEELDKYFKNHTSPDVDLGDISGINASVVNIQKEIDRLNEVAKNLNESLIDLQELGKYEQYIKWPWYVWLGFIAGLIAIVMVTILLCCMTSCCSCLKGACSCGSCCKFDEDDSEPVLKGVKLHYT,8.261272721000001,258.33,Covid,-1.210190127918243,-1.2181057002452675,-1.2852270980974871,0.2893165209371155,-0.5004052242777027,1.521250282991683,-1.2251973913554262,-0.22247298332304027,-1.0626337074042105,1.5069020164351974,0.9620238688412239,-0.9679656337478132,-0.4335093676669907,2.496138499144111,-0.3228508137683019,-0.5714178340398216,0.6613206580708698,-0.2295516977927882,0.3664331471308235,-0.13316548348754398,0.4539518791111624,0.11233240385572014,-0.5225937377641426,0.03909362757850721,0.029149372130035923,0.1941272031606133,0.14015253224970692,0.05225752434734713,-0.007836583612246071,-0.09551391632727571,-0.028792852730097993,0.0077059461340612855,0.0003792804988848414,-0.0003756798518141274,-0.0009895374002543672
YQDVNCTDVSTAIHADQLTP,SARS-CoV,S protein,S protein,SDLDRCTTFDDVQAPNYTQHTSSMRGVYYPDEIFRSDTLYLTQDLFLPFYSNVTGFHTINHTFGNPVIPFKDGIYFAATEKSNVVRGWVFGSTMNNKSQSVIIINNSTNVVIRACNFELCDNPFFAVSKPMGTQTHTMIFDNAFNCTFEYISDAFSLDVSEKSGNFKHLREFVFKNKDGFLYVYKGYQPIDVVRDLPSGFNTLKPIFKLPLGINITNFRAILTAFSPAQDIWGTSAAAYFVGYLKPTTFMLKYDENGTITDAVDCSQNPLAELKCSVKSFEIDKGIYQTSNFRVVPSGDVVRFPNITNLCPFGEVFNATKFPSVYAWERKKISNCVADYSVLYNSTFFSTFKCYGVSATKLNDLCFSNVYADSFVVKGDDVRQIAPGQTGVIADYNYKLPDDFMGCVLAWNTRNIDATSTGNYNYKYRYLRHGKLRPFERDISNVPFSPDGKPCTPPALNCYWPLNDYGFYTTTGIGYQPYRVVVLSFELLNAPATVCGPKLSTDLIKNQCVNFNFNGLTGTGVLTPSSKRFQPFQQFGRDVSDFTDSVRDPKTSEILDISPCSFGGVSVITPGTNASSEVAVLYQDVNCTDVSTAIHADQLTPAWRIYSTGNNVFQTQAGCLIGAEHVDTSYECDIPIGAGICASYHTVSLLRSTSQKSIVAYTMSLGADSSIAYSNNTIAIPTNFSISITTEVMPVSMAKTSVDCNMYICGDSTECANLLLQYGSFCTQLNRALSGIAAEQDRNTREVFAQVKQMYKTPTLKYFGGFNFSQILPDPLKPTKRSFIEDLLFNKVTLADAGFMKQYGECLGDINARDLICAQKFNGLTVLPPLLTDDMIAAYTAALVSGTATAGWTFGAGAALQIPFAMQMAYRFNGIGVTQNVLYENQKQIANQFNKAISQIQESLTTTSTALGKLQDVVNQNAQALNTLVKQLSSNFGAISSVLNDILSRLDKVEAEVQIDRLITGRLQSLQTYVTQQLIRAAEIRASANLAATKMSECVLGQSKRVDFCGKGYHLMSFPQAAPHGVVFLHVTYVPSQERNFTTAPAICHEGKAYFPREGVFVFNGTSWFITQRNFFSPQIITTDNTFVSGNCDVVIGIINNTVYDPLQPELDSFKEELDKYFKNHTSPDVDLGDISGINASVVNIQKEIDRLNEVAKNLNESLIDLQELGKYEQYIKWPWYVWLGFIAGLIAIVMVTILLCCMTSCCSCLKGACSCGSCCKFDEDDSEPVLKGVKLHYT,9.693161799,61.70399999999999,Covid,-1.1309280938991357,-2.2161292598147915,-0.9095883292200805,1.6057939066312035,-0.6063143790186422,0.8752657545217052,-2.5692902252506262,0.44240520995153376,-0.29047638509634804,0.41233297783127465,0.33328283955169663,0.36514621788503804,-0.1307577478819366,-0.37643070979375565,0.20153718581658459,-0.38365494137018974,0.4695643415224687,-0.28978111604346607,0.13533894099165636,0.5032500921378551,0.5553199044523517,-0.15770354521330346,-0.33145029445074103,0.2820949989047622,-0.040464777770263374,-0.3514272133041031,-0.1372815732390982,-0.1610537028119963,0.24827566380831684,-0.012085235734884868,-0.0016768283112742373,0.024246242563517317,0.0003828262797586243,-0.004288508367298214,0.0005001012172643297
PTTFMLKYDENGTITDAVDC,SARS-CoV,S protein,S protein,SDLDRCTTFDDVQAPNYTQHTSSMRGVYYPDEIFRSDTLYLTQDLFLPFYSNVTGFHTINHTFGNPVIPFKDGIYFAATEKSNVVRGWVFGSTMNNKSQSVIIINNSTNVVIRACNFELCDNPFFAVSKPMGTQTHTMIFDNAFNCTFEYISDAFSLDVSEKSGNFKHLREFVFKNKDGFLYVYKGYQPIDVVRDLPSGFNTLKPIFKLPLGINITNFRAILTAFSPAQDIWGTSAAAYFVGYLKPTTFMLKYDENGTITDAVDCSQNPLAELKCSVKSFEIDKGIYQTSNFRVVPSGDVVRFPNITNLCPFGEVFNATKFPSVYAWERKKISNCVADYSVLYNSTFFSTFKCYGVSATKLNDLCFSNVYADSFVVKGDDVRQIAPGQTGVIADYNYKLPDDFMGCVLAWNTRNIDATSTGNYNYKYRYLRHGKLRPFERDISNVPFSPDGKPCTPPALNCYWPLNDYGFYTTTGIGYQPYRVVVLSFELLNAPATVCGPKLSTDLIKNQCVNFNFNGLTGTGVLTPSSKRFQPFQQFGRDVSDFTDSVRDPKTSEILDISPCSFGGVSVITPGTNASSEVAVLYQDVNCTDVSTAIHADQLTPAWRIYSTGNNVFQTQAGCLIGAEHVDTSYECDIPIGAGICASYHTVSLLRSTSQKSIVAYTMSLGADSSIAYSNNTIAIPTNFSISITTEVMPVSMAKTSVDCNMYICGDSTECANLLLQYGSFCTQLNRALSGIAAEQDRNTREVFAQVKQMYKTPTLKYFGGFNFSQILPDPLKPTKRSFIEDLLFNKVTLADAGFMKQYGECLGDINARDLICAQKFNGLTVLPPLLTDDMIAAYTAALVSGTATAGWTFGAGAALQIPFAMQMAYRFNGIGVTQNVLYENQKQIANQFNKAISQIQESLTTTSTALGKLQDVVNQNAQALNTLVKQLSSNFGAISSVLNDILSRLDKVEAEVQIDRLITGRLQSLQTYVTQQLIRAAEIRASANLAATKMSECVLGQSKRVDFCGKGYHLMSFPQAAPHGVVFLHVTYVPSQERNFTTAPAICHEGKAYFPREGVFVFNGTSWFITQRNFFSPQIITTDNTFVSGNCDVVIGIINNTVYDPLQPELDSFKEELDKYFKNHTSPDVDLGDISGINASVVNIQKEIDRLNEVAKNLNESLIDLQELGKYEQYIKWPWYVWLGFIAGLIAIVMVTILLCCMTSCCSCLKGACSCGSCCKFDEDDSEPVLKGVKLHYT,9.720866041,60.018,Covid,-1.2817623616260523,-1.6673342327156309,-0.9601649549347655,1.5664102525448136,-0.2751862287499198,1.4407257052548677,-2.115586165043659,-0.40785310653945056,-0.7634698622080281,0.7886541381294347,0.5195817391320835,-0.13998299451607962,-0.1160596394331432,-0.11524317801364968,-0.0522767532802019,-0.7651034795222956,0.6941302173692794,-0.5951847045114872,-0.5339785806641049,-0.25273824097716124,-0.18231709983054922,0.05024778427083729,0.15540536726577409,0.013662422557132129,0.131236529194655,-0.03622544976782953,-0.04470589610431667,0.01653327858519644,0.018039639025103242,-0.0043407052530851755,0.021800602568832154,0.0022809777954910597,0.004439773874943828,0.0006653105692205549,0.0006349393100570903
QYGSFCTQLNRALSGIAAEQ,SARS-CoV,S protein,S protein,SDLDRCTTFDDVQAPNYTQHTSSMRGVYYPDEIFRSDTLYLTQDLFLPFYSNVTGFHTINHTFGNPVIPFKDGIYFAATEKSNVVRGWVFGSTMNNKSQSVIIINNSTNVVIRACNFELCDNPFFAVSKPMGTQTHTMIFDNAFNCTFEYISDAFSLDVSEKSGNFKHLREFVFKNKDGFLYVYKGYQPIDVVRDLPSGFNTLKPIFKLPLGINITNFRAILTAFSPAQDIWGTSAAAYFVGYLKPTTFMLKYDENGTITDAVDCSQNPLAELKCSVKSFEIDKGIYQTSNFRVVPSGDVVRFPNITNLCPFGEVFNATKFPSVYAWERKKISNCVADYSVLYNSTFFSTFKCYGVSATKLNDLCFSNVYADSFVVKGDDVRQIAPGQTGVIADYNYKLPDDFMGCVLAWNTRNIDATSTGNYNYKYRYLRHGKLRPFERDISNVPFSPDGKPCTPPALNCYWPLNDYGFYTTTGIGYQPYRVVVLSFELLNAPATVCGPKLSTDLIKNQCVNFNFNGLTGTGVLTPSSKRFQPFQQFGRDVSDFTDSVRDPKTSEILDISPCSFGGVSVITPGTNASSEVAVLYQDVNCTDVSTAIHADQLTPAWRIYSTGNNVFQTQAGCLIGAEHVDTSYECDIPIGAGICASYHTVSLLRSTSQKSIVAYTMSLGADSSIAYSNNTIAIPTNFSISITTEVMPVSMAKTSVDCNMYICGDSTECANLLLQYGSFCTQLNRALSGIAAEQDRNTREVFAQVKQMYKTPTLKYFGGFNFSQILPDPLKPTKRSFIEDLLFNKVTLADAGFMKQYGECLGDINARDLICAQKFNGLTVLPPLLTDDMIAAYTAALVSGTATAGWTFGAGAALQIPFAMQMAYRFNGIGVTQNVLYENQKQIANQFNKAISQIQESLTTTSTALGKLQDVVNQNAQALNTLVKQLSSNFGAISSVLNDILSRLDKVEAEVQIDRLITGRLQSLQTYVTQQLIRAAEIRASANLAATKMSECVLGQSKRVDFCGKGYHLMSFPQAAPHGVVFLHVTYVPSQERNFTTAPAICHEGKAYFPREGVFVFNGTSWFITQRNFFSPQIITTDNTFVSGNCDVVIGIINNTVYDPLQPELDSFKEELDKYFKNHTSPDVDLGDISGINASVVNIQKEIDRLNEVAKNLNESLIDLQELGKYEQYIKWPWYVWLGFIAGLIAIVMVTILLCCMTSCCSCLKGACSCGSCCKFDEDDSEPVLKGVKLHYT,11.18693656,13.854000000000001,Covid,-1.113035754556723,-1.9577943746154476,-0.7141116293321195,1.4020352130237725,-0.5470020625495576,0.6570213476852453,-2.066561465995247,0.3042216495445666,-0.33514615838813905,0.29565265320951717,0.12257639247152255,0.27956272195604426,-0.06656523120488554,-0.5757991760970051,0.034295461479926695,-0.06542592136549968,0.04134752212238644,-0.12459009767842476,-0.2543651614397329,0.05463707495435214,-0.21438917022109197,-0.19341437943482973,0.2109975607042632,0.14993172117986522,0.1133528007763364,-0.44642730737537906,-0.2392789600842516,-0.207545193499554,0.20241141279726863,0.03613652846849978,0.03871565618282622,0.01685700174314301,0.0019211133173850912,-0.0030074188337210774,0.0012305854114837398
