Sequence,Abbreviation,Target,Target_domain,Target_seq,pIC50,MIC,Family,p_z1,p_z2,p_z3,p_z4,p_z5,t_z1,t_z2,t_z3,t_z4,t_z5,x_z1,x_z2,x_z3,x_z4,x_z5,x_z6,x_z7,x_z8,x_z9,x_z10,x_z11,x_z12,x_z13,x_z14,x_z15,x_z16,x_z17,x_z18,x_z19,x_z20,x_z21,x_z22,x_z23,x_z24,x_z25
VSTALPQWRIYSYAGDNI,HCV,Virus entry,"HCV glycoproteins: E1, E2",YQVRNSSGLYHVTNDCPNSSVVYEAADAILHTPGCVPCVREGNASRCWVAVTPTVATRDGKLPTTQLRRHIDLLVGSATLCSALYVGDLCGSVFLVGQLFTFSPRHHWTTQDCNCSIYPGHITGHRMAWNMMMNWSPTAALVVAQLLRIPQAIMDMIAGAHWGVLAGIKYFSMVGNWAKVLVVLLLFAGVDAETHVTGGNAGRTTAGLVGLLTPGAKQNIQLINTNGSWHINSTALNCNESLNTGWLAGLFYQHKFNSSGCPERLASCRRLTDFAQGWGPISYANGSGLDERPYCWHYPPRPCGIVPAKSVCGPVYCFTPSPVVVGTTDRSGAPTYSWGANDTDVFVLNNTRPPLGNWFGCTWMNSTGFTKVCGAPPCVIGGVGNNTLLCPTDCFRKYPEATYSRCGSGPRITPRCMVDYPYRLWHYPCTINYTIFKVRMYVGGVEHRLEAACNWTRGERCDLEDRDRSELSPLLLSTTQWQVLPCSFTTLPALSTGLIHLHQNIVDVQYLYGVGSSIASWAIKWEYVVLLFLLLADARVCSCLWMMLLISQAEA,10.59663473,25.0,Falviviridae,-0.3760122647749852,0.5541279659324232,0.31326369528652204,-0.46379783389573215,0.5388305174838199,-1.2917491025804801,0.33208500053046275,1.24686034210598,1.444555895000082,-1.4550033787600207,0.48571350558234105,-0.12486803314726147,-0.46883478109338245,-0.5431707336730366,0.547099115702811,-0.7157943027079545,0.184017585860613,0.690920185172992,0.8004688197720866,-0.8062580626970934,-0.4046580972574098,0.10403017441539938,0.39059607827433634,0.45252691771565484,-0.45579973508473914,0.5991104357135826,-0.15402030391529167,-0.5782911258392451,-0.6699818950423487,0.6748274153798691,-0.6960338374027001,0.17893753268444387,0.671846403367018,0.7783708004371969,-0.7840002235179684
ALPQWRIYSYAGDNIVTA,HCV,Virus entry,"HCV glycoproteins: E1, E2",YQVRNSSGLYHVTNDCPNSSVVYEAADAILHTPGCVPCVREGNASRCWVAVTPTVATRDGKLPTTQLRRHIDLLVGSATLCSALYVGDLCGSVFLVGQLFTFSPRHHWTTQDCNCSIYPGHITGHRMAWNMMMNWSPTAALVVAQLLRIPQAIMDMIAGAHWGVLAGIKYFSMVGNWAKVLVVLLLFAGVDAETHVTGGNAGRTTAGLVGLLTPGAKQNIQLINTNGSWHINSTALNCNESLNTGWLAGLFYQHKFNSSGCPERLASCRRLTDFAQGWGPISYANGSGLDERPYCWHYPPRPCGIVPAKSVCGPVYCFTPSPVVVGTTDRSGAPTYSWGANDTDVFVLNNTRPPLGNWFGCTWMNSTGFTKVCGAPPCVIGGVGNNTLLCPTDCFRKYPEATYSRCGSGPRITPRCMVDYPYRLWHYPCTINYTIFKVRMYVGGVEHRLEAACNWTRGERCDLEDRDRSELSPLLLSTTQWQVLPCSFTTLPALSTGLIHLHQNIVDVQYLYGVGSSIASWAIKWEYVVLLFLLLADARVCSCLWMMLLISQAEA,10.59663473,25.0,Falviviridae,-0.4909197428218035,0.4237278797551654,0.26393657473332155,-0.30794071611262996,0.6533395775119354,-1.2917491025804801,0.33208500053046275,1.24686034210598,1.444555895000082,-1.4550033787600207,0.6341451372291048,-0.16302708305539326,-0.6121083584813737,-0.7091610084651605,0.7142898845057245,-0.5473501084120646,0.14071367317326597,0.5283294891113671,0.6120986065762101,-0.6165254967185855,-0.34093983354993396,0.08764937756032361,0.3290920478662699,0.38127113493714937,-0.38402860801532956,0.3977821436864802,-0.1022624928736138,-0.3839590666405543,-0.44483757677104635,0.44805478240165697,-0.8439508129313525,0.21696427394462336,0.8146232091279082,0.9437855381317293,-0.9506112927575104
AGALMFAWLLLGLQGIFN,HCV,Virus entry,"HCV glycoproteins: E1, E2",YQVRNSSGLYHVTNDCPNSSVVYEAADAILHTPGCVPCVREGNASRCWVAVTPTVATRDGKLPTTQLRRHIDLLVGSATLCSALYVGDLCGSVFLVGQLFTFSPRHHWTTQDCNCSIYPGHITGHRMAWNMMMNWSPTAALVVAQLLRIPQAIMDMIAGAHWGVLAGIKYFSMVGNWAKVLVVLLLFAGVDAETHVTGGNAGRTTAGLVGLLTPGAKQNIQLINTNGSWHINSTALNCNESLNTGWLAGLFYQHKFNSSGCPERLASCRRLTDFAQGWGPISYANGSGLDERPYCWHYPPRPCGIVPAKSVCGPVYCFTPSPVVVGTTDRSGAPTYSWGANDTDVFVLNNTRPPLGNWFGCTWMNSTGFTKVCGAPPCVIGGVGNNTLLCPTDCFRKYPEATYSRCGSGPRITPRCMVDYPYRLWHYPCTINYTIFKVRMYVGGVEHRLEAACNWTRGERCDLEDRDRSELSPLLLSTTQWQVLPCSFTTLPALSTGLIHLHQNIVDVQYLYGVGSSIASWAIKWEYVVLLFLLLADARVCSCLWMMLLISQAEA,10.59663473,25.0,Falviviridae,-1.6522869511740643,-0.68415125240682,0.21371259744279006,0.032451229125665344,0.6951444724428345,-1.2917491025804801,0.33208500053046275,1.24686034210598,1.444555895000082,-1.4550033787600207,2.1343401863845353,-0.5486997130571158,-2.0601710731981404,-2.3868208555502073,2.404083096639357,0.8837517663258212,-0.22719636901843557,-0.8530410646282023,-0.9882947247359608,0.9954423838348228,-0.2760630559568675,0.0709707480351555,0.2664697623598748,0.30871979247176184,-0.3109525513628397,-0.04191884610071175,0.010776566441410744,0.04046215064938664,0.04687761433347823,-0.04721664802275867,-0.8979522484418128,0.23084705249992693,0.8667480747231536,1.0041750455440186,-1.0114375561306763
MASAGMQILGVVLTLLGW,HCV,Virus entry,"HCV glycoproteins: E1, E2",YQVRNSSGLYHVTNDCPNSSVVYEAADAILHTPGCVPCVREGNASRCWVAVTPTVATRDGKLPTTQLRRHIDLLVGSATLCSALYVGDLCGSVFLVGQLFTFSPRHHWTTQDCNCSIYPGHITGHRMAWNMMMNWSPTAALVVAQLLRIPQAIMDMIAGAHWGVLAGIKYFSMVGNWAKVLVVLLLFAGVDAETHVTGGNAGRTTAGLVGLLTPGAKQNIQLINTNGSWHINSTALNCNESLNTGWLAGLFYQHKFNSSGCPERLASCRRLTDFAQGWGPISYANGSGLDERPYCWHYPPRPCGIVPAKSVCGPVYCFTPSPVVVGTTDRSGAPTYSWGANDTDVFVLNNTRPPLGNWFGCTWMNSTGFTKVCGAPPCVIGGVGNNTLLCPTDCFRKYPEATYSRCGSGPRITPRCMVDYPYRLWHYPCTINYTIFKVRMYVGGVEHRLEAACNWTRGERCDLEDRDRSELSPLLLSTTQWQVLPCSFTTLPALSTGLIHLHQNIVDVQYLYGVGSSIASWAIKWEYVVLLFLLLADARVCSCLWMMLLISQAEA,10.59663473,25.0,Falviviridae,-1.4096451138100852,-1.7930735852582238,-0.2212629201627065,-0.17702073717482406,0.10260552690052248,-1.2917491025804801,0.33208500053046275,1.24686034210598,1.444555895000082,-1.4550033787600207,1.8209078107211363,-0.4681219983673864,-1.757630588853266,-2.03631115901242,2.0510384034462277,2.3162011946180745,-0.595452842511636,-2.235712343936265,-2.5901950177536994,2.60892812491606,0.2858161785545125,-0.07347809695960413,-0.27588396032944035,-0.3196266556659702,0.32193829643104666,0.228666378383714,-0.05878593159860435,-0.2207201369136539,-0.25571634942315224,0.2575657706999586,-0.13254059729354722,0.03407375645518842,0.1279347623731498,0.14821941874373926,-0.1492913883197124
MANSGLQLLGFSMALLGW,HCV,Virus entry,"HCV glycoproteins: E1, E2",YQVRNSSGLYHVTNDCPNSSVVYEAADAILHTPGCVPCVREGNASRCWVAVTPTVATRDGKLPTTQLRRHIDLLVGSATLCSALYVGDLCGSVFLVGQLFTFSPRHHWTTQDCNCSIYPGHITGHRMAWNMMMNWSPTAALVVAQLLRIPQAIMDMIAGAHWGVLAGIKYFSMVGNWAKVLVVLLLFAGVDAETHVTGGNAGRTTAGLVGLLTPGAKQNIQLINTNGSWHINSTALNCNESLNTGWLAGLFYQHKFNSSGCPERLASCRRLTDFAQGWGPISYANGSGLDERPYCWHYPPRPCGIVPAKSVCGPVYCFTPSPVVVGTTDRSGAPTYSWGANDTDVFVLNNTRPPLGNWFGCTWMNSTGFTKVCGAPPCVIGGVGNNTLLCPTDCFRKYPEATYSRCGSGPRITPRCMVDYPYRLWHYPCTINYTIFKVRMYVGGVEHRLEAACNWTRGERCDLEDRDRSELSPLLLSTTQWQVLPCSFTTLPALSTGLIHLHQNIVDVQYLYGVGSSIASWAIKWEYVVLLFLLLADARVCSCLWMMLLISQAEA,10.59663473,25.0,Falviviridae,-1.1285226326350786,-0.7102312696422719,0.46662619737010946,-0.01742304856492732,0.589723433051871,-1.2917491025804801,0.33208500053046275,1.24686034210598,1.444555895000082,-1.4550033787600207,1.4577680979481236,-0.3747654390572593,-1.4071101158017154,-1.6302140216140149,1.642004243491193,0.9174406051849997,-0.2358571515559051,-0.8855592038405277,-1.0259687673751368,1.033388897030525,-0.6027639716933809,0.1549595610011806,0.5818177000885073,0.6740676241724635,-0.6789426937914496,0.022506207347960987,-0.005785933091926167,-0.021724108294194383,-0.025168567513338482,0.02535059453026918,-0.7617747154154343,0.1958383065778569,0.7353027614829689,0.8518884616347665,-0.8580495876244312
MASTGLELLGMTLAVLGW,HCV,Virus entry,"HCV glycoproteins: E1, E2",YQVRNSSGLYHVTNDCPNSSVVYEAADAILHTPGCVPCVREGNASRCWVAVTPTVATRDGKLPTTQLRRHIDLLVGSATLCSALYVGDLCGSVFLVGQLFTFSPRHHWTTQDCNCSIYPGHITGHRMAWNMMMNWSPTAALVVAQLLRIPQAIMDMIAGAHWGVLAGIKYFSMVGNWAKVLVVLLLFAGVDAETHVTGGNAGRTTAGLVGLLTPGAKQNIQLINTNGSWHINSTALNCNESLNTGWLAGLFYQHKFNSSGCPERLASCRRLTDFAQGWGPISYANGSGLDERPYCWHYPPRPCGIVPAKSVCGPVYCFTPSPVVVGTTDRSGAPTYSWGANDTDVFVLNNTRPPLGNWFGCTWMNSTGFTKVCGAPPCVIGGVGNNTLLCPTDCFRKYPEATYSRCGSGPRITPRCMVDYPYRLWHYPCTINYTIFKVRMYVGGVEHRLEAACNWTRGERCDLEDRDRSELSPLLLSTTQWQVLPCSFTTLPALSTGLIHLHQNIVDVQYLYGVGSSIASWAIKWEYVVLLFLLLADARVCSCLWMMLLISQAEA,10.59663473,25.0,Falviviridae,-1.1792957043301842,-1.7252655404460495,-0.044582142908515164,-0.4500824075308194,-0.026444366147036363,-1.2917491025804801,0.33208500053046275,1.24686034210598,1.444555895000082,-1.4550033787600207,1.5233541677455307,-0.39162641459806163,-1.470417045345246,-1.7035585616384414,1.7158792343575964,2.2286102135842114,-0.5729348079142155,-2.15116518198422,-2.4922425068918432,2.510267190607235,0.05758894309318918,-0.014805060951423425,-0.05558770595872891,-0.06440139735023169,0.06486716856425166,0.5813935460151979,-0.1494656165436241,-0.5611899046297606,-0.6501691950344745,0.6548714236777868,0.034159486238743854,-0.00878177734596632,-0.03297243142086956,-0.038200365007241985,0.03847664209310502
GWIGAIVSTALPQWRIYS,HCV,Virus entry,"HCV glycoproteins: E1, E2",YQVRNSSGLYHVTNDCPNSSVVYEAADAILHTPGCVPCVREGNASRCWVAVTPTVATRDGKLPTTQLRRHIDLLVGSATLCSALYVGDLCGSVFLVGQLFTFSPRHHWTTQDCNCSIYPGHITGHRMAWNMMMNWSPTAALVVAQLLRIPQAIMDMIAGAHWGVLAGIKYFSMVGNWAKVLVVLLLFAGVDAETHVTGGNAGRTTAGLVGLLTPGAKQNIQLINTNGSWHINSTALNCNESLNTGWLAGLFYQHKFNSSGCPERLASCRRLTDFAQGWGPISYANGSGLDERPYCWHYPPRPCGIVPAKSVCGPVYCFTPSPVVVGTTDRSGAPTYSWGANDTDVFVLNNTRPPLGNWFGCTWMNSTGFTKVCGAPPCVIGGVGNNTLLCPTDCFRKYPEATYSRCGSGPRITPRCMVDYPYRLWHYPCTINYTIFKVRMYVGGVEHRLEAACNWTRGERCDLEDRDRSELSPLLLSTTQWQVLPCSFTTLPALSTGLIHLHQNIVDVQYLYGVGSSIASWAIKWEYVVLLFLLLADARVCSCLWMMLLISQAEA,10.74745762,21.5,Falviviridae,-0.9473429346914904,-0.15942130562953316,-0.059828707443140595,0.20327063021594535,0.06625344435191423,-1.2917491025804801,0.33208500053046275,1.24686034210598,1.444555895000082,-1.4550033787600207,1.2237293857236913,-0.3145983789695537,-1.1812043356411148,-1.3684898208952703,1.3783871708205522,0.2059323284791579,-0.052941424364550585,-0.19877610367622173,-0.2302929868357519,0.23195853833730468,0.07728367914822695,-0.019868216342992247,-0.07459804263031287,-0.08642591202722404,0.08705097147661436,-0.26257465416241604,0.0675031273430897,0.2534500875311518,0.29363578715882566,-0.29575945376687923,-0.08558282728445099,0.02200177510275042,0.08260879229032729,0.09570680360261759,-0.09639898538652421
AFLGWIGAIVSTALPQWR,HCV,Virus entry,"HCV glycoproteins: E1, E2",YQVRNSSGLYHVTNDCPNSSVVYEAADAILHTPGCVPCVREGNASRCWVAVTPTVATRDGKLPTTQLRRHIDLLVGSATLCSALYVGDLCGSVFLVGQLFTFSPRHHWTTQDCNCSIYPGHITGHRMAWNMMMNWSPTAALVVAQLLRIPQAIMDMIAGAHWGVLAGIKYFSMVGNWAKVLVVLLLFAGVDAETHVTGGNAGRTTAGLVGLLTPGAKQNIQLINTNGSWHINSTALNCNESLNTGWLAGLFYQHKFNSSGCPERLASCRRLTDFAQGWGPISYANGSGLDERPYCWHYPPRPCGIVPAKSVCGPVYCFTPSPVVVGTTDRSGAPTYSWGANDTDVFVLNNTRPPLGNWFGCTWMNSTGFTKVCGAPPCVIGGVGNNTLLCPTDCFRKYPEATYSRCGSGPRITPRCMVDYPYRLWHYPCTINYTIFKVRMYVGGVEHRLEAACNWTRGERCDLEDRDRSELSPLLLSTTQWQVLPCSFTTLPALSTGLIHLHQNIVDVQYLYGVGSSIASWAIKWEYVVLLFLLLADARVCSCLWMMLLISQAEA,11.28978191,12.5,Falviviridae,-1.1728822636950127,-0.2971237966327178,-0.03292300532321308,0.4364328784194664,0.4406798946025777,-1.2917491025804801,0.33208500053046275,1.24686034210598,1.444555895000082,-1.4550033787600207,1.5150696115605946,-0.38949660716132867,-1.4624203805607998,-1.6942939881616714,1.706547656563945,0.38380939765561833,-0.0986703561623892,-0.3704718787172982,-0.42921193197059804,0.4323161280106097,0.042528262580512864,-0.010933236240223644,-0.04105038968045846,-0.047559121420766536,0.04790308398420918,-0.5637617790349615,0.14493281266143987,0.5441708480923935,0.6304516872926943,-0.635011312702285,-0.5692478583781404,0.14634318303286128,0.5494662841433973,0.6365867395561685,-0.6411907355983604
FILAFLGWIGAIVSTALP,HCV,Virus entry,"HCV glycoproteins: E1, E2",YQVRNSSGLYHVTNDCPNSSVVYEAADAILHTPGCVPCVREGNASRCWVAVTPTVATRDGKLPTTQLRRHIDLLVGSATLCSALYVGDLCGSVFLVGQLFTFSPRHHWTTQDCNCSIYPGHITGHRMAWNMMMNWSPTAALVVAQLLRIPQAIMDMIAGAHWGVLAGIKYFSMVGNWAKVLVVLLLFAGVDAETHVTGGNAGRTTAGLVGLLTPGAKQNIQLINTNGSWHINSTALNCNESLNTGWLAGLFYQHKFNSSGCPERLASCRRLTDFAQGWGPISYANGSGLDERPYCWHYPPRPCGIVPAKSVCGPVYCFTPSPVVVGTTDRSGAPTYSWGANDTDVFVLNNTRPPLGNWFGCTWMNSTGFTKVCGAPPCVIGGVGNNTLLCPTDCFRKYPEATYSRCGSGPRITPRCMVDYPYRLWHYPCTINYTIFKVRMYVGGVEHRLEAACNWTRGERCDLEDRDRSELSPLLLSTTQWQVLPCSFTTLPALSTGLIHLHQNIVDVQYLYGVGSSIASWAIKWEYVVLLFLLLADARVCSCLWMMLLISQAEA,11.62945928,8.9,Falviviridae,-1.8837052674264931,-1.1348139502354244,0.16528233362692019,-0.20071101907785555,0.727861346736582,-1.2917491025804801,0.33208500053046275,1.24686034210598,1.444555895000082,-1.4550033787600207,2.433274588724296,-0.6255502647325625,-2.348717394170234,-2.721117548503647,2.7407975286935957,1.4658949018124192,-0.3768546912659074,-1.4149545102171799,-1.6393021815409121,1.6511581318565485,-0.21350330613498167,0.05488778385017191,0.20608398705013645,0.23875956938013784,-0.24048635387650985,0.2592682787718335,-0.06665311887693938,-0.25025860991185483,-0.28993828580039016,0.2920352109126468,-0.9402142414499994,0.24171183571712115,0.907541447797694,1.0514363991710283,-1.0590407187705457
MANAGLQLLGFILAFL,HCV,Virus entry,"HCV glycoproteins: E1, E2",YQVRNSSGLYHVTNDCPNSSVVYEAADAILHTPGCVPCVREGNASRCWVAVTPTVATRDGKLPTTQLRRHIDLLVGSATLCSALYVGDLCGSVFLVGQLFTFSPRHHWTTQDCNCSIYPGHITGHRMAWNMMMNWSPTAALVVAQLLRIPQAIMDMIAGAHWGVLAGIKYFSMVGNWAKVLVVLLLFAGVDAETHVTGGNAGRTTAGLVGLLTPGAKQNIQLINTNGSWHINSTALNCNESLNTGWLAGLFYQHKFNSSGCPERLASCRRLTDFAQGWGPISYANGSGLDERPYCWHYPPRPCGIVPAKSVCGPVYCFTPSPVVVGTTDRSGAPTYSWGANDTDVFVLNNTRPPLGNWFGCTWMNSTGFTKVCGAPPCVIGGVGNNTLLCPTDCFRKYPEATYSRCGSGPRITPRCMVDYPYRLWHYPCTINYTIFKVRMYVGGVEHRLEAACNWTRGERCDLEDRDRSELSPLLLSTTQWQVLPCSFTTLPALSTGLIHLHQNIVDVQYLYGVGSSIASWAIKWEYVVLLFLLLADARVCSCLWMMLLISQAEA,11.78736231,7.6,Falviviridae,-1.7089390101180768,-0.9002241952025369,0.07862355138232009,-0.38727198906422894,1.2270208802321567,-1.2917491025804801,0.33208500053046275,1.24686034210598,1.444555895000082,-1.4550033787600207,2.2075204326847997,-0.56751301208159,-2.1308082787940803,-2.4686579212616726,2.486512033816607,1.162863796274112,-0.29895095234136987,-1.1224538480023158,-1.3004241680015294,1.3098292456612117,-0.10156190193980225,0.026109702102504632,0.09803258817414673,0.11357611463517234,-0.11439753291138784,0.5002582443282753,-0.12860721869382782,-0.48287408477268784,-0.5594360347711392,0.5634820525875669,-1.5850031208873994,0.40747522966278465,1.5299236744974478,1.7725002458275516,-1.7853195265468829
MANAGLQLLGFILAFLGWIGAIVS,HCV,Virus entry,"HCV glycoproteins: E1, E2",YQVRNSSGLYHVTNDCPNSSVVYEAADAILHTPGCVPCVREGNASRCWVAVTPTVATRDGKLPTTQLRRHIDLLVGSATLCSALYVGDLCGSVFLVGQLFTFSPRHHWTTQDCNCSIYPGHITGHRMAWNMMMNWSPTAALVVAQLLRIPQAIMDMIAGAHWGVLAGIKYFSMVGNWAKVLVVLLLFAGVDAETHVTGGNAGRTTAGLVGLLTPGAKQNIQLINTNGSWHINSTALNCNESLNTGWLAGLFYQHKFNSSGCPERLASCRRLTDFAQGWGPISYANGSGLDERPYCWHYPPRPCGIVPAKSVCGPVYCFTPSPVVVGTTDRSGAPTYSWGANDTDVFVLNNTRPPLGNWFGCTWMNSTGFTKVCGAPPCVIGGVGNNTLLCPTDCFRKYPEATYSRCGSGPRITPRCMVDYPYRLWHYPCTINYTIFKVRMYVGGVEHRLEAACNWTRGERCDLEDRDRSELSPLLLSTTQWQVLPCSFTTLPALSTGLIHLHQNIVDVQYLYGVGSSIASWAIKWEYVVLLFLLLADARVCSCLWMMLLISQAEA,12.18627002,5.1,Falviviridae,-1.4892786683634616,-1.2839916488222076,0.10048443435476129,-0.31947414282857944,0.721954133322433,-1.2917491025804801,0.33208500053046275,1.24686034210598,1.444555895000082,-1.4550033787600207,1.923774383350754,-0.49456710737348697,-1.856922509926804,-2.151346279682311,2.166905494384061,1.6585950600869177,-0.42639436738023256,-1.6009582665116793,-1.8547977054369953,1.868212187335962,-0.12980067790107006,0.03336937343600415,0.12529005619590355,0.1451553820029192,-0.14620519149896719,0.4126804372964856,-0.10609257089069794,-0.3983396390212573,-0.46149825632312264,0.4648359572420445,-0.9325836038235211,0.23975013874734993,0.9001759776592351,1.0429030992105957,-1.0504457032939025
LLGFILAFLGWIGAIVST,HCV,Virus entry,"HCV glycoproteins: E1, E2",YQVRNSSGLYHVTNDCPNSSVVYEAADAILHTPGCVPCVREGNASRCWVAVTPTVATRDGKLPTTQLRRHIDLLVGSATLCSALYVGDLCGSVFLVGQLFTFSPRHHWTTQDCNCSIYPGHITGHRMAWNMMMNWSPTAALVVAQLLRIPQAIMDMIAGAHWGVLAGIKYFSMVGNWAKVLVVLLLFAGVDAETHVTGGNAGRTTAGLVGLLTPGAKQNIQLINTNGSWHINSTALNCNESLNTGWLAGLFYQHKFNSSGCPERLASCRRLTDFAQGWGPISYANGSGLDERPYCWHYPPRPCGIVPAKSVCGPVYCFTPSPVVVGTTDRSGAPTYSWGANDTDVFVLNNTRPPLGNWFGCTWMNSTGFTKVCGAPPCVIGGVGNNTLLCPTDCFRKYPEATYSRCGSGPRITPRCMVDYPYRLWHYPCTINYTIFKVRMYVGGVEHRLEAACNWTRGERCDLEDRDRSELSPLLLSTTQWQVLPCSFTTLPALSTGLIHLHQNIVDVQYLYGVGSSIASWAIKWEYVVLLFLLLADARVCSCLWMMLLISQAEA,12.35689554,4.3,Falviviridae,-1.9269959917138986,-1.4801133784328042,-0.1548955216002183,-0.4625509769534674,0.2116617745463466,-1.2917491025804801,0.33208500053046275,1.24686034210598,1.444555895000082,-1.4550033787600207,2.489195342972611,-0.6399264649305096,-2.402694881465244,-2.7836534194718414,2.803785678800739,1.9119351283079375,-0.4915234520620028,-1.8454946733883641,-2.1381065060835946,2.1535699665676393,0.20008615102081737,-0.0514384793727748,-0.19313308305313243,-0.2237552388367079,0.2253735072831134,0.5974998093773659,-0.15360624142695828,-0.5767364693656557,-0.6681807404961785,0.6730132343160435,-0.27341390732083515,0.0702897005125022,0.26391267262161655,0.3057572641671033,-0.30796859711927604
MANAGLQLLGFILAFLGWIGAI,HCV,Virus entry,"HCV glycoproteins: E1, E2",YQVRNSSGLYHVTNDCPNSSVVYEAADAILHTPGCVPCVREGNASRCWVAVTPTVATRDGKLPTTQLRRHIDLLVGSATLCSALYVGDLCGSVFLVGQLFTFSPRHHWTTQDCNCSIYPGHITGHRMAWNMMMNWSPTAALVVAQLLRIPQAIMDMIAGAHWGVLAGIKYFSMVGNWAKVLVVLLLFAGVDAETHVTGGNAGRTTAGLVGLLTPGAKQNIQLINTNGSWHINSTALNCNESLNTGWLAGLFYQHKFNSSGCPERLASCRRLTDFAQGWGPISYANGSGLDERPYCWHYPPRPCGIVPAKSVCGPVYCFTPSPVVVGTTDRSGAPTYSWGANDTDVFVLNNTRPPLGNWFGCTWMNSTGFTKVCGAPPCVIGGVGNNTLLCPTDCFRKYPEATYSRCGSGPRITPRCMVDYPYRLWHYPCTINYTIFKVRMYVGGVEHRLEAACNWTRGERCDLEDRDRSELSPLLLSTTQWQVLPCSFTTLPALSTGLIHLHQNIVDVQYLYGVGSSIASWAIKWEYVVLLFLLLADARVCSCLWMMLLISQAEA,12.429216199999999,4.0,Falviviridae,-1.6079273201141298,-1.189250058937785,0.09027249741378873,-0.16092494755649642,0.721582350660004,-1.2917491025804801,0.33208500053046275,1.24686034210598,1.444555895000082,-1.4550033787600207,2.0770386727720633,-0.5339685449530464,-2.0048608084390556,-2.3227408890025503,2.339539683566604,1.536212696376667,-0.3949321064532072,-1.4828287353367235,-1.7179381832677725,1.730362853945031,-0.11660941752196032,0.029978142351544227,0.11255719700811782,0.13040366829546818,-0.13134678874616784,0.20787465658891507,-0.053440761294663804,-0.20065093516368002,-0.23246508164531596,0.23414634242148144,-0.9321033539029735,0.23962667530169998,0.8997124166015699,1.042366038373925,-1.0499047582639038
GAIVSTALPQWRIYSYAG,HCV,Virus entry,"HCV glycoproteins: E1, E2",YQVRNSSGLYHVTNDCPNSSVVYEAADAILHTPGCVPCVREGNASRCWVAVTPTVATRDGKLPTTQLRRHIDLLVGSATLCSALYVGDLCGSVFLVGQLFTFSPRHHWTTQDCNCSIYPGHITGHRMAWNMMMNWSPTAALVVAQLLRIPQAIMDMIAGAHWGVLAGIKYFSMVGNWAKVLVVLLLFAGVDAETHVTGGNAGRTTAGLVGLLTPGAKQNIQLINTNGSWHINSTALNCNESLNTGWLAGLFYQHKFNSSGCPERLASCRRLTDFAQGWGPISYANGSGLDERPYCWHYPPRPCGIVPAKSVCGPVYCFTPSPVVVGTTDRSGAPTYSWGANDTDVFVLNNTRPPLGNWFGCTWMNSTGFTKVCGAPPCVIGGVGNNTLLCPTDCFRKYPEATYSRCGSGPRITPRCMVDYPYRLWHYPCTINYTIFKVRMYVGGVEHRLEAACNWTRGERCDLEDRDRSELSPLLLSTTQWQVLPCSFTTLPALSTGLIHLHQNIVDVQYLYGVGSSIASWAIKWEYVVLLFLLLADARVCSCLWMMLLISQAEA,10.64582498,23.8,Falviviridae,-0.6293431698642494,-0.37745024971790936,0.13299549108300704,-0.13338074419555546,0.27709552313384145,-1.2917491025804801,0.33208500053046275,1.24686034210598,1.444555895000082,-1.4550033787600207,0.8129534748872989,-0.20899542689821238,-0.7847030400789999,-0.9091213860054396,0.9156964385520245,0.48757102134188757,-0.12534556637779523,-0.4706277474912601,-0.545247983299259,0.5491913886533717,-0.1717968062537246,0.04416580772684955,0.16582680351031098,0.19211942065238866,-0.19350888888562345,0.17229445661612536,-0.04429374450693455,-0.16630716033802048,-0.19267594030718763,0.1940694334660592,-0.3579378933372084,0.0920192669468906,0.34549941877069706,0.40027997142112226,-0.4031749223990148
CAGKRKSG,DENV 2,Replication,NS2B-NS3 protease,SWPLNEAIMAVGMVSILASSLLKNDIPMTGPLVAGGLLTVCYVLTGRSADLELERAADVKWEDQAEISGSSPILSITISEDGSMSIKNEEEEQTLTILIRTGLLVISGLFPVSIPITAAAWYLWEVKKQRAGVLWDVPSPPPVGKAELEDGAYRIKQKGILGYSQIGAGVYKEGTFHTMWHVTRGAVLMHKGKRIEPSWADVKKDLISYGGGWKLEGEWKEGEEVQVLALEPGKNPRAVQTKPGLFKTNAGTIGAVSLDFSPGTSGSPIIDKKGKVVGLYGNGVVTRSGAYVSAIAQTEKSIEDNPEIEDDIFRKRKLTIMDLHPGAGKTKRYLPAIVREAIKRGLRTLILAPTRVVAAEMEEALRGLPIRYQTPAIRAEHTGREIVDLMCHATFTMRLLSPVRVPNYNLIIMDEAHFTDPASIAARGYISTRVEMGEAAGIFMTATPPGSRDPFPQSNAPIMDEEREIPERSWSSGHEWVTDFKGKTVWFVPSIKAGNDIAACLRKNGKKVIQLSRKTFDSEYVKTRTNDWDFVVTTDISEMGANFKAERVIDPRRCMKPVILTDGEERVILAGPMPVTHSSAAQRRGRIGRNPKNENDQYIYMGEPLENDEDCAHWKEAKMLLDNINTPEGIIPSMFEPEREKVDAIDGEYRLRGEARKTFVDLMRRGDLPVWLAYRVAAEGINYADRRWCFDGIKNNQILEENVEVEIWTKEGERKKLKPRWLDAKIYSDPLALKEFKEFAAGRK,11.91340303,6.7,Falviviridae,1.7964071370427095,-0.9319114161436102,0.06348909393986069,1.005623072563356,-0.7421259913227584,1.6845834655858969,0.9989215192515256,-2.077162100330945,0.05567547695880891,1.4113070778840966,3.026197760522647,1.794469746528987,-3.731428821829134,0.10001582416706126,2.5352821072698823,-1.5698825630262638,-0.9309063676220158,1.9357310744792464,-0.05188461257715455,-1.3152131775644689,0.10695267789611908,0.06342062217430847,-0.1318771397162297,0.003534785586784368,0.08960260764577369,1.694056000651916,1.0045385274393748,-2.0888421335469585,0.05598854420574774,1.4192429599922167,-1.2501731743638616,-0.7413256227281743,1.5415159828461653,-0.04131821853042345,-1.0473676642355605
GELGRLVYLLDGPGYDPI,HCV,Replication,NS3/4A complex,APITAYAQQTRGLLGCIITSLTGRDKNQVEGEVQIVSTATQTFLATCINGVCWTVYHGAGTRTIASPKGPVIQTYTNVDQDLVGWPAPQGSRSLTPCTCGSSDLYLVTRHADVIPVRRRGDSRGSLLSPRPISYLKGSSGGPLLCPTGHAVGLFRAAVCTRGVAKAVDFIPVENLETTMRSPVFTDNSSPPAVPQSFQVAHLHAPTGSGKSTKVPAAYAAKGYKVLVLNPSVAATLGFGAYMSKAHGVDPNIRTGVRTITTGSPITYSTYGKFLADAGCSGGAYDIIICDECHSTDATSISGIGTVLDQAETAGARLVVLATATPPGSVTVSHPNIEEVALSTTGEIPFYGKAIPLEVIKGGRHLIFCHSKKKCDELAAKLVALGINAVAYYRGLDVSVIPTSGDVVVVSTDALMTGFTGDFDSVIDCNTCVTQTVDFSLDPTFTIETTTLPQDAVSRTQRRGRTGRGKPGIYRFVAPGERPSGMFDSSVLCECYDAGCAWYELTPAETTVRLRAYMNTPGLPVCQDHLGFWEGVFTGLTHIDAHFLSQTKQSGENFPYLVAYQATVCARAQAPPPSWDQMRKCLIRLKPTLHGPTPLLYRLGAVQNEVTLTHPITKYIMTCMSADLEVVTSTWVLVGGVLAALAAYCLSTGCVVIVGRIVLSGKPAIIPDREVLYQEFDEMEEC,15.894952100000001,0.125,Falviviridae,-0.5801734583279367,-0.4880295227962238,0.26034914778399776,-1.0884731619704064,0.4297742698379952,0.18900773352023212,-1.2716819964857033,-0.1862418170251975,-0.6533427302929331,0.09237919123720213,-0.10965727040715814,0.7377961417944855,0.10805255906878762,0.37905211130746735,-0.05359595485762538,-0.09224135399467472,0.620618357893467,0.09089150508750876,0.3188505408872421,-0.045083772615792855,0.04920800234657738,-0.3310813240373057,-0.04848789834425341,-0.17009722304263544,0.02405084371158053,-0.20572984534162703,1.384191723735633,0.20271921946853058,0.7111460274923274,-0.10055227038622627,0.08123066066739214,-0.5465362015057672,-0.08004194092530575,-0.28078989486560757,0.03970219946219307
GELGRLVYLLDGPGYDPIHCD,HCV,Replication,NS3/4A complex,APITAYAQQTRGLLGCIITSLTGRDKNQVEGEVQIVSTATQTFLATCINGVCWTVYHGAGTRTIASPKGPVIQTYTNVDQDLVGWPAPQGSRSLTPCTCGSSDLYLVTRHADVIPVRRRGDSRGSLLSPRPISYLKGSSGGPLLCPTGHAVGLFRAAVCTRGVAKAVDFIPVENLETTMRSPVFTDNSSPPAVPQSFQVAHLHAPTGSGKSTKVPAAYAAKGYKVLVLNPSVAATLGFGAYMSKAHGVDPNIRTGVRTITTGSPITYSTYGKFLADAGCSGGAYDIIICDECHSTDATSISGIGTVLDQAETAGARLVVLATATPPGSVTVSHPNIEEVALSTTGEIPFYGKAIPLEVIKGGRHLIFCHSKKKCDELAAKLVALGINAVAYYRGLDVSVIPTSGDVVVVSTDALMTGFTGDFDSVIDCNTCVTQTVDFSLDPTFTIETTTLPQDAVSRTQRRGRTGRGKPGIYRFVAPGERPSGMFDSSVLCECYDAGCAWYELTPAETTVRLRAYMNTPGLPVCQDHLGFWEGVFTGLTHIDAHFLSQTKQSGENFPYLVAYQATVCARAQAPPPSWDQMRKCLIRLKPTLHGPTPLLYRLGAVQNEVTLTHPITKYIMTCMSADLEVVTSTWVLVGGVLAALAAYCLSTGCVVIVGRIVLSGKPAIIPDREVLYQEFDEMEEC,15.90298427,0.124,Falviviridae,-0.17589764686089185,-0.14481649597768048,0.7520828846234366,-0.6955351027366653,0.03821040924298796,0.18900773352023212,-1.2716819964857033,-0.1862418170251975,-0.6533427302929331,0.09237919123720213,-0.03324601556471934,0.22368587073719615,0.032759497361829024,0.11492144885219725,-0.016249282357536175,-0.0273714376810832,0.18416053072896055,0.026970887346105418,0.09461480487351333,-0.013378030776223659,0.142149481442034,-0.9564102642406588,-0.1400692829858208,-0.4913678852464611,0.06947680862485509,-0.13146151335201892,0.8844994680740513,0.12953772133848396,0.45442280303654864,-0.06425297026789743,0.007222062847897682,-0.048591489512658695,-0.007116376046690478,-0.02496449310042408,0.0035298467027097403
GELGRPVYVLGDPGYYATHCIYATTNDALIFSV,HCV,Replication,NS3/4A complex,APITAYAQQTRGLLGCIITSLTGRDKNQVEGEVQIVSTATQTFLATCINGVCWTVYHGAGTRTIASPKGPVIQTYTNVDQDLVGWPAPQGSRSLTPCTCGSSDLYLVTRHADVIPVRRRGDSRGSLLSPRPISYLKGSSGGPLLCPTGHAVGLFRAAVCTRGVAKAVDFIPVENLETTMRSPVFTDNSSPPAVPQSFQVAHLHAPTGSGKSTKVPAAYAAKGYKVLVLNPSVAATLGFGAYMSKAHGVDPNIRTGVRTITTGSPITYSTYGKFLADAGCSGGAYDIIICDECHSTDATSISGIGTVLDQAETAGARLVVLATATPPGSVTVSHPNIEEVALSTTGEIPFYGKAIPLEVIKGGRHLIFCHSKKKCDELAAKLVALGINAVAYYRGLDVSVIPTSGDVVVVSTDALMTGFTGDFDSVIDCNTCVTQTVDFSLDPTFTIETTTLPQDAVSRTQRRGRTGRGKPGIYRFVAPGERPSGMFDSSVLCECYDAGCAWYELTPAETTVRLRAYMNTPGLPVCQDHLGFWEGVFTGLTHIDAHFLSQTKQSGENFPYLVAYQATVCARAQAPPPSWDQMRKCLIRLKPTLHGPTPLLYRLGAVQNEVTLTHPITKYIMTCMSADLEVVTSTWVLVGGVLAALAAYCLSTGCVVIVGRIVLSGKPAIIPDREVLYQEFDEMEEC,17.4651693,0.026000000000000002,Falviviridae,-0.425522083011648,-0.3980297542273382,0.5393531255245805,-0.6924260568546543,-0.09336524538424686,0.18900773352023212,-1.2716819964857033,-0.1862418170251975,-0.6533427302929331,0.09237919123720213,-0.08042696447283966,0.5411287720730077,0.07925000592443625,0.27801175951476625,-0.03930938588218563,-0.07523070172012422,0.5061672725165353,0.07412978465739226,0.2600498463647143,-0.03676966678386384,0.10194191182245421,-0.6858856594779027,-0.10045010611591729,-0.35238244362225646,0.04982500552721791,-0.13087387963644959,0.8805457503996499,0.1289586869842035,0.4523915305113896,-0.0639657591237979,-0.017646753419636813,0.11873090165261664,0.017388512947365566,0.060999504333813515,-0.008625005858259644
RQIKINFQNRRMKNKKGELDELVYLLDGPGYDPIHS,HCV,Replication,NS3/4A complex,APITAYAQQTRGLLGCIITSLTGRDKNQVEGEVQIVSTATQTFLATCINGVCWTVYHGAGTRTIASPKGPVIQTYTNVDQDLVGWPAPQGSRSLTPCTCGSSDLYLVTRHADVIPVRRRGDSRGSLLSPRPISYLKGSSGGPLLCPTGHAVGLFRAAVCTRGVAKAVDFIPVENLETTMRSPVFTDNSSPPAVPQSFQVAHLHAPTGSGKSTKVPAAYAAKGYKVLVLNPSVAATLGFGAYMSKAHGVDPNIRTGVRTITTGSPITYSTYGKFLADAGCSGGAYDIIICDECHSTDATSISGIGTVLDQAETAGARLVVLATATPPGSVTVSHPNIEEVALSTTGEIPFYGKAIPLEVIKGGRHLIFCHSKKKCDELAAKLVALGINAVAYYRGLDVSVIPTSGDVVVVSTDALMTGFTGDFDSVIDCNTCVTQTVDFSLDPTFTIETTTLPQDAVSRTQRRGRTGRGKPGIYRFVAPGERPSGMFDSSVLCECYDAGCAWYELTPAETTVRLRAYMNTPGLPVCQDHLGFWEGVFTGLTHIDAHFLSQTKQSGENFPYLVAYQATVCARAQAPPPSWDQMRKCLIRLKPTLHGPTPLLYRLGAVQNEVTLTHPITKYIMTCMSADLEVVTSTWVLVGGVLAALAAYCLSTGCVVIVGRIVLSGKPAIIPDREVLYQEFDEMEEC,17.54521201,0.024,Falviviridae,0.3046141226325636,1.3156644692076112,-0.31184545063312935,-0.16704588163670595,0.737858169437449,0.18900773352023212,-1.2716819964857033,-0.1862418170251975,-0.6533427302929331,0.09237919123720213,0.05757442491703489,-0.38737229562711933,-0.056731887690624976,-0.19901742256654545,0.028140006288226136,0.2486707593980298,-1.6731068189072382,-0.24503174134071748,-0.8595798164615033,0.12154001960492195,-0.05894120183276321,0.3965682452561218,0.05807866335695553,0.20374195814607882,-0.028808030520489334,-0.031572963482042755,0.2124292402644807,0.031110928522596185,0.1091382123927156,-0.01543156344510429,0.13946090026475963,-0.9383209500335015,-0.13742004618291653,-0.4820742709892086,0.068162740940394
GELDELVYLLDGPGYDPIHS,HCV,Replication,NS3/4A complex,APITAYAQQTRGLLGCIITSLTGRDKNQVEGEVQIVSTATQTFLATCINGVCWTVYHGAGTRTIASPKGPVIQTYTNVDQDLVGWPAPQGSRSLTPCTCGSSDLYLVTRHADVIPVRRRGDSRGSLLSPRPISYLKGSSGGPLLCPTGHAVGLFRAAVCTRGVAKAVDFIPVENLETTMRSPVFTDNSSPPAVPQSFQVAHLHAPTGSGKSTKVPAAYAAKGYKVLVLNPSVAATLGFGAYMSKAHGVDPNIRTGVRTITTGSPITYSTYGKFLADAGCSGGAYDIIICDECHSTDATSISGIGTVLDQAETAGARLVVLATATPPGSVTVSHPNIEEVALSTTGEIPFYGKAIPLEVIKGGRHLIFCHSKKKCDELAAKLVALGINAVAYYRGLDVSVIPTSGDVVVVSTDALMTGFTGDFDSVIDCNTCVTQTVDFSLDPTFTIETTTLPQDAVSRTQRRGRTGRGKPGIYRFVAPGERPSGMFDSSVLCECYDAGCAWYELTPAETTVRLRAYMNTPGLPVCQDHLGFWEGVFTGLTHIDAHFLSQTKQSGENFPYLVAYQATVCARAQAPPPSWDQMRKCLIRLKPTLHGPTPLLYRLGAVQNEVTLTHPITKYIMTCMSADLEVVTSTWVLVGGVLAALAAYCLSTGCVVIVGRIVLSGKPAIIPDREVLYQEFDEMEEC,17.58777162,0.023,Falviviridae,-0.22406716706005303,0.017296891157886952,0.8012434460682758,-1.4014342544788758,0.6491590880188453,0.18900773352023212,-1.2716819964857033,-0.1862418170251975,-0.6533427302929331,0.09237919123720213,-0.04235042740231983,0.28494218235382385,0.041730676328952755,0.1463926546960178,-0.02069914367581876,0.0032692461946983564,-0.021996145080657586,-0.003221404438131938,-0.011300798094673555,0.0015978728160835093,0.15144120773930514,-1.0189268651671899,-0.14922503527528652,-0.5234865806835658,0.0740182215318961,-0.2648819121166685,1.78217871067915,0.26100566199549885,0.91561688214727,-0.12946336300086986,0.12269608792050281,-0.8255239250886436,-0.12090056809104985,-0.42412337096070285,0.059968791535460635
GELGRLVYLLDGPGYDPIHCSLAYGDASTLVVF,HCV,Replication,NS3/4A complex,APITAYAQQTRGLLGCIITSLTGRDKNQVEGEVQIVSTATQTFLATCINGVCWTVYHGAGTRTIASPKGPVIQTYTNVDQDLVGWPAPQGSRSLTPCTCGSSDLYLVTRHADVIPVRRRGDSRGSLLSPRPISYLKGSSGGPLLCPTGHAVGLFRAAVCTRGVAKAVDFIPVENLETTMRSPVFTDNSSPPAVPQSFQVAHLHAPTGSGKSTKVPAAYAAKGYKVLVLNPSVAATLGFGAYMSKAHGVDPNIRTGVRTITTGSPITYSTYGKFLADAGCSGGAYDIIICDECHSTDATSISGIGTVLDQAETAGARLVVLATATPPGSVTVSHPNIEEVALSTTGEIPFYGKAIPLEVIKGGRHLIFCHSKKKCDELAAKLVALGINAVAYYRGLDVSVIPTSGDVVVVSTDALMTGFTGDFDSVIDCNTCVTQTVDFSLDPTFTIETTTLPQDAVSRTQRRGRTGRGKPGIYRFVAPGERPSGMFDSSVLCECYDAGCAWYELTPAETTVRLRAYMNTPGLPVCQDHLGFWEGVFTGLTHIDAHFLSQTKQSGENFPYLVAYQATVCARAQAPPPSWDQMRKCLIRLKPTLHGPTPLLYRLGAVQNEVTLTHPITKYIMTCMSADLEVVTSTWVLVGGVLAALAAYCLSTGCVVIVGRIVLSGKPAIIPDREVLYQEFDEMEEC,17.6787434,0.021,Falviviridae,-0.5065646510379029,-0.6114117134264877,0.5809346651644685,-0.8162049460322165,0.17035258983201929,0.18900773352023212,-1.2716819964857033,-0.1862418170251975,-0.6533427302929331,0.09237919123720213,-0.09574463657414133,0.6441891467809641,0.09434352105003413,0.3309603321789904,-0.046796032772237,-0.11556154220246212,0.7775212684049406,0.1138704284590384,0.39946139818314186,-0.056481719599290936,0.10980114438607112,-0.7387641548241048,-0.1081943276131553,-0.3795494402603647,0.05366627452954842,-0.1542690469375526,1.0379531353117548,0.15201149221399327,0.5332615679192845,-0.07540035279826038,0.0321979569034517,-0.2166343215440924,-0.03172677586526346,-0.11129862615332363,0.015737034473844766
GELGRLVYLLDGPGYDPIHCDVVTRGGSHLFNF,HCV,Replication,NS3/4A complex,APITAYAQQTRGLLGCIITSLTGRDKNQVEGEVQIVSTATQTFLATCINGVCWTVYHGAGTRTIASPKGPVIQTYTNVDQDLVGWPAPQGSRSLTPCTCGSSDLYLVTRHADVIPVRRRGDSRGSLLSPRPISYLKGSSGGPLLCPTGHAVGLFRAAVCTRGVAKAVDFIPVENLETTMRSPVFTDNSSPPAVPQSFQVAHLHAPTGSGKSTKVPAAYAAKGYKVLVLNPSVAATLGFGAYMSKAHGVDPNIRTGVRTITTGSPITYSTYGKFLADAGCSGGAYDIIICDECHSTDATSISGIGTVLDQAETAGARLVVLATATPPGSVTVSHPNIEEVALSTTGEIPFYGKAIPLEVIKGGRHLIFCHSKKKCDELAAKLVALGINAVAYYRGLDVSVIPTSGDVVVVSTDALMTGFTGDFDSVIDCNTCVTQTVDFSLDPTFTIETTTLPQDAVSRTQRRGRTGRGKPGIYRFVAPGERPSGMFDSSVLCECYDAGCAWYELTPAETTVRLRAYMNTPGLPVCQDHLGFWEGVFTGLTHIDAHFLSQTKQSGENFPYLVAYQATVCARAQAPPPSWDQMRKCLIRLKPTLHGPTPLLYRLGAVQNEVTLTHPITKYIMTCMSADLEVVTSTWVLVGGVLAALAAYCLSTGCVVIVGRIVLSGKPAIIPDREVLYQEFDEMEEC,18.32537056,0.011000000000000001,Falviviridae,-0.19113997979902606,-0.12660790212601938,0.47967138627674105,-0.35305426729639366,-0.03883712156133466,0.18900773352023212,-1.2716819964857033,-0.1862418170251975,-0.6533427302929331,0.09237919123720213,-0.036126934366916864,0.24306927111906246,0.035598257143930154,0.12487991627003177,-0.01765735674692918,-0.023929872626590302,0.16100498974648286,0.023579685741698213,0.08271835245167396,-0.011695935602640515,0.09066160155467459,-0.6099894661574711,-0.08933487055517564,-0.31338981315344216,0.04431165472387292,-0.06672998687133758,0.44897275550327503,0.06575346824978011,0.23066543893699684,-0.03261486767568383,-0.007340516322757603,0.049388468284876016,0.007233096087611442,0.025373951037600928,-0.003587741879817001
HCSLAYGDASTLVVF,HCV,Replication,NS3/4A complex,APITAYAQQTRGLLGCIITSLTGRDKNQVEGEVQIVSTATQTFLATCINGVCWTVYHGAGTRTIASPKGPVIQTYTNVDQDLVGWPAPQGSRSLTPCTCGSSDLYLVTRHADVIPVRRRGDSRGSLLSPRPISYLKGSSGGPLLCPTGHAVGLFRAAVCTRGVAKAVDFIPVENLETTMRSPVFTDNSSPPAVPQSFQVAHLHAPTGSGKSTKVPAAYAAKGYKVLVLNPSVAATLGFGAYMSKAHGVDPNIRTGVRTITTGSPITYSTYGKFLADAGCSGGAYDIIICDECHSTDATSISGIGTVLDQAETAGARLVVLATATPPGSVTVSHPNIEEVALSTTGEIPFYGKAIPLEVIKGGRHLIFCHSKKKCDELAAKLVALGINAVAYYRGLDVSVIPTSGDVVVVSTDALMTGFTGDFDSVIDCNTCVTQTVDFSLDPTFTIETTTLPQDAVSRTQRRGRTGRGKPGIYRFVAPGERPSGMFDSSVLCECYDAGCAWYELTPAETTVRLRAYMNTPGLPVCQDHLGFWEGVFTGLTHIDAHFLSQTKQSGENFPYLVAYQATVCARAQAPPPSWDQMRKCLIRLKPTLHGPTPLLYRLGAVQNEVTLTHPITKYIMTCMSADLEVVTSTWVLVGGVLAALAAYCLSTGCVVIVGRIVLSGKPAIIPDREVLYQEFDEMEEC,20.72326584,0.001,Falviviridae,-0.41823408228986264,-0.7594703421828042,0.9656372860210332,-0.48948308690638737,-0.14095342617515194,0.18900773352023212,-1.2716819964857033,-0.1862418170251975,-0.6533427302929331,0.09237919123720213,-0.0790494759745212,0.5318607527647384,0.07789267542752999,0.27325019722481814,-0.038636126269770955,-0.14354576805180697,0.9658047610187087,0.14144513650487395,0.49619442693822147,-0.0701592559794886,0.1825129148334636,-1.2279835517682636,-0.17984204273583754,-0.6308921009216397,0.08920479151110988,-0.09251608885266309,0.6224668292030997,0.09116221950854823,0.3198002164316322,-0.04521805169270119,-0.026641287613276828,0.17924793440991743,0.02625142220678733,0.09209089630141715,-0.013021163512173214
HCIYATTNDALIFSV,HCV,Replication,NS3/4A complex,APITAYAQQTRGLLGCIITSLTGRDKNQVEGEVQIVSTATQTFLATCINGVCWTVYHGAGTRTIASPKGPVIQTYTNVDQDLVGWPAPQGSRSLTPCTCGSSDLYLVTRHADVIPVRRRGDSRGSLLSPRPISYLKGSSGGPLLCPTGHAVGLFRAAVCTRGVAKAVDFIPVENLETTMRSPVFTDNSSPPAVPQSFQVAHLHAPTGSGKSTKVPAAYAAKGYKVLVLNPSVAATLGFGAYMSKAHGVDPNIRTGVRTITTGSPITYSTYGKFLADAGCSGGAYDIIICDECHSTDATSISGIGTVLDQAETAGARLVVLATATPPGSVTVSHPNIEEVALSTTGEIPFYGKAIPLEVIKGGRHLIFCHSKKKCDELAAKLVALGINAVAYYRGLDVSVIPTSGDVVVVSTDALMTGFTGDFDSVIDCNTCVTQTVDFSLDPTFTIETTTLPQDAVSRTQRRGRTGRGKPGIYRFVAPGERPSGMFDSSVLCECYDAGCAWYELTPAETTVRLRAYMNTPGLPVCQDHLGFWEGVFTGLTHIDAHFLSQTKQSGENFPYLVAYQATVCARAQAPPPSWDQMRKCLIRLKPTLHGPTPLLYRLGAVQNEVTLTHPITKYIMTCMSADLEVVTSTWVLVGGVLAALAAYCLSTGCVVIVGRIVLSGKPAIIPDREVLYQEFDEMEEC,20.72326584,0.001,Falviviridae,-0.5176424121350169,-0.1272907243954566,0.7525441252312067,-0.5657907317729943,-0.005723679094329707,0.18900773352023212,-1.2716819964857033,-0.1862418170251975,-0.6533427302929331,0.09237919123720213,-0.09783841909158544,0.6582765361295336,0.09640666340533169,0.3381979068597117,-0.04781938738310733,-0.02405893131613377,0.16187332253332568,0.02370685580186347,0.08316446941749289,-0.011759014171649877,0.14223665948391612,-0.9569968156176082,-0.1401551852746977,-0.49166923344446356,0.06951941765916664,-0.10693882385916724,0.7195058873741885,0.1053738939414186,0.3696552614710047,-0.05226729021069398,-0.0010818196130163928,0.0072786996579206845,0.0010659883945971014,0.0037395241268099533,-0.0005287488456354599
GELGRIPSDTYDLAVGALHCPFYLVSGLVYLDG,HCV,Replication,NS3/4A complex,APITAYAQQTRGLLGCIITSLTGRDKNQVEGEVQIVSTATQTFLATCINGVCWTVYHGAGTRTIASPKGPVIQTYTNVDQDLVGWPAPQGSRSLTPCTCGSSDLYLVTRHADVIPVRRRGDSRGSLLSPRPISYLKGSSGGPLLCPTGHAVGLFRAAVCTRGVAKAVDFIPVENLETTMRSPVFTDNSSPPAVPQSFQVAHLHAPTGSGKSTKVPAAYAAKGYKVLVLNPSVAATLGFGAYMSKAHGVDPNIRTGVRTITTGSPITYSTYGKFLADAGCSGGAYDIIICDECHSTDATSISGIGTVLDQAETAGARLVVLATATPPGSVTVSHPNIEEVALSTTGEIPFYGKAIPLEVIKGGRHLIFCHSKKKCDELAAKLVALGINAVAYYRGLDVSVIPTSGDVVVVSTDALMTGFTGDFDSVIDCNTCVTQTVDFSLDPTFTIETTTLPQDAVSRTQRRGRTGRGKPGIYRFVAPGERPSGMFDSSVLCECYDAGCAWYELTPAETTVRLRAYMNTPGLPVCQDHLGFWEGVFTGLTHIDAHFLSQTKQSGENFPYLVAYQATVCARAQAPPPSWDQMRKCLIRLKPTLHGPTPLLYRLGAVQNEVTLTHPITKYIMTCMSADLEVVTSTWVLVGGVLAALAAYCLSTGCVVIVGRIVLSGKPAIIPDREVLYQEFDEMEEC,20.72326584,0.001,Falviviridae,-0.5065646510379029,-0.6114117134264877,0.5809346651644686,-0.8162049460322163,0.17035258983201929,0.18900773352023212,-1.2716819964857033,-0.1862418170251975,-0.6533427302929331,0.09237919123720213,-0.09574463657414133,0.6441891467809641,0.09434352105003413,0.3309603321789904,-0.046796032772237,-0.11556154220246212,0.7775212684049406,0.1138704284590384,0.39946139818314186,-0.056481719599290936,0.10980114438607115,-0.738764154824105,-0.10819432761315532,-0.3795494402603648,0.05366627452954843,-0.15426904693755258,1.0379531353117546,0.1520114922139932,0.5332615679192843,-0.07540035279826035,0.0321979569034517,-0.2166343215440924,-0.03172677586526346,-0.11129862615332363,0.015737034473844766
GELDELVYLLDGPGYDPIHCDVVTRGGSRLFNF,HCV,Replication,NS3/4A complex,APITAYAQQTRGLLGCIITSLTGRDKNQVEGEVQIVSTATQTFLATCINGVCWTVYHGAGTRTIASPKGPVIQTYTNVDQDLVGWPAPQGSRSLTPCTCGSSDLYLVTRHADVIPVRRRGDSRGSLLSPRPISYLKGSSGGPLLCPTGHAVGLFRAAVCTRGVAKAVDFIPVENLETTMRSPVFTDNSSPPAVPQSFQVAHLHAPTGSGKSTKVPAAYAAKGYKVLVLNPSVAATLGFGAYMSKAHGVDPNIRTGVRTITTGSPITYSTYGKFLADAGCSGGAYDIIICDECHSTDATSISGIGTVLDQAETAGARLVVLATATPPGSVTVSHPNIEEVALSTTGEIPFYGKAIPLEVIKGGRHLIFCHSKKKCDELAAKLVALGINAVAYYRGLDVSVIPTSGDVVVVSTDALMTGFTGDFDSVIDCNTCVTQTVDFSLDPTFTIETTTLPQDAVSRTQRRGRTGRGKPGIYRFVAPGERPSGMFDSSVLCECYDAGCAWYELTPAETTVRLRAYMNTPGLPVCQDHLGFWEGVFTGLTHIDAHFLSQTKQSGENFPYLVAYQATVCARAQAPPPSWDQMRKCLIRLKPTLHGPTPLLYRLGAVQNEVTLTHPITKYIMTCMSADLEVVTSTWVLVGGVLAALAAYCLSTGCVVIVGRIVLSGKPAIIPDREVLYQEFDEMEEC,20.72326584,0.001,Falviviridae,-0.11621933237907107,0.06116822196923234,0.5383747363565831,-0.9365833162763291,0.03948509265703008,0.18900773352023212,-1.2716819964857033,-0.1862418170251975,-0.6533427302929331,0.09237919123720213,-0.02196635260420275,0.14779403263005264,0.021644899635733565,0.07593105592936418,-0.010736247931306165,0.011561266997867074,-0.07778652663531405,-0.011392080803750435,-0.03996381314854243,0.005650670874935343,0.10175698870331028,-0.6846414595874037,-0.10026788913951168,-0.35174322017194803,0.049734622727163065,-0.1770214898622517,1.191036141517483,0.17443097861878876,0.6119099010027865,-0.08652080928386398,0.007462987870941616,-0.050212481461515,-0.007353775401853565,-0.025797298242413478,0.0036476009255824275
ACFPWGKEYCGGK,HCV,RdRp,RNA-dependent RNA polymerase (NS5B),SMSYSWTGALVTPCAAEEQKLPINALSNSLLRHHNLVYSTTSRSACQRKKKVTFDRLQVLDSHYQDVLKEVKAAASKVKANLLSVEEACSLAPPHSAKSKFGYGAKDVRCHARKAVAHINSVWKDLLEDSVTPIDTTIMAKNEVFCVQPEKGGRKPARLIVFPDLGVRVCEKMALYDVVSKLPLAVMGSSYGFQYSPGQRVEFLVQAWKSKKTPMGLSYDTRCFDSTVTESDIRTEEAIYQCCDLDPQARVAIKSLTERLYVGGPLTNSRGENCGYRRCRASRVLTTSCGNTLTRYIKARAACRAAGLQDCTMLVCGDDLVVICESAGVQEDAASLRAFTEAMTRYSAPPGDPPQPEYDLELITSCSSNVSVAHDGAGKRVYYLTRDPTTPLARAAWETARHTPVNSWLGNIIMFAPTLWARMILMTHFFSVLIARDQLEQALNCEIYGACYSIEPLDLPPIIQRLHGLSAFSLHSYSPGEINRVAACLRKLGVPPLRAWRHRAWSVRARLLARGGKAAICGKYLFNWAVRTKLKLTPITAAGRLDLSGWFTAGYSGGDIYHSVSHARPRWFWFCLLLLAAGVGIYLLPNR,10.7244681,22.0,Falviviridae,0.1325817999538835,0.11566269154932306,1.512361153097962,0.8679412925155751,-1.960514973435098,0.7064617125974357,0.9109263777969931,-0.7198937766740698,1.3734768888343272,0.7221294607637425,0.09366396545467116,0.12077225879379665,-0.09544481268704721,0.18209803811671504,0.09574122370778428,0.08171126315556372,0.10536019665927575,-0.0832648518397302,0.15886003374336866,0.08352343707899573,1.0684252502834188,1.3776496671124103,-1.088739382198843,2.0771930913508845,1.092120543966663,0.6131672919445851,0.7906306177316532,-0.6248255350004109,1.1920973061351368,0.6267659775388579,-1.3850287657058755,-1.785884803368002,1.4113625284522564,-2.692722006226752,-1.4157456205859302
ACFPWGNTWCGGK,HCV,RdRp,RNA-dependent RNA polymerase (NS5B),SMSYSWTGALVTPCAAEEQKLPINALSNSLLRHHNLVYSTTSRSACQRKKKVTFDRLQVLDSHYQDVLKEVKAAASKVKANLLSVEEACSLAPPHSAKSKFGYGAKDVRCHARKAVAHINSVWKDLLEDSVTPIDTTIMAKNEVFCVQPEKGGRKPARLIVFPDLGVRVCEKMALYDVVSKLPLAVMGSSYGFQYSPGQRVEFLVQAWKSKKTPMGLSYDTRCFDSTVTESDIRTEEAIYQCCDLDPQARVAIKSLTERLYVGGPLTNSRGENCGYRRCRASRVLTTSCGNTLTRYIKARAACRAAGLQDCTMLVCGDDLVVICESAGVQEDAASLRAFTEAMTRYSAPPGDPPQPEYDLELITSCSSNVSVAHDGAGKRVYYLTRDPTTPLARAAWETARHTPVNSWLGNIIMFAPTLWARMILMTHFFSVLIARDQLEQALNCEIYGACYSIEPLDLPPIIQRLHGLSAFSLHSYSPGEINRVAACLRKLGVPPLRAWRHRAWSVRARLLARGGKAAICGKYLFNWAVRTKLKLTPITAAGRLDLSGWFTAGYSGGDIYHSVSHARPRWFWFCLLLLAAGVGIYLLPNR,11.2505612,13.0,Falviviridae,-0.12050243434172049,0.08532962534932079,1.8451639916275282,1.2719229418093763,-1.7012966617230998,0.7064617125974357,0.9109263777969931,-0.7198937766740698,1.3734768888343272,0.7221294607637425,-0.08513035613721191,-0.10976884603062344,0.08674895255668029,-0.16550730861662905,-0.0870183579319049,0.060282113259578725,0.07772900653823127,-0.06142826625490599,0.11719826835018385,0.0616190363406772,1.3035377135483042,1.6808085513347057,-1.3283220745157431,2.534290098609706,1.3324472782946617,0.8985648597626206,1.1586281582193108,-0.9156494102175451,1.746956764953347,0.918493028101838,-1.2019009532772014,-1.5497560056215396,1.2247528790508297,-2.3366916459276696,-1.2285564409292573
ACFPWGNQWCGGK,HCV,RdRp,RNA-dependent RNA polymerase (NS5B),SMSYSWTGALVTPCAAEEQKLPINALSNSLLRHHNLVYSTTSRSACQRKKKVTFDRLQVLDSHYQDVLKEVKAAASKVKANLLSVEEACSLAPPHSAKSKFGYGAKDVRCHARKAVAHINSVWKDLLEDSVTPIDTTIMAKNEVFCVQPEKGGRKPARLIVFPDLGVRVCEKMALYDVVSKLPLAVMGSSYGFQYSPGQRVEFLVQAWKSKKTPMGLSYDTRCFDSTVTESDIRTEEAIYQCCDLDPQARVAIKSLTERLYVGGPLTNSRGENCGYRRCRASRVLTTSCGNTLTRYIKARAACRAAGLQDCTMLVCGDDLVVICESAGVQEDAASLRAFTEAMTRYSAPPGDPPQPEYDLELITSCSSNVSVAHDGAGKRVYYLTRDPTTPLARAAWETARHTPVNSWLGNIIMFAPTLWARMILMTHFFSVLIARDQLEQALNCEIYGACYSIEPLDLPPIIQRLHGLSAFSLHSYSPGEINRVAACLRKLGVPPLRAWRHRAWSVRARLLARGGKAAICGKYLFNWAVRTKLKLTPITAAGRLDLSGWFTAGYSGGDIYHSVSHARPRWFWFCLLLLAAGVGIYLLPNR,12.02375109,6.0,Falviviridae,-0.04650119624359068,0.4724373273303013,1.805426339265789,1.2926399494654683,-1.4345283020971604,0.7064617125974357,0.9109263777969931,-0.7198937766740698,1.3734768888343272,0.7221294607637425,-0.03285131473607651,-0.0423591662574012,0.03347592178366056,-0.06386831834372142,-0.033579883768253105,0.33375888336072,0.43035562332108374,-0.34010469181361436,0.6488817505108269,0.3411609124296942,1.2754645836062284,1.6446104756066704,-1.2997151858808893,2.4797113514743243,1.3037515488226619,0.9132006324712375,1.1774998269622674,-0.9305634551004748,1.7754110961747933,0.93345338966917,-1.0134393210690515,-1.306749670076637,1.032707997142566,-1.9702914693091977,-1.0359151492437495
GICRCICGRGICRCICGRIGGRVPGVGVPGVGHHHHHH,DENV 2,Replication,NS2B-NS3 protease,SWPLNEAIMAVGMVSILASSLLKNDIPMTGPLVAGGLLTVCYVLTGRSADLELERAADVKWEDQAEISGSSPILSITISEDGSMSIKNEEEEQTLTILIRTGLLVISGLFPVSIPITAAAWYLWEVKKQRAGVLWDVPSPPPVGKAELEDGAYRIKQKGILGYSQIGAGVYKEGTFHTMWHVTRGAVLMHKGKRIEPSWADVKKDLISYGGGWKLEGEWKEGEEVQVLALEPGKNPRAVQTKPGLFKTNAGTIGAVSLDFSPGTSGSPIIDKKGKVVGLYGNGVVTRSGAYVSAIAQTEKSIEDNPEIEDDIFRKRKLTIMDLHPGAGKTKRYLPAIVREAIKRGLRTLILAPTRVVAAEMEEALRGLPIRYQTPAIRAEHTGREIVDLMCHATFTMRLLSPVRVPNYNLIIMDEAHFTDPASIAARGYISTRVEMGEAAGIFMTATPPGSRDPFPQSNAPIMDEEREIPERSWSSGHEWVTDFKGKTVWFVPSIKAGNDIAACLRKNGKKVIQLSRKTFDSEYVKTRTNDWDFVVTTDISEMGANFKAERVIDPRRCMKPVILTDGEERVILAGPMPVTHSSAAQRRGRIGRNPKNENDQYIYMGEPLENDEDCAHWKEAKMLLDNINTPEGIIPSMFEPEREKVDAIDGEYRLRGEARKTFVDLMRRGDLPVWLAYRVAAEGINYADRRWCFDGIKNNQILEENVEVEIWTKEGERKKLKPRWLDAKIYSDPLALKEFKEFAAGRK,10.75211964,21.4,Falviviridae,0.5406596800450176,-1.071013992282592,0.4804566723194758,1.6331530467953197,-1.6106298582653265,1.6845834655858969,0.9989215192515256,-2.077162100330945,0.05567547695880891,1.4113070778840966,0.910786357512798,0.5400765889886128,-1.1230377965665654,0.030101485558903376,0.7630368331740844,-1.804212462810396,-1.0698589243105687,2.224669673693539,-0.0596292148498914,-1.5115296278213255,0.8093693661198103,0.4799385090479032,-0.9979863905931389,0.026749654389428976,0.6780719022611164,2.751182619402626,1.6313917226750387,-3.392323612843248,0.09092657482706139,2.304880454210212,-2.7132404284127256,-1.6088928249702692,3.3455392992501376,-0.08967258556302084,-2.2730933188213145
VRLGSISVIGIVRGKK,HCV,NS2/3 protease,NS2/3,LDTEVAASCGGVVLVGLMALTLSPYYKRYISWCMWWLQYFLTRVEAQLHVWVPPLNVRGGRDAVILLTCVVHPALVFDITKLLLAIFGPLWILQASLLKVPYFVRVQGLLRICALARKIAGGHYVQMAIIKLGALTGTCVYNHLAPLRDWAHNGLRDLAVAVEPVVFSRMETKLITWGADTAACGDIINGLPVSARRGQEILLGPADGMVSKGWRLLAPITAYAQQTRGLLGCIITSLTGRDKNQVEGEVQIVSTATQTFLATCINGVCWTVYHGAGTRTIASPKGPVIQTYTNVDQDLVGWPAPQGSRSLTPCTCGSSDLYLVTRHADVIPVRRRGDSRGSLLSPRPISYLKGSSGGPLLCPTGHAVGLFRAAVCTRGVAKAVDFIPVENLETTMRSPVFTDNSSPPAVPQSFQVAHLHAPTGSGKSTKVPAAYAAKGYKVLVLNPSVAATLGFGAYMSKAHGVDPNIRTGVRTITTGSPITYSTYGKFLADAGCSGGAYDIIICDECHSTDATSISGIGTVLDQAETAGARLVVLATATPPGSVTVSHPNIEEVALSTTGEIPFYGKAIPLEVIKGGRHLIFCHSKKKCDELAAKLVALGINAVAYYRGLDVSVIPTSGDVVVVSTDALMTGFTGDFDSVIDCNTCVTQTVDFSLDPTFTIETTTLPQDAVSRTQRRGRTGRGKPGIYRFVAPGERPSGMFDSSVLCECYDAGCAWYELTPAETTVRLRAYMNTPGLPVCQDHLGFWEGVFTGLTHIDAHFLSQTKQSGENFPYLVAYQATVCARAQAPPPSWDQMRKCLIRLKPTLHGPTPLLYRLGAVQNEVTLTHPITKYIMTCMSADLEVVT,8.895529632,137.0,Falviviridae,-0.15828931654557793,-1.4189557380156697,-1.4741717822140024,-0.12075631765512407,0.0798854753076424,-1.1732766183518222,-1.0082504403402281,-0.7478297631963833,0.16796629580375624,0.34450539129092606,0.1857171540378168,0.1595952731082327,0.1183734621087969,-0.02658727016546895,-0.05453152293370758,1.664827589889939,1.4306627476775924,1.0611373335464076,-0.23833673922397722,-0.488837901749593,1.7296112835057236,1.4863343485544067,1.1024295348038877,-0.24761117363690766,-0.5078601266616767,0.1416805640230224,0.1217526104496433,0.09030516843649868,-0.020282991371432923,-0.04160120246462988,-0.09372776032437866,-0.08054456565571887,-0.05974073608214474,0.013418067375947128,0.027520976929320956
KGSVVIVGRIILSGRK,HCV,NS2/3 protease,NS2/3,LDTEVAASCGGVVLVGLMALTLSPYYKRYISWCMWWLQYFLTRVEAQLHVWVPPLNVRGGRDAVILLTCVVHPALVFDITKLLLAIFGPLWILQASLLKVPYFVRVQGLLRICALARKIAGGHYVQMAIIKLGALTGTCVYNHLAPLRDWAHNGLRDLAVAVEPVVFSRMETKLITWGADTAACGDIINGLPVSARRGQEILLGPADGMVSKGWRLLAPITAYAQQTRGLLGCIITSLTGRDKNQVEGEVQIVSTATQTFLATCINGVCWTVYHGAGTRTIASPKGPVIQTYTNVDQDLVGWPAPQGSRSLTPCTCGSSDLYLVTRHADVIPVRRRGDSRGSLLSPRPISYLKGSSGGPLLCPTGHAVGLFRAAVCTRGVAKAVDFIPVENLETTMRSPVFTDNSSPPAVPQSFQVAHLHAPTGSGKSTKVPAAYAAKGYKVLVLNPSVAATLGFGAYMSKAHGVDPNIRTGVRTITTGSPITYSTYGKFLADAGCSGGAYDIIICDECHSTDATSISGIGTVLDQAETAGARLVVLATATPPGSVTVSHPNIEEVALSTTGEIPFYGKAIPLEVIKGGRHLIFCHSKKKCDELAAKLVALGINAVAYYRGLDVSVIPTSGDVVVVSTDALMTGFTGDFDSVIDCNTCVTQTVDFSLDPTFTIETTTLPQDAVSRTQRRGRTGRGKPGIYRFVAPGERPSGMFDSSVLCECYDAGCAWYELTPAETTVRLRAYMNTPGLPVCQDHLGFWEGVFTGLTHIDAHFLSQTKQSGENFPYLVAYQATVCARAQAPPPSWDQMRKCLIRLKPTLHGPTPLLYRLGAVQNEVTLTHPITKYIMTCMSADLEVVT,12.07504438,5.7,Falviviridae,-0.15828931654557798,-1.4189557380156697,-1.4741717822140024,-0.12075631765512407,0.07988547530764231,-1.1732766183518222,-1.0082504403402281,-0.7478297631963833,0.16796629580375624,0.34450539129092606,0.18571715403781688,0.15959527310823277,0.11837346210879694,-0.026587270165468958,-0.054531522933707596,1.664827589889939,1.4306627476775924,1.0611373335464076,-0.23833673922397722,-0.488837901749593,1.7296112835057236,1.4863343485544067,1.1024295348038877,-0.24761117363690766,-0.5078601266616767,0.1416805640230224,0.1217526104496433,0.09030516843649868,-0.020282991371432923,-0.04160120246462988,-0.09372776032437856,-0.08054456565571878,-0.059740736082144676,0.013418067375947114,0.027520976929320925
RGGSVVIVGRIILSGRK,HCV,NS2/3 protease,NS2/3,LDTEVAASCGGVVLVGLMALTLSPYYKRYISWCMWWLQYFLTRVEAQLHVWVPPLNVRGGRDAVILLTCVVHPALVFDITKLLLAIFGPLWILQASLLKVPYFVRVQGLLRICALARKIAGGHYVQMAIIKLGALTGTCVYNHLAPLRDWAHNGLRDLAVAVEPVVFSRMETKLITWGADTAACGDIINGLPVSARRGQEILLGPADGMVSKGWRLLAPITAYAQQTRGLLGCIITSLTGRDKNQVEGEVQIVSTATQTFLATCINGVCWTVYHGAGTRTIASPKGPVIQTYTNVDQDLVGWPAPQGSRSLTPCTCGSSDLYLVTRHADVIPVRRRGDSRGSLLSPRPISYLKGSSGGPLLCPTGHAVGLFRAAVCTRGVAKAVDFIPVENLETTMRSPVFTDNSSPPAVPQSFQVAHLHAPTGSGKSTKVPAAYAAKGYKVLVLNPSVAATLGFGAYMSKAHGVDPNIRTGVRTITTGSPITYSTYGKFLADAGCSGGAYDIIICDECHSTDATSISGIGTVLDQAETAGARLVVLATATPPGSVTVSHPNIEEVALSTTGEIPFYGKAIPLEVIKGGRHLIFCHSKKKCDELAAKLVALGINAVAYYRGLDVSVIPTSGDVVVVSTDALMTGFTGDFDSVIDCNTCVTQTVDFSLDPTFTIETTTLPQDAVSRTQRRGRTGRGKPGIYRFVAPGERPSGMFDSSVLCECYDAGCAWYELTPAETTVRLRAYMNTPGLPVCQDHLGFWEGVFTGLTHIDAHFLSQTKQSGENFPYLVAYQATVCARAQAPPPSWDQMRKCLIRLKPTLHGPTPLLYRLGAVQNEVTLTHPITKYIMTCMSADLEVVT,12.59173513,3.4,Falviviridae,0.03146128459979204,-1.5380416990687247,-1.4181446142701528,-0.12942013979071426,-0.1101610738986839,-1.1732766183518222,-1.0082504403402281,-0.7478297631963833,0.16796629580375624,0.34450539129092606,-0.03691278960424827,-0.031720854051409564,-0.023527685012116502,0.005284435435454831,0.010838582161566543,1.8045483635674442,1.5507312203476744,1.1501933596007274,-0.25833916698428927,-0.5298636573594318,1.6638759173647342,1.4298449318040045,1.0605307510678748,-0.23820049777300428,-0.4885584652462584,0.15184562396026932,0.13048791293288153,0.09678423249253267,-0.021738221483050595,-0.04458593589952636,0.12924941225785302,0.11106995126670045,0.08238172980711206,-0.01850334752452579,-0.03795108386849472
RGGRLCYCRRRFCVCVGR,DENV 2,Replication,NS2B-NS3pro,SWPLNEAIMAVGMVSILASSLLKNDIPMTGPLVAGGLLTVCYVLTGRSADLELERAADVKWEDQAEISGSSPILSITISEDGSMSIKNEEEEQTLTILIRTGLLVISGLFPVSIPITAAAWYLWEVKKQRAGVLWDVPSPPPVGKAELEDGAYRIKQKGILGYSQIGAGVYKEGTFHTMWHVTRGAVLMHKGKRIEPSWADVKKDLISYGGGWKLEGEWKEGEEVQVLALEPGKNPRAVQTKPGLFKTNAGTIGAVSLDFSPGTSGSPIIDKKGKVVGLYGNGVVTRSGAYVSAIAQTEKSIEDNPEIEDDIFRKRKLTIMDLHPGAGKTKRYLPAIVREAIKRGLRTLILAPTRVVAAEMEEALRGLPIRYQTPAIRAEHTGREIVDLMCHATFTMRLLSPVRVPNYNLIIMDEAHFTDPASIAARGYISTRVEMGEAAGIFMTATPPGSRDPFPQSNAPIMDEEREIPERSWSSGHEWVTDFKGKTVWFVPSIKAGNDIAACLRKNGKKVIQLSRKTFDSEYVKTRTNDWDFVVTTDISEMGANFKAERVIDPRRCMKPVILTDGEERVILAGPMPVTHSSAAQRRGRIGRNPKNENDQYIYMGEPLENDEDCAHWKEAKMLLDNINTPEGIIPSMFEPEREKVDAIDGEYRLRGEARKTFVDLMRRGDLPVWLAYRVAAEGINYADRRWCFDGIKNNQILEENVEVEIWTKEGERKKLKPRWLDAKIYSDPLALKEFKEFAAGRK,11.35592172,11.7,Falviviridae,0.6822054400282709,0.5249183466287178,-0.20422264215341893,1.492520708517767,-2.890988470977355,1.6845834655858969,0.9989215192515256,-2.077162100330945,0.05567547695880891,1.4113070778840966,1.1492320044043762,0.6814696945946959,-1.4170512846663195,0.037982113257468086,0.9628013660829333,0.8842687675134245,0.5243522322973577,-1.0903404953855544,0.029225079312983248,0.7408209779083271,-0.34403008626991494,-0.2040023919654539,0.4242035323105306,-0.011370193007679752,-0.2882208603353112,2.514275707613578,1.4909110536669312,-3.1002074496921947,0.08309680231762608,2.106405039819711,-4.8701113774079055,-2.8878705955673447,6.00505168440787,-0.16095716200408192,-4.080072491171664
MAILGDTAWDFGSLGGVFTSIGKALHQVFGAIY,DENV 2,Virucidal,dengue virus envelope (E) glycoprotein.,MRCIGISNRDFVEGVSGGSWVDIVLEHGSCVTTMAKNKPTLDFELIETEAKQPATLRKYCIEAKLTNTTTDSRCPTQGEPSLNEEQDKRFVCKHSMVDRGWGNGCGLFGKGGIVTCAMFTCKKNMKGKVVQPENLEYTIVITPHSGEEHAVGNDTGKHGKEIKITPQSSITEAELTGYGTVTMECSPRTGLDFNEMVLLQMENKAWLVHRQWFLDLPLPWLPGADTQGSNWIQKETLVTFKNPHAKKQDVVVLGSQEGAMHTALTGATEIQMSSGNLLFTGHLKCRLRMDKLQLKGMSYSMCTGKFKVVKEIAETQHGTIVIRVQYEGDGSPCKIPFEIMDLEKRHVLGRLITVNPIVTEKDSPVNIEAEPPFGDSYIIIGVEPGQLKLNWFKKGSSIGQMIETTMRGAKRMAILGDTAWDFGSLGGVFTSIGKALHQVFGAIYGAAFSGVSWIMKILIGVIITWIGMNSRSTSLSVSLVLVGVVTLYLGVMVQA,12.56274759,3.5,Falviviridae,-0.6153016218069428,-0.9670483120917361,0.37107018862903324,-0.3244899082554177,-0.0021545655350118337,0.43134995762986006,-0.41262844588011466,-1.6812217310153017,-0.10134408490001588,-1.5347983773604428,-0.265410328496009,0.25389095195371286,1.034458457710791,0.062357179799520275,0.9443639307365447,-0.4171362484467981,0.3990316421094012,1.6258226372302944,0.09800462624304196,1.4842241802275518,0.16006111014283766,-0.15311411524643898,-0.6238512648550778,-0.037605768700285654,-0.5695179233946737,-0.1399687081772916,0.133893766547214,0.5455394852541697,0.032885132811435416,0.498026584660254,-0.0009293717522381112,0.0008890350282587906,0.0036223023983585046,0.0002183524725028874,0.0033068236870528967
RQMRAWGQDYQHGGMGYSC,DENV 2,Virus entry,dengue 2 virus (DENV-2) envelope (E) protein.,MRCIGISNRDFVEGVSGGSWVDIVLEHGSCVTTMAKNKPTLDFELIETEAKQPATLRKYCIEAKLTNTTTDSRCPTQGEPSLNEEQDKRFVCKHSMVDRGWGNGCGLFGKGGIVTCAMFTCKKNMKGKVVQPENLEYTIVITPHSGEEHAVGNDTGKHGKEIKITPQSSITEAELTGYGTVTMECSPRTGLDFNEMVLLQMENKAWLVHRQWFLDLPLPWLPGADTQGSNWIQKETLVTFKNPHAKKQDVVVLGSQEGAMHTALTGATEIQMSSGNLLFTGHLKCRLRMDKLQLKGMSYSMCTGKFKVVKEIAETQHGTIVIRVQYEGDGSPCKIPFEIMDLEKRHVLGRLITVNPIVTEKDSPVNIEAEPPFGDSYIIIGVEPGQLKLNWFKKGSSIGQMIETTMRGAKRMAILGDTAWDFGSLGGVFTSIGKALHQVFGAIYGAAFSGVSWIMKILIGVIITWIGMNSRSTSLSVSLVLVGVVTLYLGVMVQA,10.23199162,36.0,Falviviridae,0.6852152564667066,0.807241396364912,0.5412069155271019,0.9427224210285753,-1.4065798791174813,0.43134995762986006,-0.41262844588011466,-1.6812217310153017,-0.10134408490001588,-1.5347983773604428,0.2955675718442476,-0.2827393063692013,-1.1519987795950504,-0.06944251312614806,-1.051667263767721,0.34820354211907384,-0.3330907628321473,-1.3571517777438267,-0.08180914060801302,-1.238952785279045,0.23344958008160263,-0.22331736845351854,-0.9098888273599264,-0.05484811959565434,-0.8306434957672462,0.40664327636739506,-0.38899408748536013,-1.5849254205485974,-0.09553934107386845,-1.4468888420959656,-0.6067281712603393,0.5803948695264859,2.3647726591811855,0.1425485506879361,2.158816516097358
RWMVWRHWFHRLRLPYNPGKNKQNQQWP,DENV 2,Virus entry,dengue 2 virus (DENV-2) envelope (E) protein.,MRCIGISNRDFVEGVSGGSWVDIVLEHGSCVTTMAKNKPTLDFELIETEAKQPATLRKYCIEAKLTNTTTDSRCPTQGEPSLNEEQDKRFVCKHSMVDRGWGNGCGLFGKGGIVTCAMFTCKKNMKGKVVQPENLEYTIVITPHSGEEHAVGNDTGKHGKEIKITPQSSITEAELTGYGTVTMECSPRTGLDFNEMVLLQMENKAWLVHRQWFLDLPLPWLPGADTQGSNWIQKETLVTFKNPHAKKQDVVVLGSQEGAMHTALTGATEIQMSSGNLLFTGHLKCRLRMDKLQLKGMSYSMCTGKFKVVKEIAETQHGTIVIRVQYEGDGSPCKIPFEIMDLEKRHVLGRLITVNPIVTEKDSPVNIEAEPPFGDSYIIIGVEPGQLKLNWFKKGSSIGQMIETTMRGAKRMAILGDTAWDFGSLGGVFTSIGKALHQVFGAIYGAAFSGVSWIMKILIGVIITWIGMNSRSTSLSVSLVLVGVVTLYLGVMVQA,11.73606902,8.0,Falviviridae,-0.19548154594328976,3.4016932763689502,-0.2784055065697907,2.577464370708482,0.2212691106484789,0.43134995762986006,-0.41262844588011466,-1.6812217310153017,-0.10134408490001588,-1.5347983773604428,-0.08432095656005759,0.08066124650082189,0.3286478230523248,0.019810898388463113,0.300024759517672,1.4673202506315266,-1.4036354099889552,-5.71900065848012,-0.34474149220414807,-5.220913320848993,-0.12009020346279894,0.11487803150035879,0.46806138767945543,0.028214751294440798,0.4272963197315268,1.1117891470975776,-1.0635351175968086,-4.33328911095278,-0.2612107680118464,-3.955888133867733,0.09544442150301818,-0.09130192924815698,-0.37200243722465204,-0.022424315535310452,-0.3396034719832737
FWFTLIKTQAKQPARYRRFC,DENV 2,Antibody dependent enhancement effect,DENV surface E glycoprotein,MRCIGISNRDFVEGVSGGSWVDIVLEHGSCVTTMAKNKPTLDFELIETEAKQPATLRKYCIEAKLTNTTTDSRCPTQGEPSLNEEQDKRFVCKHSMVDRGWGNGCGLFGKGGIVTCAMFTCKKNMKGKVVQPENLEYTIVITPHSGEEHAVGNDTGKHGKEIKITPQSSITEAELTGYGTVTMECSPRTGLDFNEMVLLQMENKAWLVHRQWFLDLPLPWLPGADTQGSNWIQKETLVTFKNPHAKKQDVVVLGSQEGAMHTALTGATEIQMSSGNLLFTGHLKCRLRMDKLQLKGMSYSMCTGKFKVVKEIAETQHGTIVIRVQYEGDGSPCKIPFEIMDLEKRHVLGRLITVNPIVTEKDSPVNIEAEPPFGDSYIIIGVEPGQLKLNWFKKGSSIGQMIETTMRGAKRMAILGDTAWDFGSLGGVFTSIGKALHQVFGAIYGAAFSGVSWIMKILIGVIITWIGMNSRSTSLSVSLVLVGVVTLYLGVMVQA,12.71689827,3.0,Falviviridae,-0.46938127135535346,2.0067849259470796,-0.5096023612145973,1.290654569565093,-0.5400992925588687,0.43134995762986006,-0.41262844588011466,-1.6812217310153017,-0.10134408490001588,-1.5347983773604428,-0.20246759151138155,0.19368006452459188,0.7891339935342104,0.04756901541471433,0.7204056136395781,0.8656265927795146,-0.8280565452091845,-3.3738504269761633,-0.2033757819112529,-3.080010248054974,-0.21981695691799322,0.21027643032481613,0.8567545638506904,0.051645184960180716,0.7821368770912143,0.5567237938966881,-0.5325607892077127,-2.1698765095870347,-0.13080020627459824,-1.9808945391013455,-0.23297180696118538,0.22286033170951536,0.9080266675559611,0.0547358685595245,0.8289435178328747
AAQRRGRVGRNPNQVGD,HCV,Replication,NS3 helicase,APITAYAQQTRGLLGCIITSLTGRDKNQVEGEVQIVSTATQTFLATCINGVCWTVYHGAGTRTIASPKGPVIQTYTNVDQDLVGWPAPQGSRSLTPCTCGSSDLYLVTRHADVIPVRRRGDSRGSLLSPRPISYLKGSSGGPLLCPTGHAVGLFRAAVCTRGVAKAVDFIPVENLETTMRSPVFTDNSSPPAVPQSFQVAHLHAPTGSGKSTKVPAAYAAKGYKVLVLNPSVAATLGFGAYMSKAHGVDPNIRTGVRTITTGSPITYSTYGKFLADAGCSGGAYDIIICDECHSTDATSISGIGTVLDQAETAGARLVVLATATPPGSVTVSHPNIEEVALSTTGEIPFYGKAIPLEVIKGGRHLIFCHSKKKCDELAAKLVALGINAVAYYRGLDVSVIPTSGDVVVVSTDALMTGFTGDFDSVIDCNTCVTQTVDFSLDPTFTIETTTLPQDAVSRTQRRGRTGRGKPGIYRFVAPGERPSGMFDSSVLCECYDAGCAWYELTPAETTVRLRAYMNTPGLPVCQDHLGFWEGVFTGLTHIDAHFLSQTKQSGENFPYLVAYQATVCARAQAPPPSWDQMRKCLIRLKPTLHGPTPLLYRLGAVQNEVTLTHPITKYIMTCMSADLEVVT,7.724200676000001,442.0,Falviviridae,1.4654311583813167,0.42145738413702033,-0.5957797424163657,0.025043431998091944,1.2081365079376045,0.5724383366155105,-1.1586047679691371,-0.14598806517792362,-0.48392445044186244,0.38371931554350736,0.8388689747283415,-1.6978555272311293,-0.21393545946353176,-0.7091579679800606,0.562314241070208,0.24125836392972014,-0.48830253475695196,-0.06152774806511252,-0.20395353300317248,0.16172133897181448,-0.34104716473804164,0.6902732502230257,0.08697673186756694,0.2883123844332341,-0.22861219497469495,0.014335820556131402,-0.029015439719300182,-0.0036560421828163445,-0.012119129066854797,0.009609648585168211,0.6915836530082737,-1.3997527184540919,-0.17637351126462406,-0.584646795662456,0.46358531390894075
RNPSQVGD,WNV,Replication,NS3 helicase,GGVLWDTPSPKEYKKGDTTTGVYRIMTRGLLGSYQAGAGVMVEGVFHTLWHTTKGAALMSGEGRLDPYWGSVKEDRLCYGGPWKLQHKWNGHDEVQMIVVEPGKNVKNVQTKPGVFKTPEGEIGAVTLDYPTGTSGSPIVDKNGDVIGLYGNGVIMPNGSYISAIVQGERMEEPAPAGFEPEMLRKKQITVLDLHPGAGKTRKILPQIIKEAINKRLRTAVLAPTRVVAAEMSEALRGLPIRYQTSAVHREHSGNEIVDVMCHATLTHRLMSPHRVPNYNLFIMDEAHFTDPASIAARGYIATKVELGEAAAIFMTATPPGTSDPFPESNAPISDMQTEIPDRAWNTGYEWITEYVGKTVWFVPSVKMGNEIALCLQRAGKKVIQLNRKSYETEYPKCKNDDWDFVITTDISEMGANFKASRVIDSRKSVKPTIIEEGDGRVILGEPSAITAASAAQRRGRIGRNPSQVGDEYCYGGHTNEDDSNFAHWTEARIMLDNINMPNGLVAQLYQPEREKVYTMDGEYRLRGEERKNFLEFLRTADLPVWLAYKVAAAGISYHDRKWCFDGPRTNTILEDNNEVEVITKLGERKILRPRWADARVYSDHQALKSFKDFASGKR,7.867475569,383.0,Falviviridae,1.4140057391706238,0.6993936619338893,0.49532561296469896,-1.0423394551066079,1.7566252828621916,2.597288375258751,1.1731823470204954,-1.4245653184286369,0.47986037225559697,0.7407840728186388,3.6725806688970186,1.658886571780643,-2.01434353608152,0.678525320369966,1.0474729304517445,1.8165270278705394,0.8205162977988592,-0.9963319547198214,0.33561130296880126,0.5180996853909287,1.286503456521128,0.581107265157291,-0.7056236895589161,0.23768713302497219,0.36692932494337843,-2.707256149821933,-1.2228542483340346,1.4848806377746766,-0.5001773989441529,-0.7721484668134336,4.562462426863585,2.0608417721838075,-2.502427455440372,0.8429348621478445,1.3012800314548476
RVGRNPNQVGD,HCV,Replication,NS3 helicase,APITAYAQQTRGLLGCIITSLTGRDKNQVEGEVQIVSTATQTFLATCINGVCWTVYHGAGTRTIASPKGPVIQTYTNVDQDLVGWPAPQGSRSLTPCTCGSSDLYLVTRHADVIPVRRRGDSRGSLLSPRPISYLKGSSGGPLLCPTGHAVGLFRAAVCTRGVAKAVDFIPVENLETTMRSPVFTDNSSPPAVPQSFQVAHLHAPTGSGKSTKVPAAYAAKGYKVLVLNPSVAATLGFGAYMSKAHGVDPNIRTGVRTITTGSPITYSTYGKFLADAGCSGGAYDIIICDECHSTDATSISGIGTVLDQAETAGARLVVLATATPPGSVTVSHPNIEEVALSTTGEIPFYGKAIPLEVIKGGRHLIFCHSKKKCDELAAKLVALGINAVAYYRGLDVSVIPTSGDVVVVSTDALMTGFTGDFDSVIDCNTCVTQTVDFSLDPTFTIETTTLPQDAVSRTQRRGRTGRGKPGIYRFVAPGERPSGMFDSSVLCECYDAGCAWYELTPAETTVRLRAYMNTPGLPVCQDHLGFWEGVFTGLTHIDAHFLSQTKQSGENFPYLVAYQATVCARAQAPPPSWDQMRKCLIRLKPTLHGPTPLLYRLGAVQNEVTLTHPITKYIMTCMSADLEVVT,7.891254761,374.0,Falviviridae,1.3227235301302602,0.5664567013528191,-0.1988415017294333,-0.5210399026087988,1.2956147814502978,0.5724383366155105,-1.1586047679691371,-0.14598806517792362,-0.48392445044186244,0.38371931554350736,0.7571776573899622,-1.5325137887138882,-0.19310184892902965,-0.6400982574048064,0.5075545676348753,0.32426153188711676,-0.6562994350354459,-0.08269591783756697,-0.2741222479012732,0.2173603777281367,-0.11382449850012695,0.23037871197386484,0.02902848611455272,0.09622426444945065,-0.07629932494526127,-0.2982632151596884,0.6036793154647292,0.0760656072623523,0.2521439485282445,-0.19993307479990402,0.7416595703878767,-1.5011054632396066,-0.18914429515984735,-0.6269796710976892,0.49715241714615915
AAQRRGRIGRNPSQVGD,HCV,Replication,NS3 helicase,APITAYAQQTRGLLGCIITSLTGRDKNQVEGEVQIVSTATQTFLATCINGVCWTVYHGAGTRTIASPKGPVIQTYTNVDQDLVGWPAPQGSRSLTPCTCGSSDLYLVTRHADVIPVRRRGDSRGSLLSPRPISYLKGSSGGPLLCPTGHAVGLFRAAVCTRGVAKAVDFIPVENLETTMRSPVFTDNSSPPAVPQSFQVAHLHAPTGSGKSTKVPAAYAAKGYKVLVLNPSVAATLGFGAYMSKAHGVDPNIRTGVRTITTGSPITYSTYGKFLADAGCSGGAYDIIICDECHSTDATSISGIGTVLDQAETAGARLVVLATATPPGSVTVSHPNIEEVALSTTGEIPFYGKAIPLEVIKGGRHLIFCHSKKKCDELAAKLVALGINAVAYYRGLDVSVIPTSGDVVVVSTDALMTGFTGDFDSVIDCNTCVTQTVDFSLDPTFTIETTTLPQDAVSRTQRRGRTGRGKPGIYRFVAPGERPSGMFDSSVLCECYDAGCAWYELTPAETTVRLRAYMNTPGLPVCQDHLGFWEGVFTGLTHIDAHFLSQTKQSGENFPYLVAYQATVCARAQAPPPSWDQMRKCLIRLKPTLHGPTPLLYRLGAVQNEVTLTHPITKYIMTCMSADLEVVT,7.934977572,358.0,Falviviridae,1.3545163615142373,0.22484473655493326,-0.6014774205123501,-0.005321201772357071,1.081118054797174,0.5724383366155105,-1.1586047679691371,-0.14598806517792362,-0.48392445044186244,0.38371931554350736,0.7753770929037034,-1.5693491147426026,-0.19774322286930443,-0.6554835858602883,0.5197540911327251,0.12870974699025867,-0.2605061838253102,-0.03282464805509466,-0.10880786557209142,0.08627726841441921,-0.3443087341098776,0.6968746072313865,0.08780852486880635,0.291069630174628,-0.23079850411387332,-0.003046059891363588,0.0061651697447787255,0.0007768319511677467,0.00257505964337816,-0.0020418479019577536,0.6188734209730905,-1.2525885330255246,-0.15783033304875982,-0.5231794605304977,0.41484588000849965
RGRRGIYR,HCV,Replication,NS3 helicase,APITAYAQQTRGLLGCIITSLTGRDKNQVEGEVQIVSTATQTFLATCINGVCWTVYHGAGTRTIASPKGPVIQTYTNVDQDLVGWPAPQGSRSLTPCTCGSSDLYLVTRHADVIPVRRRGDSRGSLLSPRPISYLKGSSGGPLLCPTGHAVGLFRAAVCTRGVAKAVDFIPVENLETTMRSPVFTDNSSPPAVPQSFQVAHLHAPTGSGKSTKVPAAYAAKGYKVLVLNPSVAATLGFGAYMSKAHGVDPNIRTGVRTITTGSPITYSTYGKFLADAGCSGGAYDIIICDECHSTDATSISGIGTVLDQAETAGARLVVLATATPPGSVTVSHPNIEEVALSTTGEIPFYGKAIPLEVIKGGRHLIFCHSKKKCDELAAKLVALGINAVAYYRGLDVSVIPTSGDVVVVSTDALMTGFTGDFDSVIDCNTCVTQTVDFSLDPTFTIETTTLPQDAVSRTQRRGRTGRGKPGIYRFVAPGERPSGMFDSSVLCECYDAGCAWYELTPAETTVRLRAYMNTPGLPVCQDHLGFWEGVFTGLTHIDAHFLSQTKQSGENFPYLVAYQATVCARAQAPPPSWDQMRKCLIRLKPTLHGPTPLLYRLGAVQNEVTLTHPITKYIMTCMSADLEVVT,8.069307367,313.0,Falviviridae,1.3250192503576224,1.765023166174443,-2.4104902159874837,1.9987446270772833,-1.4210011329180148,0.5724383366155105,-1.1586047679691371,-0.14598806517792362,-0.48392445044186244,0.38371931554350736,0.758491815658248,-1.5351736211152331,-0.19343699668321207,-0.6412092125542009,0.508435479829198,1.0103669253327399,-2.0449642559056924,-0.2576723170240197,-0.8541378657081234,0.6772734812428916,-1.3798570096678378,2.792805457386054,0.35190280276232794,1.1664951530672294,-0.9249516558030385,1.1441580496433088,-2.3157550548844354,-0.2917928608917831,-0.9672413952319996,0.766956920248358,-0.8134355248563443,1.6463786878883575,0.20744920601033845,0.6876571923246142,-0.5452655821098491
RIGRNPSQVGD,WNV,Replication,NS3 helicase,GGVLWDTPSPKEYKKGDTTTGVYRIMTRGLLGSYQAGAGVMVEGVFHTLWHTTKGAALMSGEGRLDPYWGSVKEDRLCYGGPWKLQHKWNGHDEVQMIVVEPGKNVKNVQTKPGVFKTPEGEIGAVTLDYPTGTSGSPIVDKNGDVIGLYGNGVIMPNGSYISAIVQGERMEEPAPAGFEPEMLRKKQITVLDLHPGAGKTRKILPQIIKEAINKRLRTAVLAPTRVVAAEMSEALRGLPIRYQTSAVHREHSGNEIVDVMCHATLTHRLMSPHRVPNYNLFIMDEAHFTDPASIAARGYIATKVELGEAAAIFMTATPPGTSDPFPESNAPISDMQTEIPDRAWNTGYEWITEYVGKTVWFVPSVKMGNEIALCLQRAGKKVIQLNRKSYETEYPKCKNDDWDFVITTDISEMGANFKASRVIDSRKSVKPTIIEEGDGRVILGEPSAITAASAAQRRGRIGRNPSQVGDEYCYGGHTNEDDSNFAHWTEARIMLDNINMPNGLVAQLYQPEREKVYTMDGEYRLRGEERKNFLEFLRTADLPVWLAYKVAAAGISYHDRKWCFDGPRTNTILEDNNEVEVITKLGERKILRPRWADARVYSDHQALKSFKDFASGKR,8.163021378,285.0,Falviviridae,1.151309753153865,0.26260079145322973,-0.20764700424140967,-0.5679670638904022,1.0993135356878139,2.597288375258751,1.1731823470204954,-1.4245653184286369,0.47986037225559697,0.7407840728186388,2.9902834381885555,1.3506962783526386,-1.640115945111631,0.5524679267299131,0.8528719280171417,0.6820499829752211,0.3080786128465397,-0.3740919800961823,0.1260117135413612,0.19453048381812152,-0.5393191502735178,-0.24360779978771174,0.29580672071791625,-0.09964156875304236,-0.15382159351054062,-1.4751742525723859,-0.6663289330452817,0.8091061812280087,-0.2725448867073668,-0.42074095481557616,2.855234267006555,1.2896952339096286,-1.5660439370200212,0.5275170024607708,0.8143539582714768
RRGRVGRNPNQVGD,HCV,Replication,NS3 helicase,APITAYAQQTRGLLGCIITSLTGRDKNQVEGEVQIVSTATQTFLATCINGVCWTVYHGAGTRTIASPKGPVIQTYTNVDQDLVGWPAPQGSRSLTPCTCGSSDLYLVTRHADVIPVRRRGDSRGSLLSPRPISYLKGSSGGPLLCPTGHAVGLFRAAVCTRGVAKAVDFIPVENLETTMRSPVFTDNSSPPAVPQSFQVAHLHAPTGSGKSTKVPAAYAAKGYKVLVLNPSVAATLGFGAYMSKAHGVDPNIRTGVRTITTGSPITYSTYGKFLADAGCSGGAYDIIICDECHSTDATSISGIGTVLDQAETAGARLVVLATATPPGSVTVSHPNIEEVALSTTGEIPFYGKAIPLEVIKGGRHLIFCHSKKKCDELAAKLVALGINAVAYYRGLDVSVIPTSGDVVVVSTDALMTGFTGDFDSVIDCNTCVTQTVDFSLDPTFTIETTTLPQDAVSRTQRRGRTGRGKPGIYRFVAPGERPSGMFDSSVLCECYDAGCAWYELTPAETTVRLRAYMNTPGLPVCQDHLGFWEGVFTGLTHIDAHFLSQTKQSGENFPYLVAYQATVCARAQAPPPSWDQMRKCLIRLKPTLHGPTPLLYRLGAVQNEVTLTHPITKYIMTCMSADLEVVT,8.537395899,196.0,Falviviridae,1.6450613906252307,0.8191009410446123,-0.8088322055055068,0.1936520195184739,0.7774559736421832,0.5724383366155105,-1.1586047679691371,-0.14598806517792362,-0.48392445044186244,0.38371931554350736,0.9416962060799056,-1.9059759707803314,-0.24015932951628186,-0.7960854294014408,0.6312418308377639,0.46888478021177715,-0.9490142557422949,-0.11957896156851944,-0.39638297275142637,0.3143048524586814,-0.46300656232062704,0.9371168497856732,0.11807984873534165,0.39141368054893194,-0.31036454028611854,0.11085383993538957,-0.2243661531409563,-0.028270883647299506,-0.0937129471224343,0.07430802038324674,0.4450456043435235,-0.9007641979479213,-0.11349929335304111,-0.3762299547875366,0.2983248740711896
RRGRIGRNPSQVGD,WNV,Replication,NS3 helicase,GGVLWDTPSPKEYKKGDTTTGVYRIMTRGLLGSYQAGAGVMVEGVFHTLWHTTKGAALMSGEGRLDPYWGSVKEDRLCYGGPWKLQHKWNGHDEVQMIVVEPGKNVKNVQTKPGVFKTPEGEIGAVTLDYPTGTSGSPIVDKNGDVIGLYGNGVIMPNGSYISAIVQGERMEEPAPAGFEPEMLRKKQITVLDLHPGAGKTRKILPQIIKEAINKRLRTAVLAPTRVVAAEMSEALRGLPIRYQTSAVHREHSGNEIVDVMCHATLTHRLMSPHRVPNYNLFIMDEAHFTDPASIAARGYIATKVELGEAAAIFMTATPPGTSDPFPESNAPISDMQTEIPDRAWNTGYEWITEYVGKTVWFVPSVKMGNEIALCLQRAGKKVIQLNRKSYETEYPKCKNDDWDFVITTDISEMGANFKASRVIDSRKSVKPTIIEEGDGRVILGEPSAITAASAAQRRGRIGRNPSQVGDEYCYGGHTNEDDSNFAHWTEARIMLDNINMPNGLVAQLYQPEREKVYTMDGEYRLRGEERKNFLEFLRTADLPVWLAYKVAAAGISYHDRKWCFDGPRTNTILEDNNEVEVITKLGERKILRPRWADARVYSDHQALKSFKDFASGKR,8.765654551,156.0,Falviviridae,1.5103791372866344,0.5803570118377922,-0.8157508146220595,0.1567806785115001,0.6232192805430886,2.597288375258751,1.1731823470204954,-1.4245653184286369,0.47986037225559697,0.7407840728186388,3.922890175507917,1.7719501411727248,-2.1516337366567044,0.7247710950654518,1.118864808819495,1.507354520346203,0.6808646012576625,-0.8267564713709966,0.27849033174162885,0.4299192309180547,-2.1187401079257313,-0.9570244552821887,1.162090318990494,-0.3914464895723479,-0.6042952108608516,0.4072046337630987,0.18393232438358745,-0.2233443172071929,0.07523283475301351,0.11614062956701869,1.6186801925916863,0.7311498582559652,-0.887816572837731,0.2990582359582718,0.46167091689981105
RTGRGRRGIYR,HCV,Replication,NS3 helicase,APITAYAQQTRGLLGCIITSLTGRDKNQVEGEVQIVSTATQTFLATCINGVCWTVYHGAGTRTIASPKGPVIQTYTNVDQDLVGWPAPQGSRSLTPCTCGSSDLYLVTRHADVIPVRRRGDSRGSLLSPRPISYLKGSSGGPLLCPTGHAVGLFRAAVCTRGVAKAVDFIPVENLETTMRSPVFTDNSSPPAVPQSFQVAHLHAPTGSGKSTKVPAAYAAKGYKVLVLNPSVAATLGFGAYMSKAHGVDPNIRTGVRTITTGSPITYSTYGKFLADAGCSGGAYDIIICDECHSTDATSISGIGTVLDQAETAGARLVVLATATPPGSVTVSHPNIEEVALSTTGEIPFYGKAIPLEVIKGGRHLIFCHSKKKCDELAAKLVALGINAVAYYRGLDVSVIPTSGDVVVVSTDALMTGFTGDFDSVIDCNTCVTQTVDFSLDPTFTIETTTLPQDAVSRTQRRGRTGRGKPGIYRFVAPGERPSGMFDSSVLCECYDAGCAWYELTPAETTVRLRAYMNTPGLPVCQDHLGFWEGVFTGLTHIDAHFLSQTKQSGENFPYLVAYQATVCARAQAPPPSWDQMRKCLIRLKPTLHGPTPLLYRLGAVQNEVTLTHPITKYIMTCMSADLEVVT,10.27165688,34.6,Falviviridae,1.4923881869334268,0.9607865619528478,-2.234380165747957,1.5172311461008336,-1.4079887397330015,0.5724383366155105,-1.1586047679691371,-0.14598806517792362,-0.48392445044186244,0.38371931554350736,0.8543002113128083,-1.7290880690418842,-0.21787086390480037,-0.722203133207686,0.5726581736153105,0.5499910613668233,-1.1131718916792444,-0.1402633712284455,-0.4649481089849583,0.3686723619359464,-1.279044865447449,2.5887635134912537,0.3261928372694725,1.0812711937877775,-0.8573748278647946,0.8685212735352058,-1.7578712399837044,-0.22149763944694426,-0.7342252485701231,0.5821908969031031,-0.8059867321461283,1.6313024671015122,0.20554955190592397,0.6813601771036233,-0.5402724755033129
RTQRRGRTGRGKPGIYR,HCV,Replication,NS3 helicase,APITAYAQQTRGLLGCIITSLTGRDKNQVEGEVQIVSTATQTFLATCINGVCWTVYHGAGTRTIASPKGPVIQTYTNVDQDLVGWPAPQGSRSLTPCTCGSSDLYLVTRHADVIPVRRRGDSRGSLLSPRPISYLKGSSGGPLLCPTGHAVGLFRAAVCTRGVAKAVDFIPVENLETTMRSPVFTDNSSPPAVPQSFQVAHLHAPTGSGKSTKVPAAYAAKGYKVLVLNPSVAATLGFGAYMSKAHGVDPNIRTGVRTITTGSPITYSTYGKFLADAGCSGGAYDIIICDECHSTDATSISGIGTVLDQAETAGARLVVLATATPPGSVTVSHPNIEEVALSTTGEIPFYGKAIPLEVIKGGRHLIFCHSKKKCDELAAKLVALGINAVAYYRGLDVSVIPTSGDVVVVSTDALMTGFTGDFDSVIDCNTCVTQTVDFSLDPTFTIETTTLPQDAVSRTQRRGRTGRGKPGIYRFVAPGERPSGMFDSSVLCECYDAGCAWYELTPAETTVRLRAYMNTPGLPVCQDHLGFWEGVFTGLTHIDAHFLSQTKQSGENFPYLVAYQATVCARAQAPPPSWDQMRKCLIRLKPTLHGPTPLLYRLGAVQNEVTLTHPITKYIMTCMSADLEVVT,10.51597683,27.1,Falviviridae,1.426950514570289,0.800323328635087,-1.8625635057569578,1.2145449549187282,-0.6413291506677575,0.5724383366155105,-1.1586047679691371,-0.14598806517792362,-0.48392445044186244,0.38371931554350736,0.8168411789932629,-1.6532716698371506,-0.20831774472675899,-0.69053624357116,0.5475484747653669,0.45813575499845777,-0.9272584244735425,-0.11683765426419188,-0.38729602698553656,0.3070995198773571,-1.0662027550762667,2.157974958415323,0.27191204247646866,0.9013400209365046,-0.7147015935853754,0.6952520937384369,-1.407177575681699,-0.17730906804019358,-0.5877479998459821,0.46604435879823436,-0.3671213922312892,0.743047011801261,0.09362640184818699,0.31035485678924096,-0.24609038273233083
STQRRGRTGRGRRGIYR,HCV,Replication,NS3 helicase,APITAYAQQTRGLLGCIITSLTGRDKNQVEGEVQIVSTATQTFLATCINGVCWTVYHGAGTRTIASPKGPVIQTYTNVDQDLVGWPAPQGSRSLTPCTCGSSDLYLVTRHADVIPVRRRGDSRGSLLSPRPISYLKGSSGGPLLCPTGHAVGLFRAAVCTRGVAKAVDFIPVENLETTMRSPVFTDNSSPPAVPQSFQVAHLHAPTGSGKSTKVPAAYAAKGYKVLVLNPSVAATLGFGAYMSKAHGVDPNIRTGVRTITTGSPITYSTYGKFLADAGCSGGAYDIIICDECHSTDATSISGIGTVLDQAETAGARLVVLATATPPGSVTVSHPNIEEVALSTTGEIPFYGKAIPLEVIKGGRHLIFCHSKKKCDELAAKLVALGINAVAYYRGLDVSVIPTSGDVVVVSTDALMTGFTGDFDSVIDCNTCVTQTVDFSLDPTFTIETTTLPQDAVSRTQRRGRTGRGKPGIYRFVAPGERPSGMFDSSVLCECYDAGCAWYELTPAETTVRLRAYMNTPGLPVCQDHLGFWEGVFTGLTHIDAHFLSQTKQSGENFPYLVAYQATVCARAQAPPPSWDQMRKCLIRLKPTLHGPTPLLYRLGAVQNEVTLTHPITKYIMTCMSADLEVVT,10.62503421,24.3,Falviviridae,1.7257413959265027,0.8301465954031564,-2.0239977184765228,1.0046329214621454,-0.9896676357953024,0.5724383366155105,-1.1586047679691371,-0.14598806517792362,-0.48392445044186244,0.38371931554350736,0.9878805341126963,-1.9994522096021605,-0.2519376473887592,-0.8351284566285053,0.6622003072500146,0.475207736219612,-0.9618118035474432,-0.12119149527694738,-0.4017282349666556,0.3185432833888721,-1.158613887278289,2.345013406985555,0.2954795108449193,0.9794619836093347,-0.7766470191954318,0.5750903984709713,-1.1639724928648054,-0.14666441641830352,-0.48616643441437146,0.3854970569959286,-0.5665236952368677,1.1466336415371807,0.14447966331896617,0.47892436677233896,-0.37975458782293453
RRGRTGRGRRGIYR,HCV,Replication,NS3 helicase,APITAYAQQTRGLLGCIITSLTGRDKNQVEGEVQIVSTATQTFLATCINGVCWTVYHGAGTRTIASPKGPVIQTYTNVDQDLVGWPAPQGSRSLTPCTCGSSDLYLVTRHADVIPVRRRGDSRGSLLSPRPISYLKGSSGGPLLCPTGHAVGLFRAAVCTRGVAKAVDFIPVENLETTMRSPVFTDNSSPPAVPQSFQVAHLHAPTGSGKSTKVPAAYAAKGYKVLVLNPSVAATLGFGAYMSKAHGVDPNIRTGVRTITTGSPITYSTYGKFLADAGCSGGAYDIIICDECHSTDATSISGIGTVLDQAETAGARLVVLATATPPGSVTVSHPNIEEVALSTTGEIPFYGKAIPLEVIKGGRHLIFCHSKKKCDELAAKLVALGINAVAYYRGLDVSVIPTSGDVVVVSTDALMTGFTGDFDSVIDCNTCVTQTVDFSLDPTFTIETTTLPQDAVSRTQRRGRTGRGKPGIYRFVAPGERPSGMFDSSVLCECYDAGCAWYELTPAETTVRLRAYMNTPGLPVCQDHLGFWEGVFTGLTHIDAHFLSQTKQSGENFPYLVAYQATVCARAQAPPPSWDQMRKCLIRLKPTLHGPTPLLYRLGAVQNEVTLTHPITKYIMTCMSADLEVVT,15.42494847,0.2,Falviviridae,1.7783693352562902,1.1289315458017777,-2.4081840129486327,1.7951507006474705,-1.3468039358589807,0.5724383366155105,-1.1586047679691371,-0.14598806517792362,-0.48392445044186244,0.38371931554350736,1.0180067841621419,-2.0604271910380425,-0.259620698425816,-0.8605964032465604,0.6823946641081058,0.6462436962315465,-1.3079854716767079,-0.164810532089924,-0.5463175778886076,0.4331928400505319,-1.3785368506363802,2.790133479549336,0.35156612464277864,1.165379125029046,-0.9240667211514662,1.0276130810528061,-2.0798701609932966,-0.2620705774903182,-0.8687173162711515,0.6888339981498951,-0.7709622047903376,1.560413461605815,0.19661730077006495,0.6517513545134946,-0.5167946844391099
KKKKYRNIRRPG,SARS-CoV,Virus entry,S protein,SDLDRCTTFDDVQAPNYTQHTSSMRGVYYPDEIFRSDTLYLTQDLFLPFYSNVTGFHTINHTFGNPVIPFKDGIYFAATEKSNVVRGWVFGSTMNNKSQSVIIINNSTNVVIRACNFELCDNPFFAVSKPMGTQTHTMIFDNAFNCTFEYISDAFSLDVSEKSGNFKHLREFVFKNKDGFLYVYKGYQPIDVVRDLPSGFNTLKPIFKLPLGINITNFRAILTAFSPAQDIWGTSAAAYFVGYLKPTTFMLKYDENGTITDAVDCSQNPLAELKCSVKSFEIDKGIYQTSNFRVVPSGDVVRFPNITNLCPFGEVFNATKFPSVYAWERKKISNCVADYSVLYNSTFFSTFKCYGVSATKLNDLCFSNVYADSFVVKGDDVRQIAPGQTGVIADYNYKLPDDFMGCVLAWNTRNIDATSTGNYNYKYRYLRHGKLRPFERDISNVPFSPDGKPCTPPALNCYWPLNDYGFYTTTGIGYQPYRVVVLSFELLNAPATVCGPKLSTDLIKNQCVNFNFNGLTGTGVLTPSSKRFQPFQQFGRDVSDFTDSVRDPKTSEILDISPCSFGGVSVITPGTNASSEVAVLYQDVNCTDVSTAIHADQLTPAWRIYSTGNNVFQTQAGCLIGAEHVDTSYECDIPIGAGICASYHTVSLLRSTSQKSIVAYTMSLGADSSIAYSNNTIAIPTNFSISITTEVMPVSMAKTSVDCNMYICGDSTECANLLLQYGSFCTQLNRALSGIAAEQDRNTREVFAQVKQMYKTPTLKYFGGFNFSQILPDPLKPTKRSFIEDLLFNKVTLADAGFMKQYGECLGDINARDLICAQKFNGLTVLPPLLTDDMIAAYTAALVSGTATAGWTFGAGAALQIPFAMQMAYRFNGIGVTQNVLYENQKQIANQFNKAISQIQESLTTTSTALGKLQDVVNQNAQALNTLVKQLSSNFGAISSVLNDILSRLDKVEAEVQIDRLITGRLQSLQTYVTQQLIRAAEIRASANLAATKMSECVLGQSKRVDFCGKGYHLMSFPQAAPHGVVFLHVTYVPSQERNFTTAPAICHEGKAYFPREGVFVFNGTSWFITQRNFFSPQIITTDNTFVSGNCDVVIGIINNTVYDPLQPELDSFKEELDKYFKNHTSPDVDLGDISGINASVVNIQKEIDRLNEVAKNLNESLIDLQELGKYEQYIKWPWYVWLGFIAGLIAIVMVTILLCCMTSCCSCLKGACSCGSCCKFDEDDSEPVLKGVKLHYT,10.29242008,33.889,Covid,1.253268883251644,2.65930695717808,-1.9611649905846924,2.294249722394045,0.4125070306274064,-0.07501796513165565,1.086125907995326,0.7749524323024177,-1.361409162512731,0.8240034775509232,-0.09401768138436085,1.3612078037839803,0.9712237694047964,-1.7062117407508863,1.0326979181057168,-0.1994957965879545,2.8883421835033296,2.0608363947038946,-3.6204048574360885,2.1912781805901016,0.14712260688110623,-2.130072106127444,-1.5198095795999556,2.6699479873811938,-1.6160067722929101,-0.1721099456778671,2.4918440629032568,1.7779344026784116,-3.123412593159542,1.890469749622933,-0.03094543804016958,0.44803457319464757,0.3196733267265565,-0.5615908510970707,0.33990722775118803
PKEELDKYFKNHTSPDVDLGDISGINASVVNIQKEIDRLNEVAKNLNESLIDLQELGKYE,SARS-CoV,Fusion,Spike protein: HR2,SDLDRCTTFDDVQAPNYTQHTSSMRGVYYPDEIFRSDTLYLTQDLFLPFYSNVTGFHTINHTFGNPVIPFKDGIYFAATEKSNVVRGWVFGSTMNNKSQSVIIINNSTNVVIRACNFELCDNPFFAVSKPMGTQTHTMIFDNAFNCTFEYISDAFSLDVSEKSGNFKHLREFVFKNKDGFLYVYKGYQPIDVVRDLPSGFNTLKPIFKLPLGINITNFRAILTAFSPAQDIWGTSAAAYFVGYLKPTTFMLKYDENGTITDAVDCSQNPLAELKCSVKSFEIDKGIYQTSNFRVVPSGDVVRFPNITNLCPFGEVFNATKFPSVYAWERKKISNCVADYSVLYNSTFFSTFKCYGVSATKLNDLCFSNVYADSFVVKGDDVRQIAPGQTGVIADYNYKLPDDFMGCVLAWNTRNIDATSTGNYNYKYRYLRHGKLRPFERDISNVPFSPDGKPCTPPALNCYWPLNDYGFYTTTGIGYQPYRVVVLSFELLNAPATVCGPKLSTDLIKNQCVNFNFNGLTGTGVLTPSSKRFQPFQQFGRDVSDFTDSVRDPKTSEILDISPCSFGGVSVITPGTNASSEVAVLYQDVNCTDVSTAIHADQLTPAWRIYSTGNNVFQTQAGCLIGAEHVDTSYECDIPIGAGICASYHTVSLLRSTSQKSIVAYTMSLGADSSIAYSNNTIAIPTNFSISITTEVMPVSMAKTSVDCNMYICGDSTECANLLLQYGSFCTQLNRALSGIAAEQDRNTREVFAQVKQMYKTPTLKYFGGFNFSQILPDPLKPTKRSFIEDLLFNKVTLADAGFMKQYGECLGDINARDLICAQKFNGLTVLPPLLTDDMIAAYTAALVSGTATAGWTFGAGAALQIPFAMQMAYRFNGIGVTQNVLYENQKQIANQFNKAISQIQESLTTTSTALGKLQDVVNQNAQALNTLVKQLSSNFGAISSVLNDILSRLDKVEAEVQIDRLITGRLQSLQTYVTQQLIRAAEIRASANLAATKMSECVLGQSKRVDFCGKGYHLMSFPQAAPHGVVFLHVTYVPSQERNFTTAPAICHEGKAYFPREGVFVFNGTSWFITQRNFFSPQIITTDNTFVSGNCDVVIGIINNTVYDPLQPELDSFKEELDKYFKNHTSPDVDLGDISGINASVVNIQKEIDRLNEVAKNLNESLIDLQELGKYEQYIKWPWYVWLGFIAGLIAIVMVTILLCCMTSCCSCLKGACSCGSCCKFDEDDSEPVLKGVKLHYT,10.63745673,24.0,Covid,0.420804288806416,0.6463469068769804,0.04896001479509986,-1.4639017872863431,1.123553765278181,-0.07501796513165565,1.086125907995326,0.7749524323024177,-1.361409162512731,0.8240034775509232,-0.03156788146493087,0.457046440268196,0.32610330713382113,-0.5728868144057082,0.3467441973448298,-0.0484876297230508,0.7020141211117308,0.5008881075954602,-0.879942601184084,0.5325920989709145,-0.003672880682744146,0.05317674052479243,0.037941682551024994,-0.06665461273880781,0.04034322245210693,0.10981893323481527,-1.58998165793236,-1.1344542507094082,1.9929693062303904,-1.2062601635169585,-0.084286717187179,1.220320853494332,0.8707007232248661,-1.529616390625394,0.9258122098046548
FGGASCCLYCRCHIDHPNPKGFCDLKGKY,SARS-CoV,Replication,nsp10/nsp16complex,ASQAWQPGVAMPNLYKMQRMLLEKCDLQNYGENAVIPKGIMMNVAKYTQLCQYLNTLTLAVPYNMRVIHFGAGSDKGVAPGTAVLRQWLPTGTLLVDSDLNDFVSDADSTLIGDCATVHTANKWDLIISDMYDPRTKHVTKENDSKEGFFTYLCGFIKQKLALGGSIAVKITEHSWNADLYKLMGHFSWWTAFVTNVNASSSEAFLIGANYLGKPKEQIDGYTMHANYIFWRNTNPIQLSSYSLFDMSKFPLKLRGTAVMSLKENQINDMIYSLLEKGRLIIRENNRVVVSSDILVNN,8.740336743,160.0,Covid,0.3127875735569844,0.4798089099207778,1.5385246289525127,0.8030518145122975,-1.1258441592248551,-0.7459578407387197,1.6227721250119826,-0.49236458549025486,0.23412379144023296,1.6596898036244936,-0.23332634298047156,0.5075829554184094,-0.1540055240008872,0.07323101263655193,0.5191303465329733,-0.35791721841170226,0.7786205243518235,-0.23624091504767478,0.1123346811574577,0.796333955483698,-1.1476745101367565,2.4966748815085413,-0.7575150412007521,0.3602052193545399,2.5534736392976427,-0.5990427975549043,1.3031700995308495,-0.3953942737795444,0.18801353553657776,1.3328169083282082,0.8398322780236723,-1.8269885186976471,0.5543257927833702,-0.2635869031285644,-1.868552071535683
GGASCCLYCRCH,SARS-CoV,Replication,nsp10/nsp16complex,ASQAWQPGVAMPNLYKMQRMLLEKCDLQNYGENAVIPKGIMMNVAKYTQLCQYLNTLTLAVPYNMRVIHFGAGSDKGVAPGTAVLRQWLPTGTLLVDSDLNDFVSDADSTLIGDCATVHTANKWDLIISDMYDPRTKHVTKENDSKEGFFTYLCGFIKQKLALGGSIAVKITEHSWNADLYKLMGHFSWWTAFVTNVNASSSEAFLIGANYLGKPKEQIDGYTMHANYIFWRNTNPIQLSSYSLFDMSKFPLKLRGTAVMSLKENQINDMIYSLLEKGRLIIRENNRVVVSSDILVNN,8.740336743,160.0,Covid,0.6544138639425288,-0.8145513385840782,2.2778283784099034,0.9663470788820141,-3.0909249249947,-0.7459578407387197,1.6227721250119826,-0.49236458549025486,0.23412379144023296,1.6596898036244936,-0.48816515289605106,1.0619645766273198,-0.3222102108591392,0.1532138549972776,1.0861240173359217,0.6076209577010128,-1.3218312066454396,0.40105623218248193,-0.19070584771202131,-1.3519025511766771,-1.699163938732031,3.6963963980448376,-1.1215220253537315,0.5332938162034843,3.7804885340534313,-0.7208541803669966,1.5681611026964881,-0.4757950789334615,0.226244841955051,1.603836393582793,2.3056996829345358,-5.015866808786153,1.5218619694765125,-0.7236590624968768,-5.129976581782507
NGIGVTQNVLYENQKQIANQFNKAISQIQESLTTTSTA,SARS-CoV,Virus entry,spike protein: HR2 region,SDLDRCTTFDDVQAPNYTQHTSSMRGVYYPDEIFRSDTLYLTQDLFLPFYSNVTGFHTINHTFGNPVIPFKDGIYFAATEKSNVVRGWVFGSTMNNKSQSVIIINNSTNVVIRACNFELCDNPFFAVSKPMGTQTHTMIFDNAFNCTFEYISDAFSLDVSEKSGNFKHLREFVFKNKDGFLYVYKGYQPIDVVRDLPSGFNTLKPIFKLPLGINITNFRAILTAFSPAQDIWGTSAAAYFVGYLKPTTFMLKYDENGTITDAVDCSQNPLAELKCSVKSFEIDKGIYQTSNFRVVPSGDVVRFPNITNLCPFGEVFNATKFPSVYAWERKKISNCVADYSVLYNSTFFSTFKCYGVSATKLNDLCFSNVYADSFVVKGDDVRQIAPGQTGVIADYNYKLPDDFMGCVLAWNTRNIDATSTGNYNYKYRYLRHGKLRPFERDISNVPFSPDGKPCTPPALNCYWPLNDYGFYTTTGIGYQPYRVVVLSFELLNAPATVCGPKLSTDLIKNQCVNFNFNGLTGTGVLTPSSKRFQPFQQFGRDVSDFTDSVRDPKTSEILDISPCSFGGVSVITPGTNASSEVAVLYQDVNCTDVSTAIHADQLTPAWRIYSTGNNVFQTQAGCLIGAEHVDTSYECDIPIGAGICASYHTVSLLRSTSQKSIVAYTMSLGADSSIAYSNNTIAIPTNFSISITTEVMPVSMAKTSVDCNMYICGDSTECANLLLQYGSFCTQLNRALSGIAAEQDRNTREVFAQVKQMYKTPTLKYFGGFNFSQILPDPLKPTKRSFIEDLLFNKVTLADAGFMKQYGECLGDINARDLICAQKFNGLTVLPPLLTDDMIAAYTAALVSGTATAGWTFGAGAALQIPFAMQMAYRFNGIGVTQNVLYENQKQIANQFNKAISQIQESLTTTSTALGKLQDVVNQNAQALNTLVKQLSSNFGAISSVLNDILSRLDKVEAEVQIDRLITGRLQSLQTYVTQQLIRAAEIRASANLAATKMSECVLGQSKRVDFCGKGYHLMSFPQAAPHGVVFLHVTYVPSQERNFTTAPAICHEGKAYFPREGVFVFNGTSWFITQRNFFSPQIITTDNTFVSGNCDVVIGIINNTVYDPLQPELDSFKEELDKYFKNHTSPDVDLGDISGINASVVNIQKEIDRLNEVAKNLNESLIDLQELGKYEQYIKWPWYVWLGFIAGLIAIVMVTILLCCMTSCCSCLKGACSCGSCCKFDEDDSEPVLKGVKLHYT,15.78162341,0.14,Covid,0.32294024795630943,-0.13806314414618462,-0.3084468356285071,-1.6961518612005229,1.0291053150143896,-0.07501796513165565,1.086125907995326,0.7749524323024177,-1.361409162512731,0.8240034775509232,-0.024226320260794652,0.3507537700397823,0.2502633306420879,-0.43965381251185287,0.2661038873571564,0.010357216133525226,-0.14995395779646437,-0.10699236936740508,0.18796042944593164,-0.1137645108980705,0.02313905396014887,-0.33501209941529736,-0.23903162550629561,0.41992234817270785,-0.25416126519746784,0.12724186118153366,-1.8422344803443802,-1.314437010391618,2.3091566848514136,-1.3976350320837017,-0.07720138663855099,1.11773794469282,0.797507666965747,-1.4010334050511404,0.8479863583379953
SNNTIAIPTNFSISITTEVM,SARS-CoV,S protein,S protein,SDLDRCTTFDDVQAPNYTQHTSSMRGVYYPDEIFRSDTLYLTQDLFLPFYSNVTGFHTINHTFGNPVIPFKDGIYFAATEKSNVVRGWVFGSTMNNKSQSVIIINNSTNVVIRACNFELCDNPFFAVSKPMGTQTHTMIFDNAFNCTFEYISDAFSLDVSEKSGNFKHLREFVFKNKDGFLYVYKGYQPIDVVRDLPSGFNTLKPIFKLPLGINITNFRAILTAFSPAQDIWGTSAAAYFVGYLKPTTFMLKYDENGTITDAVDCSQNPLAELKCSVKSFEIDKGIYQTSNFRVVPSGDVVRFPNITNLCPFGEVFNATKFPSVYAWERKKISNCVADYSVLYNSTFFSTFKCYGVSATKLNDLCFSNVYADSFVVKGDDVRQIAPGQTGVIADYNYKLPDDFMGCVLAWNTRNIDATSTGNYNYKYRYLRHGKLRPFERDISNVPFSPDGKPCTPPALNCYWPLNDYGFYTTTGIGYQPYRVVVLSFELLNAPATVCGPKLSTDLIKNQCVNFNFNGLTGTGVLTPSSKRFQPFQQFGRDVSDFTDSVRDPKTSEILDISPCSFGGVSVITPGTNASSEVAVLYQDVNCTDVSTAIHADQLTPAWRIYSTGNNVFQTQAGCLIGAEHVDTSYECDIPIGAGICASYHTVSLLRSTSQKSIVAYTMSLGADSSIAYSNNTIAIPTNFSISITTEVMPVSMAKTSVDCNMYICGDSTECANLLLQYGSFCTQLNRALSGIAAEQDRNTREVFAQVKQMYKTPTLKYFGGFNFSQILPDPLKPTKRSFIEDLLFNKVTLADAGFMKQYGECLGDINARDLICAQKFNGLTVLPPLLTDDMIAAYTAALVSGTATAGWTFGAGAALQIPFAMQMAYRFNGIGVTQNVLYENQKQIANQFNKAISQIQESLTTTSTALGKLQDVVNQNAQALNTLVKQLSSNFGAISSVLNDILSRLDKVEAEVQIDRLITGRLQSLQTYVTQQLIRAAEIRASANLAATKMSECVLGQSKRVDFCGKGYHLMSFPQAAPHGVVFLHVTYVPSQERNFTTAPAICHEGKAYFPREGVFVFNGTSWFITQRNFFSPQIITTDNTFVSGNCDVVIGIINNTVYDPLQPELDSFKEELDKYFKNHTSPDVDLGDISGINASVVNIQKEIDRLNEVAKNLNESLIDLQELGKYEQYIKWPWYVWLGFIAGLIAIVMVTILLCCMTSCCSCLKGACSCGSCCKFDEDDSEPVLKGVKLHYT,8.185012292,278.801,Covid,-0.2904462776340755,-0.4108326717792868,0.3314698870543398,-1.5327282904993609,0.9239808320863224,-0.07501796513165565,1.086125907995326,0.7749524323024177,-1.361409162512731,0.8240034775509232,0.021788688728172252,-0.3154612270191728,-0.2250820493057101,0.39541622358874684,-0.23932874281219912,0.030819831046483465,-0.4462160086704236,-0.3183757782646591,0.5593113636199065,-0.33852755023766934,-0.0248661964292363,0.36001803205000293,0.2568733952077683,-0.4512661413328382,0.2731323396361877,0.11498215745298322,-1.6647359062287421,-1.1877915167812063,2.0866703383283047,-1.262973441512155,-0.06931516184376992,1.0035595202200338,0.7160411932261074,-1.2579159707884564,0.7613634188295253
FKLPLGINITNFRAILTAFS,SARS-CoV,S protein,S protein,SDLDRCTTFDDVQAPNYTQHTSSMRGVYYPDEIFRSDTLYLTQDLFLPFYSNVTGFHTINHTFGNPVIPFKDGIYFAATEKSNVVRGWVFGSTMNNKSQSVIIINNSTNVVIRACNFELCDNPFFAVSKPMGTQTHTMIFDNAFNCTFEYISDAFSLDVSEKSGNFKHLREFVFKNKDGFLYVYKGYQPIDVVRDLPSGFNTLKPIFKLPLGINITNFRAILTAFSPAQDIWGTSAAAYFVGYLKPTTFMLKYDENGTITDAVDCSQNPLAELKCSVKSFEIDKGIYQTSNFRVVPSGDVVRFPNITNLCPFGEVFNATKFPSVYAWERKKISNCVADYSVLYNSTFFSTFKCYGVSATKLNDLCFSNVYADSFVVKGDDVRQIAPGQTGVIADYNYKLPDDFMGCVLAWNTRNIDATSTGNYNYKYRYLRHGKLRPFERDISNVPFSPDGKPCTPPALNCYWPLNDYGFYTTTGIGYQPYRVVVLSFELLNAPATVCGPKLSTDLIKNQCVNFNFNGLTGTGVLTPSSKRFQPFQQFGRDVSDFTDSVRDPKTSEILDISPCSFGGVSVITPGTNASSEVAVLYQDVNCTDVSTAIHADQLTPAWRIYSTGNNVFQTQAGCLIGAEHVDTSYECDIPIGAGICASYHTVSLLRSTSQKSIVAYTMSLGADSSIAYSNNTIAIPTNFSISITTEVMPVSMAKTSVDCNMYICGDSTECANLLLQYGSFCTQLNRALSGIAAEQDRNTREVFAQVKQMYKTPTLKYFGGFNFSQILPDPLKPTKRSFIEDLLFNKVTLADAGFMKQYGECLGDINARDLICAQKFNGLTVLPPLLTDDMIAAYTAALVSGTATAGWTFGAGAALQIPFAMQMAYRFNGIGVTQNVLYENQKQIANQFNKAISQIQESLTTTSTALGKLQDVVNQNAQALNTLVKQLSSNFGAISSVLNDILSRLDKVEAEVQIDRLITGRLQSLQTYVTQQLIRAAEIRASANLAATKMSECVLGQSKRVDFCGKGYHLMSFPQAAPHGVVFLHVTYVPSQERNFTTAPAICHEGKAYFPREGVFVFNGTSWFITQRNFFSPQIITTDNTFVSGNCDVVIGIINNTVYDPLQPELDSFKEELDKYFKNHTSPDVDLGDISGINASVVNIQKEIDRLNEVAKNLNESLIDLQELGKYEQYIKWPWYVWLGFIAGLIAIVMVTILLCCMTSCCSCLKGACSCGSCCKFDEDDSEPVLKGVKLHYT,8.230383999999999,266.434,Covid,-1.0740083872361228,0.17127331291599374,-0.11973873749684605,-0.28936254767288405,1.1170103904194317,-0.07501796513165565,1.086125907995326,0.7749524323024177,-1.361409162512731,0.8240034775509232,0.08056992374478518,-1.1665083347814296,-0.8323054120018303,1.4621648589987788,-0.8849866460014237,-0.012848575416315166,0.1860243825062513,0.13272867043274245,-0.23317305749774392,0.14112980545444628,0.008982556434446867,-0.1300513449859759,-0.09279182586400156,0.1630134143359129,-0.09866513609495826,0.021707389511731463,-0.314284159831052,-0.2242422101363258,0.39394082368989125,-0.23843574555545125,-0.08379584652018199,1.213213924534519,0.8656299189626119,-1.520708180138937,0.9204204461661262
VLYNSTFFSTFKCYGVSATK,SARS-CoV,S protein,S protein,SDLDRCTTFDDVQAPNYTQHTSSMRGVYYPDEIFRSDTLYLTQDLFLPFYSNVTGFHTINHTFGNPVIPFKDGIYFAATEKSNVVRGWVFGSTMNNKSQSVIIINNSTNVVIRACNFELCDNPFFAVSKPMGTQTHTMIFDNAFNCTFEYISDAFSLDVSEKSGNFKHLREFVFKNKDGFLYVYKGYQPIDVVRDLPSGFNTLKPIFKLPLGINITNFRAILTAFSPAQDIWGTSAAAYFVGYLKPTTFMLKYDENGTITDAVDCSQNPLAELKCSVKSFEIDKGIYQTSNFRVVPSGDVVRFPNITNLCPFGEVFNATKFPSVYAWERKKISNCVADYSVLYNSTFFSTFKCYGVSATKLNDLCFSNVYADSFVVKGDDVRQIAPGQTGVIADYNYKLPDDFMGCVLAWNTRNIDATSTGNYNYKYRYLRHGKLRPFERDISNVPFSPDGKPCTPPALNCYWPLNDYGFYTTTGIGYQPYRVVVLSFELLNAPATVCGPKLSTDLIKNQCVNFNFNGLTGTGVLTPSSKRFQPFQQFGRDVSDFTDSVRDPKTSEILDISPCSFGGVSVITPGTNASSEVAVLYQDVNCTDVSTAIHADQLTPAWRIYSTGNNVFQTQAGCLIGAEHVDTSYECDIPIGAGICASYHTVSLLRSTSQKSIVAYTMSLGADSSIAYSNNTIAIPTNFSISITTEVMPVSMAKTSVDCNMYICGDSTECANLLLQYGSFCTQLNRALSGIAAEQDRNTREVFAQVKQMYKTPTLKYFGGFNFSQILPDPLKPTKRSFIEDLLFNKVTLADAGFMKQYGECLGDINARDLICAQKFNGLTVLPPLLTDDMIAAYTAALVSGTATAGWTFGAGAALQIPFAMQMAYRFNGIGVTQNVLYENQKQIANQFNKAISQIQESLTTTSTALGKLQDVVNQNAQALNTLVKQLSSNFGAISSVLNDILSRLDKVEAEVQIDRLITGRLQSLQTYVTQQLIRAAEIRASANLAATKMSECVLGQSKRVDFCGKGYHLMSFPQAAPHGVVFLHVTYVPSQERNFTTAPAICHEGKAYFPREGVFVFNGTSWFITQRNFFSPQIITTDNTFVSGNCDVVIGIINNTVYDPLQPELDSFKEELDKYFKNHTSPDVDLGDISGINASVVNIQKEIDRLNEVAKNLNESLIDLQELGKYEQYIKWPWYVWLGFIAGLIAIVMVTILLCCMTSCCSCLKGACSCGSCCKFDEDDSEPVLKGVKLHYT,8.244623488,262.66700000000003,Covid,-0.4256095390203094,0.19192868656647125,0.5510204163529491,-0.47227646110313315,-0.7772966311885369,-0.07501796513165565,1.086125907995326,0.7749524323024177,-1.361409162512731,0.8240034775509232,0.031928361557925604,-0.4622655470199057,-0.32982714747489955,0.5794287260750689,-0.3507037402315803,-0.014398099516608006,0.20845871896735893,0.14873560248329526,-0.26129347244062806,0.15814990517255345,-0.04133643038079591,0.5984775500353094,0.4270146119010088,-0.7501642435544847,0.4540427392763876,0.03542921909153657,-0.5129517001404598,-0.3659917922510512,0.6429615013848928,-0.389157446314425,0.05831121157545506,-0.8442420093313576,-0.602367914960032,1.058218755690353,-0.6404951271879717
GIGVTQNVLYENQKQIANQF,SARS-CoV,S protein,S protein,SDLDRCTTFDDVQAPNYTQHTSSMRGVYYPDEIFRSDTLYLTQDLFLPFYSNVTGFHTINHTFGNPVIPFKDGIYFAATEKSNVVRGWVFGSTMNNKSQSVIIINNSTNVVIRACNFELCDNPFFAVSKPMGTQTHTMIFDNAFNCTFEYISDAFSLDVSEKSGNFKHLREFVFKNKDGFLYVYKGYQPIDVVRDLPSGFNTLKPIFKLPLGINITNFRAILTAFSPAQDIWGTSAAAYFVGYLKPTTFMLKYDENGTITDAVDCSQNPLAELKCSVKSFEIDKGIYQTSNFRVVPSGDVVRFPNITNLCPFGEVFNATKFPSVYAWERKKISNCVADYSVLYNSTFFSTFKCYGVSATKLNDLCFSNVYADSFVVKGDDVRQIAPGQTGVIADYNYKLPDDFMGCVLAWNTRNIDATSTGNYNYKYRYLRHGKLRPFERDISNVPFSPDGKPCTPPALNCYWPLNDYGFYTTTGIGYQPYRVVVLSFELLNAPATVCGPKLSTDLIKNQCVNFNFNGLTGTGVLTPSSKRFQPFQQFGRDVSDFTDSVRDPKTSEILDISPCSFGGVSVITPGTNASSEVAVLYQDVNCTDVSTAIHADQLTPAWRIYSTGNNVFQTQAGCLIGAEHVDTSYECDIPIGAGICASYHTVSLLRSTSQKSIVAYTMSLGADSSIAYSNNTIAIPTNFSISITTEVMPVSMAKTSVDCNMYICGDSTECANLLLQYGSFCTQLNRALSGIAAEQDRNTREVFAQVKQMYKTPTLKYFGGFNFSQILPDPLKPTKRSFIEDLLFNKVTLADAGFMKQYGECLGDINARDLICAQKFNGLTVLPPLLTDDMIAAYTAALVSGTATAGWTFGAGAALQIPFAMQMAYRFNGIGVTQNVLYENQKQIANQFNKAISQIQESLTTTSTALGKLQDVVNQNAQALNTLVKQLSSNFGAISSVLNDILSRLDKVEAEVQIDRLITGRLQSLQTYVTQQLIRAAEIRASANLAATKMSECVLGQSKRVDFCGKGYHLMSFPQAAPHGVVFLHVTYVPSQERNFTTAPAICHEGKAYFPREGVFVFNGTSWFITQRNFFSPQIITTDNTFVSGNCDVVIGIINNTVYDPLQPELDSFKEELDKYFKNHTSPDVDLGDISGINASVVNIQKEIDRLNEVAKNLNESLIDLQELGKYEQYIKWPWYVWLGFIAGLIAIVMVTILLCCMTSCCSCLKGACSCGSCCKFDEDDSEPVLKGVKLHYT,8.245110916,262.539,Covid,0.03904423499784741,0.1928675671869478,-0.4038629518832817,-1.4710088718572525,0.7914774911966461,-0.07501796513165565,1.086125907995326,0.7749524323024177,-1.361409162512731,0.8240034775509232,-0.0029290190596606863,0.04240695518901991,0.030257424878969034,-0.053155179269369704,0.03217258541654173,-0.014468532430257704,0.20947846153377325,0.14946319030377517,-0.26257167311985047,0.15892354606883133,0.03029697684234755,-0.438646015319902,-0.31297457687878344,0.5498227230933379,-0.33278447680580525,0.11035209225734348,-1.5977008466151386,-1.1399619031842134,2.002644956283979,-1.2121164259186363,-0.05937503083708029,0.85964420878382,0.6133574069154564,-1.0775247084377033,0.6521802051493166
PALNCYWPLNDYGFYTTSGI,SARS-CoV,S protein,S protein,SDLDRCTTFDDVQAPNYTQHTSSMRGVYYPDEIFRSDTLYLTQDLFLPFYSNVTGFHTINHTFGNPVIPFKDGIYFAATEKSNVVRGWVFGSTMNNKSQSVIIINNSTNVVIRACNFELCDNPFFAVSKPMGTQTHTMIFDNAFNCTFEYISDAFSLDVSEKSGNFKHLREFVFKNKDGFLYVYKGYQPIDVVRDLPSGFNTLKPIFKLPLGINITNFRAILTAFSPAQDIWGTSAAAYFVGYLKPTTFMLKYDENGTITDAVDCSQNPLAELKCSVKSFEIDKGIYQTSNFRVVPSGDVVRFPNITNLCPFGEVFNATKFPSVYAWERKKISNCVADYSVLYNSTFFSTFKCYGVSATKLNDLCFSNVYADSFVVKGDDVRQIAPGQTGVIADYNYKLPDDFMGCVLAWNTRNIDATSTGNYNYKYRYLRHGKLRPFERDISNVPFSPDGKPCTPPALNCYWPLNDYGFYTTTGIGYQPYRVVVLSFELLNAPATVCGPKLSTDLIKNQCVNFNFNGLTGTGVLTPSSKRFQPFQQFGRDVSDFTDSVRDPKTSEILDISPCSFGGVSVITPGTNASSEVAVLYQDVNCTDVSTAIHADQLTPAWRIYSTGNNVFQTQAGCLIGAEHVDTSYECDIPIGAGICASYHTVSLLRSTSQKSIVAYTMSLGADSSIAYSNNTIAIPTNFSISITTEVMPVSMAKTSVDCNMYICGDSTECANLLLQYGSFCTQLNRALSGIAAEQDRNTREVFAQVKQMYKTPTLKYFGGFNFSQILPDPLKPTKRSFIEDLLFNKVTLADAGFMKQYGECLGDINARDLICAQKFNGLTVLPPLLTDDMIAAYTAALVSGTATAGWTFGAGAALQIPFAMQMAYRFNGIGVTQNVLYENQKQIANQFNKAISQIQESLTTTSTALGKLQDVVNQNAQALNTLVKQLSSNFGAISSVLNDILSRLDKVEAEVQIDRLITGRLQSLQTYVTQQLIRAAEIRASANLAATKMSECVLGQSKRVDFCGKGYHLMSFPQAAPHGVVFLHVTYVPSQERNFTTAPAICHEGKAYFPREGVFVFNGTSWFITQRNFFSPQIITTDNTFVSGNCDVVIGIINNTVYDPLQPELDSFKEELDKYFKNHTSPDVDLGDISGINASVVNIQKEIDRLNEVAKNLNESLIDLQELGKYEQYIKWPWYVWLGFIAGLIAIVMVTILLCCMTSCCSCLKGACSCGSCCKFDEDDSEPVLKGVKLHYT,8.261272721000001,258.33,Covid,-0.7045942066502586,0.7853012387074669,1.3250974663432662,-0.38586927500418106,-0.16549108189546238,-0.07501796513165565,1.086125907995326,0.7749524323024177,-1.361409162512731,0.8240034775509232,0.05285722362645568,-0.7652780224662585,-0.5460269942298103,0.9592410087870507,-0.5805880765420469,-0.05891170094320274,0.8529360209410018,0.6085711050264531,-1.0691163017089427,0.6470909516200004,-0.09940611552618439,1.439222688814386,1.0268875045804853,-1.8039998319021278,1.0918849203607688,0.0289471278176409,-0.4191026166814143,-0.2990303332152606,0.5253259665228368,-0.31795762448349874,0.012414804211233766,-0.17974415158883794,-0.12824771643924718,0.2253010752066272,-0.13636522698552564
YQDVNCTDVSTAIHADQLTP,SARS-CoV,S protein,S protein,SDLDRCTTFDDVQAPNYTQHTSSMRGVYYPDEIFRSDTLYLTQDLFLPFYSNVTGFHTINHTFGNPVIPFKDGIYFAATEKSNVVRGWVFGSTMNNKSQSVIIINNSTNVVIRACNFELCDNPFFAVSKPMGTQTHTMIFDNAFNCTFEYISDAFSLDVSEKSGNFKHLREFVFKNKDGFLYVYKGYQPIDVVRDLPSGFNTLKPIFKLPLGINITNFRAILTAFSPAQDIWGTSAAAYFVGYLKPTTFMLKYDENGTITDAVDCSQNPLAELKCSVKSFEIDKGIYQTSNFRVVPSGDVVRFPNITNLCPFGEVFNATKFPSVYAWERKKISNCVADYSVLYNSTFFSTFKCYGVSATKLNDLCFSNVYADSFVVKGDDVRQIAPGQTGVIADYNYKLPDDFMGCVLAWNTRNIDATSTGNYNYKYRYLRHGKLRPFERDISNVPFSPDGKPCTPPALNCYWPLNDYGFYTTTGIGYQPYRVVVLSFELLNAPATVCGPKLSTDLIKNQCVNFNFNGLTGTGVLTPSSKRFQPFQQFGRDVSDFTDSVRDPKTSEILDISPCSFGGVSVITPGTNASSEVAVLYQDVNCTDVSTAIHADQLTPAWRIYSTGNNVFQTQAGCLIGAEHVDTSYECDIPIGAGICASYHTVSLLRSTSQKSIVAYTMSLGADSSIAYSNNTIAIPTNFSISITTEVMPVSMAKTSVDCNMYICGDSTECANLLLQYGSFCTQLNRALSGIAAEQDRNTREVFAQVKQMYKTPTLKYFGGFNFSQILPDPLKPTKRSFIEDLLFNKVTLADAGFMKQYGECLGDINARDLICAQKFNGLTVLPPLLTDDMIAAYTAALVSGTATAGWTFGAGAALQIPFAMQMAYRFNGIGVTQNVLYENQKQIANQFNKAISQIQESLTTTSTALGKLQDVVNQNAQALNTLVKQLSSNFGAISSVLNDILSRLDKVEAEVQIDRLITGRLQSLQTYVTQQLIRAAEIRASANLAATKMSECVLGQSKRVDFCGKGYHLMSFPQAAPHGVVFLHVTYVPSQERNFTTAPAICHEGKAYFPREGVFVFNGTSWFITQRNFFSPQIITTDNTFVSGNCDVVIGIINNTVYDPLQPELDSFKEELDKYFKNHTSPDVDLGDISGINASVVNIQKEIDRLNEVAKNLNESLIDLQELGKYEQYIKWPWYVWLGFIAGLIAIVMVTILLCCMTSCCSCLKGACSCGSCCKFDEDDSEPVLKGVKLHYT,9.693161799,61.70399999999999,Covid,0.3627626510581163,0.015419129916934223,0.7616920639519822,-1.3116605546358084,0.6900551808860295,-0.07501796513165565,1.086125907995326,0.7749524323024177,-1.361409162512731,0.8240034775509232,-0.027213715908144732,0.39400591376728816,0.28112379878596044,-0.4938683969679281,0.2989176859974799,-0.0011567117504690401,0.01674711648152808,0.011949092233115152,-0.020991744746888415,0.012705416672363277,-0.05714058869460863,0.8272934845726806,0.5902751176250373,-1.0369745548774616,0.6276369095193735,0.09839810575223719,-1.4246285108854704,-1.016474537170158,1.78570669718772,-1.0808128583862788,-0.05176653549862649,0.7494868099067177,0.5347599408505134,-0.9394474458976204,0.5686078687521197
PTTFMLKYDENGTITDAVDC,SARS-CoV,S protein,S protein,SDLDRCTTFDDVQAPNYTQHTSSMRGVYYPDEIFRSDTLYLTQDLFLPFYSNVTGFHTINHTFGNPVIPFKDGIYFAATEKSNVVRGWVFGSTMNNKSQSVIIINNSTNVVIRACNFELCDNPFFAVSKPMGTQTHTMIFDNAFNCTFEYISDAFSLDVSEKSGNFKHLREFVFKNKDGFLYVYKGYQPIDVVRDLPSGFNTLKPIFKLPLGINITNFRAILTAFSPAQDIWGTSAAAYFVGYLKPTTFMLKYDENGTITDAVDCSQNPLAELKCSVKSFEIDKGIYQTSNFRVVPSGDVVRFPNITNLCPFGEVFNATKFPSVYAWERKKISNCVADYSVLYNSTFFSTFKCYGVSATKLNDLCFSNVYADSFVVKGDDVRQIAPGQTGVIADYNYKLPDDFMGCVLAWNTRNIDATSTGNYNYKYRYLRHGKLRPFERDISNVPFSPDGKPCTPPALNCYWPLNDYGFYTTTGIGYQPYRVVVLSFELLNAPATVCGPKLSTDLIKNQCVNFNFNGLTGTGVLTPSSKRFQPFQQFGRDVSDFTDSVRDPKTSEILDISPCSFGGVSVITPGTNASSEVAVLYQDVNCTDVSTAIHADQLTPAWRIYSTGNNVFQTQAGCLIGAEHVDTSYECDIPIGAGICASYHTVSLLRSTSQKSIVAYTMSLGADSSIAYSNNTIAIPTNFSISITTEVMPVSMAKTSVDCNMYICGDSTECANLLLQYGSFCTQLNRALSGIAAEQDRNTREVFAQVKQMYKTPTLKYFGGFNFSQILPDPLKPTKRSFIEDLLFNKVTLADAGFMKQYGECLGDINARDLICAQKFNGLTVLPPLLTDDMIAAYTAALVSGTATAGWTFGAGAALQIPFAMQMAYRFNGIGVTQNVLYENQKQIANQFNKAISQIQESLTTTSTALGKLQDVVNQNAQALNTLVKQLSSNFGAISSVLNDILSRLDKVEAEVQIDRLITGRLQSLQTYVTQQLIRAAEIRASANLAATKMSECVLGQSKRVDFCGKGYHLMSFPQAAPHGVVFLHVTYVPSQERNFTTAPAICHEGKAYFPREGVFVFNGTSWFITQRNFFSPQIITTDNTFVSGNCDVVIGIINNTVYDPLQPELDSFKEELDKYFKNHTSPDVDLGDISGINASVVNIQKEIDRLNEVAKNLNESLIDLQELGKYEQYIKWPWYVWLGFIAGLIAIVMVTILLCCMTSCCSCLKGACSCGSCCKFDEDDSEPVLKGVKLHYT,9.720866041,60.018,Covid,0.12803072381084848,-0.011808408076876992,0.8085079856406564,-1.332981808348537,-0.23910404905639374,-0.07501796513165565,1.086125907995326,0.7749524323024177,-1.361409162512731,0.8240034775509232,-0.009604604374622867,0.13905748615035662,0.0992177208266561,-0.17430220047922598,0.10549776165350093,0.0008858427453715191,-0.012825417944477365,-0.00915095456079534,0.016076074950549673,-0.00973016931968705,-0.06065262387545591,0.87814147002543,0.6265552300081549,-1.1007101796159011,0.6662133917955927,0.09999758281982184,-1.4477860769338065,-1.032997494594574,1.8147336473484874,-1.0983816455913127,0.017937099214950226,-0.2596971023867346,-0.18529426438960894,0.3255184431792679,-0.19702256791897496
QYGSFCTQLNRALSGIAAEQ,SARS-CoV,S protein,S protein,SDLDRCTTFDDVQAPNYTQHTSSMRGVYYPDEIFRSDTLYLTQDLFLPFYSNVTGFHTINHTFGNPVIPFKDGIYFAATEKSNVVRGWVFGSTMNNKSQSVIIINNSTNVVIRACNFELCDNPFFAVSKPMGTQTHTMIFDNAFNCTFEYISDAFSLDVSEKSGNFKHLREFVFKNKDGFLYVYKGYQPIDVVRDLPSGFNTLKPIFKLPLGINITNFRAILTAFSPAQDIWGTSAAAYFVGYLKPTTFMLKYDENGTITDAVDCSQNPLAELKCSVKSFEIDKGIYQTSNFRVVPSGDVVRFPNITNLCPFGEVFNATKFPSVYAWERKKISNCVADYSVLYNSTFFSTFKCYGVSATKLNDLCFSNVYADSFVVKGDDVRQIAPGQTGVIADYNYKLPDDFMGCVLAWNTRNIDATSTGNYNYKYRYLRHGKLRPFERDISNVPFSPDGKPCTPPALNCYWPLNDYGFYTTTGIGYQPYRVVVLSFELLNAPATVCGPKLSTDLIKNQCVNFNFNGLTGTGVLTPSSKRFQPFQQFGRDVSDFTDSVRDPKTSEILDISPCSFGGVSVITPGTNASSEVAVLYQDVNCTDVSTAIHADQLTPAWRIYSTGNNVFQTQAGCLIGAEHVDTSYECDIPIGAGICASYHTVSLLRSTSQKSIVAYTMSLGADSSIAYSNNTIAIPTNFSISITTEVMPVSMAKTSVDCNMYICGDSTECANLLLQYGSFCTQLNRALSGIAAEQDRNTREVFAQVKQMYKTPTLKYFGGFNFSQILPDPLKPTKRSFIEDLLFNKVTLADAGFMKQYGECLGDINARDLICAQKFNGLTVLPPLLTDDMIAAYTAALVSGTATAGWTFGAGAALQIPFAMQMAYRFNGIGVTQNVLYENQKQIANQFNKAISQIQESLTTTSTALGKLQDVVNQNAQALNTLVKQLSSNFGAISSVLNDILSRLDKVEAEVQIDRLITGRLQSLQTYVTQQLIRAAEIRASANLAATKMSECVLGQSKRVDFCGKGYHLMSFPQAAPHGVVFLHVTYVPSQERNFTTAPAICHEGKAYFPREGVFVFNGTSWFITQRNFFSPQIITTDNTFVSGNCDVVIGIINNTVYDPLQPELDSFKEELDKYFKNHTSPDVDLGDISGINASVVNIQKEIDRLNEVAKNLNESLIDLQELGKYEQYIKWPWYVWLGFIAGLIAIVMVTILLCCMTSCCSCLKGACSCGSCCKFDEDDSEPVLKGVKLHYT,11.18693656,13.854000000000001,Covid,0.24443467133920666,-0.2643672949849905,0.31129061046439405,-1.1253801274614446,0.3906957810982416,-0.07501796513165565,1.086125907995326,0.7749524323024177,-1.361409162512731,0.8240034775509232,-0.018336991651492315,0.26548682935383494,0.18942524309336028,-0.33277560119698396,0.20141501921752325,0.01983229651713414,-0.287136168309841,-0.20487207826982914,0.35991205766127204,-0.2178395704183629,-0.023352388161629715,0.3381007969410593,0.2412354157322866,-0.42379388929040746,0.2565045455516105,0.08442372716176084,-1.2223045127789571,-0.8721160670410514,1.5321028168357556,-0.9273171385949315,-0.029309202483512858,0.4243448099952708,0.3027706458523753,-0.5318968161422143,0.32193468228942534
